chain_length	codes	glyphs
12	M268~b/M268~c M269~b/M269~a/M269/M269~a1/M269~1/M269~c/M269~2/M269~a2/M269~3 M106~a/M106/M106~b M009/M009~a/M009~g M206~g/M206~d/M206~fa/M206~b/M206~f M102~e/M102~d/M102~a/M102~da M309~a/M309~d/M309 M362+M059~d/M362+M059 M367/M367~a/M367~c/M367~i/M367~e/M367~g/M367~d/M367~a1/M153/M362/M362~a/M362~b M346/M346~a/M346~b/M346~d/M346~1/M346~c/M346~a2 M005~a/M006/M006@g/M006@g~1/M006~b M362/M362~a/M362~b/M153/M367/M367~a/M367~c/M367~i/M367~e/M367~g/M367~d/M367~a1	𜃦/𜃧 𜃳/𜃯/𜃪/𜃰/𜃫/𜃴/𜃬/𜃱/𜃭 𛺉/𛺄/𛺊 𛵓/𛵔/𛵙 𛿃/𛾿/𛿂/𛾾/𛿁 𛹱/𛹮/𛹬/𛹰 𜆾/𜇁/𜆽 𜉴/𜉳 𜊊/𜊋/𜊏/𜊔/𜊑/𜊓/𜊐/𜊌/𛽆/𜉮/𜊁/𜊂 𜈽/𜈿/𜉄/𜉆/𜈾/𜉅/𜉁 𛵈/𛵉/𛵊/𛵋/𛵍 𜉮/𜊁/𜊂/𛽆/𜊊/𜊋/𜊏/𜊔/𜊑/𜊓/𜊐/𜊌
12	M362+M244 M269~b/M269~a/M269/M269~a1/M269~1/M269~c/M269~2/M269~a2/M269~3 M106~a/M106/M106~b M009/M009~a/M009~g M206~g/M206~d/M206~fa/M206~b/M206~f M102~e/M102~d/M102~a/M102~da M309~a/M309~d/M309 M362+M059~d/M362+M059 M367/M367~a/M367~c/M367~i/M367~e/M367~g/M367~d/M367~a1/M153/M362/M362~a/M362~b M346/M346~a/M346~b/M346~d/M346~1/M346~c/M346~a2 M005~a/M006/M006@g/M006@g~1/M006~b M362/M362~a/M362~b/M153/M367/M367~a/M367~c/M367~i/M367~e/M367~g/M367~d/M367~a1	𜉹 𜃳/𜃯/𜃪/𜃰/𜃫/𜃴/𜃬/𜃱/𜃭 𛺉/𛺄/𛺊 𛵓/𛵔/𛵙 𛿃/𛾿/𛿂/𛾾/𛿁 𛹱/𛹮/𛹬/𛹰 𜆾/𜇁/𜆽 𜉴/𜉳 𜊊/𜊋/𜊏/𜊔/𜊑/𜊓/𜊐/𜊌/𛽆/𜉮/𜊁/𜊂 𜈽/𜈿/𜉄/𜉆/𜈾/𜉅/𜉁 𛵈/𛵉/𛵊/𛵋/𛵍 𜉮/𜊁/𜊂/𛽆/𜊊/𜊋/𜊏/𜊔/𜊑/𜊓/𜊐/𜊌
11	M260/M260~1 M106~a/M106/M106~b M009/M009~a/M009~g M206~g/M206~d/M206~fa/M206~b/M206~f M102~e/M102~d/M102~a/M102~da M309~a/M309~d/M309 M362+M059~d/M362+M059 M367/M367~a/M367~c/M367~i/M367~e/M367~g/M367~d/M367~a1/M153/M362/M362~a/M362~b M346/M346~a/M346~b/M346~d/M346~1/M346~c/M346~a2 M005~a/M006/M006@g/M006@g~1/M006~b M362/M362~a/M362~b/M153/M367/M367~a/M367~c/M367~i/M367~e/M367~g/M367~d/M367~a1	𜂧/𜂨 𛺉/𛺄/𛺊 𛵓/𛵔/𛵙 𛿃/𛾿/𛿂/𛾾/𛿁 𛹱/𛹮/𛹬/𛹰 𜆾/𜇁/𜆽 𜉴/𜉳 𜊊/𜊋/𜊏/𜊔/𜊑/𜊓/𜊐/𜊌/𛽆/𜉮/𜊁/𜊂 𜈽/𜈿/𜉄/𜉆/𜈾/𜉅/𜉁 𛵈/𛵉/𛵊/𛵋/𛵍 𜉮/𜊁/𜊂/𛽆/𜊊/𜊋/𜊏/𜊔/𜊑/𜊓/𜊐/𜊌
10	M101 M009/M009~a/M009~g M206~g/M206~d/M206~fa/M206~b/M206~f M102~e/M102~d/M102~a/M102~da M309~a/M309~d/M309 M362+M059~d/M362+M059 M367/M367~a/M367~c/M367~i/M367~e/M367~g/M367~d/M367~a1/M153/M362/M362~a/M362~b M346/M346~a/M346~b/M346~d/M346~1/M346~c/M346~a2 M005~a/M006/M006@g/M006@g~1/M006~b M362/M362~a/M362~b/M153/M367/M367~a/M367~c/M367~i/M367~e/M367~g/M367~d/M367~a1	𛹪 𛵓/𛵔/𛵙 𛿃/𛾿/𛿂/𛾾/𛿁 𛹱/𛹮/𛹬/𛹰 𜆾/𜇁/𜆽 𜉴/𜉳 𜊊/𜊋/𜊏/𜊔/𜊑/𜊓/𜊐/𜊌/𛽆/𜉮/𜊁/𜊂 𜈽/𜈿/𜉄/𜉆/𜈾/𜉅/𜉁 𛵈/𛵉/𛵊/𛵋/𛵍 𜉮/𜊁/𜊂/𛽆/𜊊/𜊋/𜊏/𜊔/𜊑/𜊓/𜊐/𜊌
9	M175+M288 M292/M292~f/M292~i/M292~c/M292~a/M292~h M102~e/M102~d/M102~a/M102~da M309~a/M309~d/M309 M362+M059~d/M362+M059 M367/M367~a/M367~c/M367~i/M367~e/M367~g/M367~d/M367~a1/M153/M362/M362~a/M362~b M346/M346~a/M346~b/M346~d/M346~1/M346~c/M346~a2 M005~a/M006/M006@g/M006@g~1/M006~b M362/M362~a/M362~b/M153/M367/M367~a/M367~c/M367~i/M367~e/M367~g/M367~d/M367~a1	𛾄 𜅊/𜅏/𜅑/𜅌/𜅋/𜅐 𛹱/𛹮/𛹬/𛹰 𜆾/𜇁/𜆽 𜉴/𜉳 𜊊/𜊋/𜊏/𜊔/𜊑/𜊓/𜊐/𜊌/𛽆/𜉮/𜊁/𜊂 𜈽/𜈿/𜉄/𜉆/𜈾/𜉅/𜉁 𛵈/𛵉/𛵊/𛵋/𛵍 𜉮/𜊁/𜊂/𛽆/𜊊/𜊋/𜊏/𜊔/𜊑/𜊓/𜊐/𜊌
9	M145/M145~a/M145~f/M145~e/M145~b M206~g/M206~d/M206~fa/M206~b/M206~f M102~e/M102~d/M102~a/M102~da M309~a/M309~d/M309 M362+M059~d/M362+M059 M367/M367~a/M367~c/M367~i/M367~e/M367~g/M367~d/M367~a1/M153/M362/M362~a/M362~b M346/M346~a/M346~b/M346~d/M346~1/M346~c/M346~a2 M005~a/M006/M006@g/M006@g~1/M006~b M362/M362~a/M362~b/M153/M367/M367~a/M367~c/M367~i/M367~e/M367~g/M367~d/M367~a1	𛼙/𛼚/𛼠/𛼟/𛼛 𛿃/𛾿/𛿂/𛾾/𛿁 𛹱/𛹮/𛹬/𛹰 𜆾/𜇁/𜆽 𜉴/𜉳 𜊊/𜊋/𜊏/𜊔/𜊑/𜊓/𜊐/𜊌/𛽆/𜉮/𜊁/𜊂 𜈽/𜈿/𜉄/𜉆/𜈾/𜉅/𜉁 𛵈/𛵉/𛵊/𛵋/𛵍 𜉮/𜊁/𜊂/𛽆/𜊊/𜊋/𜊏/𜊔/𜊑/𜊓/𜊐/𜊌
7	M260+N24 M228~ga/M228/M228~d M036+N30D/M036+N14 M297/M297~b/M297~d/M297~bc M218/M218~b/M242~ab/M242~b/M242~n/M388/M124/M047 M288/M288~d/M288~a/M288~f/M288~e M124/M242~ab/M242~b/M242~n/M388/M218/M218~b/M047	𜂮 𜀫/𜀢/𜀩 𛶔/𛶏 𜅸/𜅻/𜆀/𜅽 𛿺/𜀄/𜀻/𜀼/𜁂/𜌓/𛻃/𛷊 𜄱/𜄸/𜄵/𜄺/𜄹 𛻃/𜀻/𜀼/𜁂/𜌓/𛿺/𜀄/𛷊
6	M073~b/M073~a M318~a1/M318/M318~a/M318~e M297/M297~b/M297~d/M297~bc M218/M218~b/M242~ab/M242~b/M242~n/M388/M124/M047 M288/M288~d/M288~a/M288~f/M288~e M124/M242~ab/M242~b/M242~n/M388/M218/M218~b/M047	𛸪/𛸩 𜇫/𜇩/𜇪/𜇯 𜅸/𜅻/𜆀/𜅽 𛿺/𜀄/𜀻/𜀼/𜁂/𜌓/𛻃/𛷊 𜄱/𜄸/𜄵/𜄺/𜄹 𛻃/𜀻/𜀼/𜁂/𜌓/𛿺/𜀄/𛷊
6	M285~c M386~a/M386~d/M386 M219/M219~s M371/M371~c/M371~a/M371~d M124/M242~ab/M242~b/M242~n/M388/M218/M218~b/M047 M288/M288~d/M288~a/M288~f/M288~e	𜄧 𜋺/𜋻/𜋸 𜀈/𜀋 𜊩/𜊬/𜊪/𜊭 𛻃/𜀻/𜀼/𜁂/𜌓/𛿺/𜀄/𛷊 𜄱/𜄸/𜄵/𜄺/𜄹
6	M052~a M248~c/M248~a/M248~g/M248 M297/M297~b/M297~d/M297~bc M218/M218~b/M242~ab/M242~b/M242~n/M388/M124/M047 M288/M288~d/M288~a/M288~f/M288~e M124/M242~ab/M242~b/M242~n/M388/M218/M218~b/M047	𛷦 𜁫/𜁩/𜁰/𜁨 𜅸/𜅻/𜆀/𜅽 𛿺/𜀄/𜀻/𜀼/𜁂/𜌓/𛻃/𛷊 𜄱/𜄸/𜄵/𜄺/𜄹 𛻃/𜀻/𜀼/𜁂/𜌓/𛿺/𜀄/𛷊
5	M302~t/M302~s/M302~i M297/M297~b/M297~d/M297~bc M218/M218~b/M242~ab/M242~b/M242~n/M388/M124/M047 M288/M288~d/M288~a/M288~f/M288~e M124/M242~ab/M242~b/M242~n/M388/M218/M218~b/M047	𜆚/𜆙/𜆔 𜅸/𜅻/𜆀/𜅽 𛿺/𜀄/𜀻/𜀼/𜁂/𜌓/𛻃/𛷊 𜄱/𜄸/𜄵/𜄺/𜄹 𛻃/𜀻/𜀼/𜁂/𜌓/𛿺/𜀄/𛷊
5	M036+N14/M036+N30D M297/M297~b/M297~d/M297~bc M218/M218~b/M242~ab/M242~b/M242~n/M388/M124/M047 M288/M288~d/M288~a/M288~f/M288~e M124/M242~ab/M242~b/M242~n/M388/M218/M218~b/M047	𛶏/𛶔 𜅸/𜅻/𜆀/𜅽 𛿺/𜀄/𜀻/𜀼/𜁂/𜌓/𛻃/𛷊 𜄱/𜄸/𜄵/𜄺/𜄹 𛻃/𜀻/𜀼/𜁂/𜌓/𛿺/𜀄/𛷊
5	M033 M001/M001~b/M059/M059~d/M059~a M054/M054~i/M054~b/M054~c M288/M288~d/M288~a/M288~f/M288~e M124/M242~ab/M242~b/M242~n/M388/M218/M218~b/M047	𛶈 𛴺/𛴽/𛸅/𛸉/𛸇 𛷪/𛷰/𛷮/𛷯 𜄱/𜄸/𜄵/𜄺/𜄹 𛻃/𜀻/𜀼/𜁂/𜌓/𛿺/𜀄/𛷊
5	M139 M352~n/M352~o/M352~c/M352~h/M352~s M218/M218~b/M242~ab/M242~b/M242~n/M388/M124/M047 M288/M288~d/M288~a/M288~f/M288~e M124/M242~ab/M242~b/M242~n/M388/M218/M218~b/M047	𛼌 𜉚/𜉜/𜉗/𜉙/𜉞 𛿺/𜀄/𜀻/𜀼/𜁂/𜌓/𛻃/𛷊 𜄱/𜄸/𜄵/𜄺/𜄹 𛻃/𜀻/𜀼/𜁂/𜌓/𛿺/𜀄/𛷊
5	M296 M024/M024~1 M371/M371~c/M371~a/M371~d M124/M242~ab/M242~b/M242~n/M388/M218/M218~b/M047 M288/M288~d/M288~a/M288~f/M288~e	𜅴 𛵮/𛵯 𜊩/𜊬/𜊪/𜊭 𛻃/𜀻/𜀼/𜁂/𜌓/𛿺/𜀄/𛷊 𜄱/𜄸/𜄵/𜄺/𜄹
5	M048~c/M048~d/M048~k/M048~i/M048~e/M262/M262~1/M262~ba M297/M297~b/M297~d/M297~bc M218/M218~b/M242~ab/M242~b/M242~n/M388/M124/M047 M288/M288~d/M288~a/M288~f/M288~e M124/M242~ab/M242~b/M242~n/M388/M218/M218~b/M047	𛷋/𛷌/𛷐/𛷏/𛷍/𜂼/𜂽/𜃀 𜅸/𜅻/𜆀/𜅽 𛿺/𜀄/𜀻/𜀼/𜁂/𜌓/𛻃/𛷊 𜄱/𜄸/𜄵/𜄺/𜄹 𛻃/𜀻/𜀼/𜁂/𜌓/𛿺/𜀄/𛷊
5	M327+M342 M157/M157~a/M377+M320+M377 M388/M242~ab/M242~b/M242~n/M218/M218~b/M124/M047 M288/M288~d/M288~a/M288~f/M288~e M124/M242~ab/M242~b/M242~n/M388/M218/M218~b/M047	𜈟 𛽔/𛽤/𜋁 𜌓/𜀻/𜀼/𜁂/𛿺/𜀄/𛻃/𛷊 𜄱/𜄸/𜄵/𜄺/𜄹 𛻃/𜀻/𜀼/𜁂/𜌓/𛿺/𜀄/𛷊
5	M383/M383~e/M383~c/M383~a/M383~j/M383~d M210/M210~g/M210~d/M210~f/M210~b/M210~m/M210~h M054/M054~i/M054~b/M054~c M288/M288~d/M288~a/M288~f/M288~e M124/M242~ab/M242~b/M242~n/M388/M218/M218~b/M047	𜋜/𜋡/𜋟/𜋝/𜋤/𜋠 𛿙/𛿡/𛿞/𛿠/𛿛/𛿣/𛿢 𛷪/𛷰/𛷮/𛷯 𜄱/𜄸/𜄵/𜄺/𜄹 𛻃/𜀻/𜀼/𜁂/𜌓/𛿺/𜀄/𛷊
5	M004 M377/M377~e/M066/M066~a M218/M218~b/M242~ab/M242~b/M242~n/M388/M124/M047 M288/M288~d/M288~a/M288~f/M288~e M124/M242~ab/M242~b/M242~n/M388/M218/M218~b/M047	𛵅 𜋀/𜋅/𛸗/𛸘 𛿺/𜀄/𜀻/𜀼/𜁂/𜌓/𛻃/𛷊 𜄱/𜄸/𜄵/𜄺/𜄹 𛻃/𜀻/𜀼/𜁂/𜌓/𛿺/𜀄/𛷊
5	M262/M262~1/M262~ba/M048~c/M048~d/M048~k/M048~i/M048~e M297/M297~b/M297~d/M297~bc M218/M218~b/M242~ab/M242~b/M242~n/M388/M124/M047 M288/M288~d/M288~a/M288~f/M288~e M124/M242~ab/M242~b/M242~n/M388/M218/M218~b/M047	𜂼/𜂽/𜃀/𛷋/𛷌/𛷐/𛷏/𛷍 𜅸/𜅻/𜆀/𜅽 𛿺/𜀄/𜀻/𜀼/𜁂/𜌓/𛻃/𛷊 𜄱/𜄸/𜄵/𜄺/𜄹 𛻃/𜀻/𜀼/𜁂/𜌓/𛿺/𜀄/𛷊
5	M096/M096~d M390 M254~a/M254~c/M254 M124/M242~ab/M242~b/M242~n/M388/M218/M218~b/M047 M288/M288~d/M288~a/M288~f/M288~e	𛹜/𛹣 𜌕 𜂕/𜂗/𜂔 𛻃/𜀻/𜀼/𜁂/𜌓/𛿺/𜀄/𛷊 𜄱/𜄸/𜄵/𜄺/𜄹
5	M103~2/M103~3/M103/M103~1 M029~b/M029~a M218/M218~b/M242~ab/M242~b/M242~n/M388/M124/M047 M288/M288~d/M288~a/M288~f/M288~e M124/M242~ab/M242~b/M242~n/M388/M218/M218~b/M047	𛹺/𛹻/𛹸/𛹹 𛵹/𛵸 𛿺/𜀄/𜀻/𜀼/𜁂/𜌓/𛻃/𛷊 𜄱/𜄸/𜄵/𜄺/𜄹 𛻃/𜀻/𜀼/𜁂/𜌓/𛿺/𜀄/𛷊
5	M243~j/M243/M243~e/M243~aa/M243~b/M243~ee M297/M297~b/M297~d/M297~bc M218/M218~b/M242~ab/M242~b/M242~n/M388/M124/M047 M288/M288~d/M288~a/M288~f/M288~e M124/M242~ab/M242~b/M242~n/M388/M218/M218~b/M047	𜁏/𜁃/𜁈/𜁄/𜁆/𜁉 𜅸/𜅻/𜆀/𜅽 𛿺/𜀄/𜀻/𜀼/𜁂/𜌓/𛻃/𛷊 𜄱/𜄸/𜄵/𜄺/𜄹 𛻃/𜀻/𜀼/𜁂/𜌓/𛿺/𜀄/𛷊
5	M328~b/M328~c M219/M219~s M371/M371~c/M371~a/M371~d M124/M242~ab/M242~b/M242~n/M388/M218/M218~b/M047 M288/M288~d/M288~a/M288~f/M288~e	𜈧/𜈨 𜀈/𜀋 𜊩/𜊬/𜊪/𜊭 𛻃/𜀻/𜀼/𜁂/𜌓/𛿺/𜀄/𛷊 𜄱/𜄸/𜄵/𜄺/𜄹
5	M304/M304~b/M304~a M297/M297~b/M297~d/M297~bc M218/M218~b/M242~ab/M242~b/M242~n/M388/M124/M047 M288/M288~d/M288~a/M288~f/M288~e M124/M242~ab/M242~b/M242~n/M388/M218/M218~b/M047	𜆛/𜆠/𜆟 𜅸/𜅻/𜆀/𜅽 𛿺/𜀄/𜀻/𜀼/𜁂/𜌓/𛻃/𛷊 𜄱/𜄸/𜄵/𜄺/𜄹 𛻃/𜀻/𜀼/𜁂/𜌓/𛿺/𜀄/𛷊
5	M099/M099~a M352~n/M352~o/M352~c/M352~h/M352~s M218/M218~b/M242~ab/M242~b/M242~n/M388/M124/M047 M288/M288~d/M288~a/M288~f/M288~e M124/M242~ab/M242~b/M242~n/M388/M218/M218~b/M047	𛹧/𛹨 𜉚/𜉜/𜉗/𜉙/𜉞 𛿺/𜀄/𜀻/𜀼/𜁂/𜌓/𛻃/𛷊 𜄱/𜄸/𜄵/𜄺/𜄹 𛻃/𜀻/𜀼/𜁂/𜌓/𛿺/𜀄/𛷊
5	M195/M195~m M136~c/M136/M136~b/M136~i/M136~a/M136~q/M136~r/M136~n/M136~k/M136~p/M136~o/M136~u/M136~h/M136~t/M136~f M056~f/M056/M056~e M288/M288~d/M288~a/M288~f/M288~e M124/M242~ab/M242~b/M242~n/M388/M218/M218~b/M047	𛾢/𛾫 𛻸/𛻰/𛻷/𛻾/𛻶/𛼆/𛼇/𛼃/𛼀/𛼅/𛼄/𛼊/𛻽/𛼉/𛻻 𛷳/𛷱/𛷲 𜄱/𜄸/𜄵/𜄺/𜄹 𛻃/𜀻/𜀼/𜁂/𜌓/𛿺/𜀄/𛷊
5	M327/M327~p M157/M157~a/M377+M320+M377 M388/M242~ab/M242~b/M242~n/M218/M218~b/M124/M047 M288/M288~d/M288~a/M288~f/M288~e M124/M242~ab/M242~b/M242~n/M388/M218/M218~b/M047	𜈙/𜈦 𛽔/𛽤/𜋁 𜌓/𜀻/𜀼/𜁂/𛿺/𜀄/𛻃/𛷊 𜄱/𜄸/𜄵/𜄺/𜄹 𛻃/𜀻/𜀼/𜁂/𜌓/𛿺/𜀄/𛷊
5	M136+M365 M136~c/M136/M136~b/M136~i/M136~a/M136~q/M136~r/M136~n/M136~k/M136~p/M136~o/M136~u/M136~h/M136~t/M136~f M056~f/M056/M056~e M288/M288~d/M288~a/M288~f/M288~e M124/M242~ab/M242~b/M242~n/M388/M218/M218~b/M047	𛻳 𛻸/𛻰/𛻷/𛻾/𛻶/𛼆/𛼇/𛼃/𛼀/𛼅/𛼄/𛼊/𛻽/𛼉/𛻻 𛷳/𛷱/𛷲 𜄱/𜄸/𜄵/𜄺/𜄹 𛻃/𜀻/𜀼/𜁂/𜌓/𛿺/𜀄/𛷊
5	M105~a/M105/M105~ab/M105~b M003~b/M003 M054/M054~i/M054~b/M054~c M288/M288~d/M288~a/M288~f/M288~e M124/M242~ab/M242~b/M242~n/M388/M218/M218~b/M047	𛹿/𛹾/𛺀/𛺁 𛵂/𛵁 𛷪/𛷰/𛷮/𛷯 𜄱/𜄸/𜄵/𜄺/𜄹 𛻃/𜀻/𜀼/𜁂/𜌓/𛿺/𜀄/𛷊
5	M377+M377/M377~e+M377~e M365 M075~g/M075~o/M075~k/M075~ab/M075~m/M075~ff/M075~h/M075~e M387/M387~ef/M387~l/M387~a/M387~c/M387~ee/M387~ca/M387~i/M387~h/M387~hb/M325/M325~d M263/M263~1/M263~a/M263~b1/M263~b/M263~f/M263~e/M002/M002~b/M036	𜋂/𜋇 𜊅 𛸷/𛸼/𛸺/𛸴/𛸻/𛸶/𛸹/𛸵 𜋾/𜌆/𜌐/𜋿/𜌁/𜌄/𜌂/𜌎/𜌋/𜌍/𜈒/𜈔 𜃁/𜃂/𜃃/𜃆/𜃅/𜃈/𜃇/𛴾/𛵀/𛶎
5	M252~q/M252/M252~qa M136~c/M136/M136~b/M136~i/M136~a/M136~q/M136~r/M136~n/M136~k/M136~p/M136~o/M136~u/M136~h/M136~t/M136~f M056~f/M056/M056~e M288/M288~d/M288~a/M288~f/M288~e M124/M242~ab/M242~b/M242~n/M388/M218/M218~b/M047	𜂏/𜂊/𜂐 𛻸/𛻰/𛻷/𛻾/𛻶/𛼆/𛼇/𛼃/𛼀/𛼅/𛼄/𛼊/𛻽/𛼉/𛻻 𛷳/𛷱/𛷲 𜄱/𜄸/𜄵/𜄺/𜄹 𛻃/𜀻/𜀼/𜁂/𜌓/𛿺/𜀄/𛷊
5	M176/M176~b M297/M297~b/M297~d/M297~bc M218/M218~b/M242~ab/M242~b/M242~n/M388/M124/M047 M288/M288~d/M288~a/M288~f/M288~e M124/M242~ab/M242~b/M242~n/M388/M218/M218~b/M047	𛾍/𛾎 𜅸/𜅻/𜆀/𜅽 𛿺/𜀄/𜀻/𜀼/𜁂/𜌓/𛻃/𛷊 𜄱/𜄸/𜄵/𜄺/𜄹 𛻃/𜀻/𜀼/𜁂/𜌓/𛿺/𜀄/𛷊
4	M321/M321~b/M321~hb/M321~h/M321~f/M321~c M005 M376/M376~b/M376~a M203~c/M203~a/M203~e/M203~d	𜇼/𜇽/𜈄/𜈂/𜈀/𜇾 𛵇 𜊽/𜊿/𜊾 𛾴/𛾳/𛾶/𛾵
4	M149~a/M149~a2/M149~a1/M149~c/M149~h M054/M054~i/M054~b/M054~c M288/M288~d/M288~a/M288~f/M288~e M124/M242~ab/M242~b/M242~n/M388/M218/M218~b/M047	𛼰/𛼲/𛼱/𛼴/𛼷 𛷪/𛷰/𛷮/𛷯 𜄱/𜄸/𜄵/𜄺/𜄹 𛻃/𜀻/𜀼/𜁂/𜌓/𛿺/𜀄/𛷊
4	M153/M362/M362~a/M362~b/M367/M367~a/M367~c/M367~i/M367~e/M367~g/M367~d/M367~a1 M346/M346~a/M346~b/M346~d/M346~1/M346~c/M346~a2 M005~a/M006/M006@g/M006@g~1/M006~b M362/M362~a/M362~b/M153/M367/M367~a/M367~c/M367~i/M367~e/M367~g/M367~d/M367~a1	𛽆/𜉮/𜊁/𜊂/𜊊/𜊋/𜊏/𜊔/𜊑/𜊓/𜊐/𜊌 𜈽/𜈿/𜉄/𜉆/𜈾/𜉅/𜉁 𛵈/𛵉/𛵊/𛵋/𛵍 𜉮/𜊁/𜊂/𛽆/𜊊/𜊋/𜊏/𜊔/𜊑/𜊓/𜊐/𜊌
4	M193/M193~g M371/M371~c/M371~a/M371~d M124/M242~ab/M242~b/M242~n/M388/M218/M218~b/M047 M288/M288~d/M288~a/M288~f/M288~e	𛾚/𛾠 𜊩/𜊬/𜊪/𜊭 𛻃/𜀻/𜀼/𜁂/𜌓/𛿺/𜀄/𛷊 𜄱/𜄸/𜄵/𜄺/𜄹
4	M323/M323~i/M323~a M036/M002/M002~b/M263/M263~1/M263~a/M263~b1/M263~b/M263~f/M263~e M387/M387~ef/M387~l/M387~a/M387~c/M387~ee/M387~ca/M387~i/M387~h/M387~hb/M325/M325~d M263/M263~1/M263~a/M263~b1/M263~b/M263~f/M263~e/M002/M002~b/M036	𜈆/𜈋/𜈈 𛶎/𛴾/𛵀/𜃁/𜃂/𜃃/𜃆/𜃅/𜃈/𜃇 𜋾/𜌆/𜌐/𜋿/𜌁/𜌄/𜌂/𜌎/𜌋/𜌍/𜈒/𜈔 𜃁/𜃂/𜃃/𜃆/𜃅/𜃈/𜃇/𛴾/𛵀/𛶎
4	M066/M066~a/M377/M377~e M218/M218~b/M242~ab/M242~b/M242~n/M388/M124/M047 M288/M288~d/M288~a/M288~f/M288~e M124/M242~ab/M242~b/M242~n/M388/M218/M218~b/M047	𛸗/𛸘/𜋀/𜋅 𛿺/𜀄/𜀻/𜀼/𜁂/𜌓/𛻃/𛷊 𜄱/𜄸/𜄵/𜄺/𜄹 𛻃/𜀻/𜀼/𜁂/𜌓/𛿺/𜀄/𛷊
4	M146/M146~d/M146~2 M218/M218~b/M242~ab/M242~b/M242~n/M388/M124/M047 M288/M288~d/M288~a/M288~f/M288~e M124/M242~ab/M242~b/M242~n/M388/M218/M218~b/M047	𛼢/𛼨/𛼥 𛿺/𜀄/𜀻/𜀼/𜁂/𜌓/𛻃/𛷊 𜄱/𜄸/𜄵/𜄺/𜄹 𛻃/𜀻/𜀼/𜁂/𜌓/𛿺/𜀄/𛷊
4	M195+M038~a/M195+M038 M131~e/M131/M131~k/M320/M175/M370/M370~c M288/M288~d/M288~a/M288~f/M288~e M124/M242~ab/M242~b/M242~n/M388/M218/M218~b/M047	𛾤/𛾣 𛻟/𛻛/𛻤/𜇶/𛽹/𜊛/𜊤 𜄱/𜄸/𜄵/𜄺/𜄹 𛻃/𜀻/𜀼/𜁂/𜌓/𛿺/𜀄/𛷊
4	M348 M057/M057~a/M057~b/M057~b1/M057~f M288/M288~d/M288~a/M288~f/M288~e M124/M242~ab/M242~b/M242~n/M388/M218/M218~b/M047	𜉈 𛷶/𛷸/𛷼/𛷽/𛸀 𜄱/𜄸/𜄵/𜄺/𜄹 𛻃/𜀻/𜀼/𜁂/𜌓/𛿺/𜀄/𛷊
4	M347 M054/M054~i/M054~b/M054~c M288/M288~d/M288~a/M288~f/M288~e M124/M242~ab/M242~b/M242~n/M388/M218/M218~b/M047	𜉇 𛷪/𛷰/𛷮/𛷯 𜄱/𜄸/𜄵/𜄺/𜄹 𛻃/𜀻/𜀼/𜁂/𜌓/𛿺/𜀄/𛷊
4	M317/M317~a/M317~e/M317~b M054/M054~i/M054~b/M054~c M288/M288~d/M288~a/M288~f/M288~e M124/M242~ab/M242~b/M242~n/M388/M218/M218~b/M047	𜇟/𜇢/𜇦/𜇣 𛷪/𛷰/𛷮/𛷯 𜄱/𜄸/𜄵/𜄺/𜄹 𛻃/𜀻/𜀼/𜁂/𜌓/𛿺/𜀄/𛷊
4	M125/M125~a M346/M346~a/M346~b/M346~d/M346~1/M346~c/M346~a2 M005~a/M006/M006@g/M006@g~1/M006~b M362/M362~a/M362~b/M153/M367/M367~a/M367~c/M367~i/M367~e/M367~g/M367~d/M367~a1	𛻇/𛻈 𜈽/𜈿/𜉄/𜉆/𜈾/𜉅/𜉁 𛵈/𛵉/𛵊/𛵋/𛵍 𜉮/𜊁/𜊂/𛽆/𜊊/𜊋/𜊏/𜊔/𜊑/𜊓/𜊐/𜊌
4	M097~h/M097~f M370/M370~c/M320/M175/M131~e/M131/M131~k M288/M288~d/M288~a/M288~f/M288~e M124/M242~ab/M242~b/M242~n/M388/M218/M218~b/M047	𛹥/𛹤 𜊛/𜊤/𜇶/𛽹/𛻟/𛻛/𛻤 𜄱/𜄸/𜄵/𜄺/𜄹 𛻃/𜀻/𜀼/𜁂/𜌓/𛿺/𜀄/𛷊
4	M053~a/M053~b M373/M373~a M288/M288~d/M288~a/M288~f/M288~e M124/M242~ab/M242~b/M242~n/M388/M218/M218~b/M047	𛷨/𛷩 𜊲/𜊳 𜄱/𜄸/𜄵/𜄺/𜄹 𛻃/𜀻/𜀼/𜁂/𜌓/𛿺/𜀄/𛷊
4	M041/M041~g/M041~j M054/M054~i/M054~b/M054~c M288/M288~d/M288~a/M288~f/M288~e M124/M242~ab/M242~b/M242~n/M388/M218/M218~b/M047	𛶹/𛶾/𛶿 𛷪/𛷰/𛷮/𛷯 𜄱/𜄸/𜄵/𜄺/𜄹 𛻃/𜀻/𜀼/𜁂/𜌓/𛿺/𜀄/𛷊
4	M370+M388+M370 M370/M370~c/M320/M175/M131~e/M131/M131~k M288/M288~d/M288~a/M288~f/M288~e M124/M242~ab/M242~b/M242~n/M388/M218/M218~b/M047	𜊟 𜊛/𜊤/𜇶/𛽹/𛻟/𛻛/𛻤 𜄱/𜄸/𜄵/𜄺/𜄹 𛻃/𜀻/𜀼/𜁂/𜌓/𛿺/𜀄/𛷊
4	M112/M112~e/M112~d/M112~a/M112~b/M112~f M036/M002/M002~b/M263/M263~1/M263~a/M263~b1/M263~b/M263~f/M263~e M387/M387~ef/M387~l/M387~a/M387~c/M387~ee/M387~ca/M387~i/M387~h/M387~hb/M325/M325~d M263/M263~1/M263~a/M263~b1/M263~b/M263~f/M263~e/M002/M002~b/M036	𛺣/𛺪/𛺩/𛺥/𛺧/𛺬 𛶎/𛴾/𛵀/𜃁/𜃂/𜃃/𜃆/𜃅/𜃈/𜃇 𜋾/𜌆/𜌐/𜋿/𜌁/𜌄/𜌂/𜌎/𜌋/𜌍/𜈒/𜈔 𜃁/𜃂/𜃃/𜃆/𜃅/𜃈/𜃇/𛴾/𛵀/𛶎
4	M039~a/M039/M039~c/M039~b M032/M032~a M376/M376~b/M376~a M203~c/M203~a/M203~e/M203~d	𛶯/𛶭/𛶱/𛶰 𛶃/𛶄 𜊽/𜊿/𜊾 𛾴/𛾳/𛾶/𛾵
4	M051~a/M051~b/M051~c M371/M371~c/M371~a/M371~d M124/M242~ab/M242~b/M242~n/M388/M218/M218~b/M047 M288/M288~d/M288~a/M288~f/M288~e	𛷣/𛷤/𛷥 𜊩/𜊬/𜊪/𜊭 𛻃/𜀻/𜀼/𜁂/𜌓/𛿺/𜀄/𛷊 𜄱/𜄸/𜄵/𜄺/𜄹
4	M384~ab/M384/M384~d/M384~e M388/M242~ab/M242~b/M242~n/M218/M218~b/M124/M047 M288/M288~d/M288~a/M288~f/M288~e M124/M242~ab/M242~b/M242~n/M388/M218/M218~b/M047	𜋪/𜋨/𜋭/𜋰 𜌓/𜀻/𜀼/𜁂/𛿺/𜀄/𛻃/𛷊 𜄱/𜄸/𜄵/𜄺/𜄹 𛻃/𜀻/𜀼/𜁂/𜌓/𛿺/𜀄/𛷊
4	M377+M320+M377/M157/M157~a M388/M242~ab/M242~b/M242~n/M218/M218~b/M124/M047 M288/M288~d/M288~a/M288~f/M288~e M124/M242~ab/M242~b/M242~n/M388/M218/M218~b/M047	𜋁/𛽔/𛽤 𜌓/𜀻/𜀼/𜁂/𛿺/𜀄/𛻃/𛷊 𜄱/𜄸/𜄵/𜄺/𜄹 𛻃/𜀻/𜀼/𜁂/𜌓/𛿺/𜀄/𛷊
4	M059/M059~d/M059~a/M001/M001~b M054/M054~i/M054~b/M054~c M288/M288~d/M288~a/M288~f/M288~e M124/M242~ab/M242~b/M242~n/M388/M218/M218~b/M047	𛸅/𛸉/𛸇/𛴺/𛴽 𛷪/𛷰/𛷮/𛷯 𜄱/𜄸/𜄵/𜄺/𜄹 𛻃/𜀻/𜀼/𜁂/𜌓/𛿺/𜀄/𛷊
4	M286/M286~a M305/M305~g/M036+N39C M288/M288~d/M288~a/M288~f/M288~e M124/M242~ab/M242~b/M242~n/M388/M218/M218~b/M047	𜄭/𜄮 𜆡/𜆸/𛶙 𜄱/𜄸/𜄵/𜄺/𜄹 𛻃/𜀻/𜀼/𜁂/𜌓/𛿺/𜀄/𛷊
4	M294~a M036/M002/M002~b/M263/M263~1/M263~a/M263~b1/M263~b/M263~f/M263~e M387/M387~ef/M387~l/M387~a/M387~c/M387~ee/M387~ca/M387~i/M387~h/M387~hb/M325/M325~d M263/M263~1/M263~a/M263~b1/M263~b/M263~f/M263~e/M002/M002~b/M036	𜅗 𛶎/𛴾/𛵀/𜃁/𜃂/𜃃/𜃆/𜃅/𜃈/𜃇 𜋾/𜌆/𜌐/𜋿/𜌁/𜌄/𜌂/𜌎/𜌋/𜌍/𜈒/𜈔 𜃁/𜃂/𜃃/𜃆/𜃅/𜃈/𜃇/𛴾/𛵀/𛶎
4	M372 M388/M242~ab/M242~b/M242~n/M218/M218~b/M124/M047 M288/M288~d/M288~a/M288~f/M288~e M124/M242~ab/M242~b/M242~n/M388/M218/M218~b/M047	𜊯 𜌓/𜀻/𜀼/𜁂/𛿺/𜀄/𛻃/𛷊 𜄱/𜄸/𜄵/𜄺/𜄹 𛻃/𜀻/𜀼/𜁂/𜌓/𛿺/𜀄/𛷊
4	M417~h/M417~f/M417~d M056~f/M056/M056~e M288/M288~d/M288~a/M288~f/M288~e M124/M242~ab/M242~b/M242~n/M388/M218/M218~b/M047	𜌦/𜌤/𜌢 𛷳/𛷱/𛷲 𜄱/𜄸/𜄵/𜄺/𜄹 𛻃/𜀻/𜀼/𜁂/𜌓/𛿺/𜀄/𛷊
4	M131+M388 M218/M218~b/M242~ab/M242~b/M242~n/M388/M124/M047 M288/M288~d/M288~a/M288~f/M288~e M124/M242~ab/M242~b/M242~n/M388/M218/M218~b/M047	𛻜 𛿺/𜀄/𜀻/𜀼/𜁂/𜌓/𛻃/𛷊 𜄱/𜄸/𜄵/𜄺/𜄹 𛻃/𜀻/𜀼/𜁂/𜌓/𛿺/𜀄/𛷊
4	M265~f/M265 M354 M387/M387~ef/M387~l/M387~a/M387~c/M387~ee/M387~ca/M387~i/M387~h/M387~hb/M325/M325~d M263/M263~1/M263~a/M263~b1/M263~b/M263~f/M263~e/M002/M002~b/M036	𜃗/𜃓 𜉠 𜋾/𜌆/𜌐/𜋿/𜌁/𜌄/𜌂/𜌎/𜌋/𜌍/𜈒/𜈔 𜃁/𜃂/𜃃/𜃆/𜃅/𜃈/𜃇/𛴾/𛵀/𛶎
4	M344/M344~d M122/M122~3/M374~c/M374~a/M247~g/M247~f/M247~a/M247~b/M247 M376/M376~b/M376~a M203~c/M203~a/M203~e/M203~d	𜈻/𜈼 𛺹/𛺼/𜊵/𜊴/𜁥/𜁤/𜁟/𜁠/𜁞 𜊽/𜊿/𜊾 𛾴/𛾳/𛾶/𛾵
3	M340/M038~e/M038~a/M038~a2/M038~b1/M038~i/M038~b/M038~f/M391/M195+M057/M106+M288/M106~2+M288 M288/M288~d/M288~a/M288~f/M288~e M124/M242~ab/M242~b/M242~n/M388/M218/M218~b/M047	𜈱/𛶨/𛶡/𛶣/𛶥/𛶬/𛶤/𛶪/𜌗/𛾥/𛺄𜄱/𛺈 𜄱/𜄸/𜄵/𜄺/𜄹 𛻃/𜀻/𜀼/𜁂/𜌓/𛿺/𜀄/𛷊
3	M106+M288/M106~2+M288/M038~e/M038~a/M038~a2/M038~b1/M038~i/M038~b/M038~f/M340/M391/M195+M057 M288/M288~d/M288~a/M288~f/M288~e M124/M242~ab/M242~b/M242~n/M388/M218/M218~b/M047	𛺄𜄱/𛺈/𛶨/𛶡/𛶣/𛶥/𛶬/𛶤/𛶪/𜈱/𜌗/𛾥 𜄱/𜄸/𜄵/𜄺/𜄹 𛻃/𜀻/𜀼/𜁂/𜌓/𛿺/𜀄/𛷊
3	M175/M320/M131~e/M131/M131~k/M370/M370~c M288/M288~d/M288~a/M288~f/M288~e M124/M242~ab/M242~b/M242~n/M388/M218/M218~b/M047	𛽹/𜇶/𛻟/𛻛/𛻤/𜊛/𜊤 𜄱/𜄸/𜄵/𜄺/𜄹 𛻃/𜀻/𜀼/𜁂/𜌓/𛿺/𜀄/𛷊
3	M320/M175/M131~e/M131/M131~k/M370/M370~c M288/M288~d/M288~a/M288~f/M288~e M124/M242~ab/M242~b/M242~n/M388/M218/M218~b/M047	𜇶/𛽹/𛻟/𛻛/𛻤/𜊛/𜊤 𜄱/𜄸/𜄵/𜄺/𜄹 𛻃/𜀻/𜀼/𜁂/𜌓/𛿺/𜀄/𛷊
3	M391/M038~e/M038~a/M038~a2/M038~b1/M038~i/M038~b/M038~f/M340/M195+M057/M106+M288/M106~2+M288 M288/M288~d/M288~a/M288~f/M288~e M124/M242~ab/M242~b/M242~n/M388/M218/M218~b/M047	𜌗/𛶨/𛶡/𛶣/𛶥/𛶬/𛶤/𛶪/𜈱/𛾥/𛺄𜄱/𛺈 𜄱/𜄸/𜄵/𜄺/𜄹 𛻃/𜀻/𜀼/𜁂/𜌓/𛿺/𜀄/𛷊
3	M038~e/M038~a/M038~a2/M038~b1/M038~i/M038~b/M038~f/M340/M391/M195+M057/M106+M288/M106~2+M288 M288/M288~d/M288~a/M288~f/M288~e M124/M242~ab/M242~b/M242~n/M388/M218/M218~b/M047	𛶨/𛶡/𛶣/𛶥/𛶬/𛶤/𛶪/𜈱/𜌗/𛾥/𛺄𜄱/𛺈 𜄱/𜄸/𜄵/𜄺/𜄹 𛻃/𜀻/𜀼/𜁂/𜌓/𛿺/𜀄/𛷊
3	M246~b/M246/M246~m/M246~c/M246~o M376/M376~b/M376~a M203~c/M203~a/M203~e/M203~d	𜁔/𜁒/𜁛/𜁕/𜁜 𜊽/𜊿/𜊾 𛾴/𛾳/𛾶/𛾵
3	M207/M207~m/M207~d/M207~e/M207~b M081 M311~b/M311/M311~g	𛿈/𛿐/𛿌/𛿍/𛿊 𛹌 𜇅/𜇄/𜇆
3	M217/M217~e/M217~a M124/M242~ab/M242~b/M242~n/M388/M218/M218~b/M047 M288/M288~d/M288~a/M288~f/M288~e	𛿯/𛿳/𛿲 𛻃/𜀻/𜀼/𜁂/𜌓/𛿺/𜀄/𛷊 𜄱/𜄸/𜄵/𜄺/𜄹
3	M374~c/M374~a/M122/M122~3/M247~g/M247~f/M247~a/M247~b/M247 M376/M376~b/M376~a M203~c/M203~a/M203~e/M203~d	𜊵/𜊴/𛺹/𛺼/𜁥/𜁤/𜁟/𜁠/𜁞 𜊽/𜊿/𜊾 𛾴/𛾳/𛾶/𛾵
3	M111~a/M111/M111~b/M111~o/M111~d/M111~e/M111~f/M111~m M387/M387~ef/M387~l/M387~a/M387~c/M387~ee/M387~ca/M387~i/M387~h/M387~hb/M325/M325~d M263/M263~1/M263~a/M263~b1/M263~b/M263~f/M263~e/M002/M002~b/M036	𛺒/𛺑/𛺓/𛺠/𛺕/𛺖/𛺗/𛺞 𜋾/𜌆/𜌐/𜋿/𜌁/𜌄/𜌂/𜌎/𜌋/𜌍/𜈒/𜈔 𜃁/𜃂/𜃃/𜃆/𜃅/𜃈/𜃇/𛴾/𛵀/𛶎
3	M380/M380~b M124/M242~ab/M242~b/M242~n/M388/M218/M218~b/M047 M288/M288~d/M288~a/M288~f/M288~e	𜋏/𜋐 𛻃/𜀻/𜀼/𜁂/𜌓/𛿺/𜀄/𛷊 𜄱/𜄸/𜄵/𜄺/𜄹
3	M072/M072~a/M259 M387/M387~ef/M387~l/M387~a/M387~c/M387~ee/M387~ca/M387~i/M387~h/M387~hb/M325/M325~d M263/M263~1/M263~a/M263~b1/M263~b/M263~f/M263~e/M002/M002~b/M036	𛸧/𛸨/𜂣 𜋾/𜌆/𜌐/𜋿/𜌁/𜌄/𜌂/𜌎/𜌋/𜌍/𜈒/𜈔 𜃁/𜃂/𜃃/𜃆/𜃅/𜃈/𜃇/𛴾/𛵀/𛶎
3	M247~g/M247~f/M247~a/M247~b/M247/M122/M122~3/M374~c/M374~a M376/M376~b/M376~a M203~c/M203~a/M203~e/M203~d	𜁥/𜁤/𜁟/𜁠/𜁞/𛺹/𛺼/𜊵/𜊴 𜊽/𜊿/𜊾 𛾴/𛾳/𛾶/𛾵
3	M046 M288/M288~d/M288~a/M288~f/M288~e M124/M242~ab/M242~b/M242~n/M388/M218/M218~b/M047	𛷇 𜄱/𜄸/𜄵/𜄺/𜄹 𛻃/𜀻/𜀼/𜁂/𜌓/𛿺/𜀄/𛷊
3	M370~b+M388 M288/M288~d/M288~a/M288~f/M288~e M124/M242~ab/M242~b/M242~n/M388/M218/M218~b/M047	𜊣 𜄱/𜄸/𜄵/𜄺/𜄹 𛻃/𜀻/𜀼/𜁂/𜌓/𛿺/𜀄/𛷊
3	M370~b+M072/M036+N24/M061/M062 M288/M288~d/M288~a/M288~f/M288~e M124/M242~ab/M242~b/M242~n/M388/M218/M218~b/M047	𜊢/𛶐/𛸍/𛸐 𜄱/𜄸/𜄵/𜄺/𜄹 𛻃/𜀻/𜀼/𜁂/𜌓/𛿺/𜀄/𛷊
3	M370+M046+M370 M288/M288~d/M288~a/M288~f/M288~e M124/M242~ab/M242~b/M242~n/M388/M218/M218~b/M047	𜊜 𜄱/𜄸/𜄵/𜄺/𜄹 𛻃/𜀻/𜀼/𜁂/𜌓/𛿺/𜀄/𛷊
3	M298/M298~a M376/M376~b/M376~a M203~c/M203~a/M203~e/M203~d	𜆁/𜆂 𜊽/𜊿/𜊾 𛾴/𛾳/𛾶/𛾵
3	M325/M325~d/M387/M387~ef/M387~l/M387~a/M387~c/M387~ee/M387~ca/M387~i/M387~h/M387~hb M263/M263~1/M263~a/M263~b1/M263~b/M263~f/M263~e/M002/M002~b/M036 M387/M387~ef/M387~l/M387~a/M387~c/M387~ee/M387~ca/M387~i/M387~h/M387~hb/M325/M325~d	𜈒/𜈔/𜋾/𜌆/𜌐/𜋿/𜌁/𜌄/𜌂/𜌎/𜌋/𜌍 𜃁/𜃂/𜃃/𜃆/𜃅/𜃈/𜃇/𛴾/𛵀/𛶎 𜋾/𜌆/𜌐/𜋿/𜌁/𜌄/𜌂/𜌎/𜌋/𜌍/𜈒/𜈔
3	M295/M295~la M387/M387~ef/M387~l/M387~a/M387~c/M387~ee/M387~ca/M387~i/M387~h/M387~hb/M325/M325~d M263/M263~1/M263~a/M263~b1/M263~b/M263~f/M263~e/M002/M002~b/M036	𜅘/𜅪 𜋾/𜌆/𜌐/𜋿/𜌁/𜌄/𜌂/𜌎/𜌋/𜌍/𜈒/𜈔 𜃁/𜃂/𜃃/𜃆/𜃅/𜃈/𜃇/𛴾/𛵀/𛶎
3	M195+M057/M038~e/M038~a/M038~a2/M038~b1/M038~i/M038~b/M038~f/M340/M391/M106+M288/M106~2+M288 M288/M288~d/M288~a/M288~f/M288~e M124/M242~ab/M242~b/M242~n/M388/M218/M218~b/M047	𛾥/𛶨/𛶡/𛶣/𛶥/𛶬/𛶤/𛶪/𜈱/𜌗/𛺄𜄱/𛺈 𜄱/𜄸/𜄵/𜄺/𜄹 𛻃/𜀻/𜀼/𜁂/𜌓/𛿺/𜀄/𛷊
3	M332~d/M332~c/M312 M124/M242~ab/M242~b/M242~n/M388/M218/M218~b/M047 M288/M288~d/M288~a/M288~f/M288~e	𜈭/𜈬/𜇇 𛻃/𜀻/𜀼/𜁂/𜌓/𛿺/𜀄/𛷊 𜄱/𜄸/𜄵/𜄺/𜄹
3	M242~ab/M242~b/M242~n/M388/M218/M218~b/M124/M047 M288/M288~d/M288~a/M288~f/M288~e M124/M242~ab/M242~b/M242~n/M388/M218/M218~b/M047	𜀻/𜀼/𜁂/𜌓/𛿺/𜀄/𛻃/𛷊 𜄱/𜄸/𜄵/𜄺/𜄹 𛻃/𜀻/𜀼/𜁂/𜌓/𛿺/𜀄/𛷊
3	M314/M314~c M387/M387~ef/M387~l/M387~a/M387~c/M387~ee/M387~ca/M387~i/M387~h/M387~hb/M325/M325~d M263/M263~1/M263~a/M263~b1/M263~b/M263~f/M263~e/M002/M002~b/M036	𜇏/𜇐 𜋾/𜌆/𜌐/𜋿/𜌁/𜌄/𜌂/𜌎/𜌋/𜌍/𜈒/𜈔 𜃁/𜃂/𜃃/𜃆/𜃅/𜃈/𜃇/𛴾/𛵀/𛶎
3	M240/M240~e/M240~d M387/M387~ef/M387~l/M387~a/M387~c/M387~ee/M387~ca/M387~i/M387~h/M387~hb/M325/M325~d M263/M263~1/M263~a/M263~b1/M263~b/M263~f/M263~e/M002/M002~b/M036	𜀰/𜀶/𜀴 𜋾/𜌆/𜌐/𜋿/𜌁/𜌄/𜌂/𜌎/𜌋/𜌍/𜈒/𜈔 𜃁/𜃂/𜃃/𜃆/𜃅/𜃈/𜃇/𛴾/𛵀/𛶎
3	M223/M223~b M288/M288~d/M288~a/M288~f/M288~e M124/M242~ab/M242~b/M242~n/M388/M218/M218~b/M047	𜀕/𜀗 𜄱/𜄸/𜄵/𜄺/𜄹 𛻃/𜀻/𜀼/𜁂/𜌓/𛿺/𜀄/𛷊
3	M010~2/M010/M010~6/M010~1/M010~7 M387/M387~ef/M387~l/M387~a/M387~c/M387~ee/M387~ca/M387~i/M387~h/M387~hb/M325/M325~d M263/M263~1/M263~a/M263~b1/M263~b/M263~f/M263~e/M002/M002~b/M036	𛵞/𛵜/𛵢/𛵝/𛵣 𜋾/𜌆/𜌐/𜋿/𜌁/𜌄/𜌂/𜌎/𜌋/𜌍/𜈒/𜈔 𜃁/𜃂/𜃃/𜃆/𜃅/𜃈/𜃇/𛴾/𛵀/𛶎
3	M002/M002~b/M263/M263~1/M263~a/M263~b1/M263~b/M263~f/M263~e/M036 M387/M387~ef/M387~l/M387~a/M387~c/M387~ee/M387~ca/M387~i/M387~h/M387~hb/M325/M325~d M263/M263~1/M263~a/M263~b1/M263~b/M263~f/M263~e/M002/M002~b/M036	𛴾/𛵀/𜃁/𜃂/𜃃/𜃆/𜃅/𜃈/𜃇/𛶎 𜋾/𜌆/𜌐/𜋿/𜌁/𜌄/𜌂/𜌎/𜌋/𜌍/𜈒/𜈔 𜃁/𜃂/𜃃/𜃆/𜃅/𜃈/𜃇/𛴾/𛵀/𛶎
3	M036+N30C/M069~a/M278 M387/M387~ef/M387~l/M387~a/M387~c/M387~ee/M387~ca/M387~i/M387~h/M387~hb/M325/M325~d M263/M263~1/M263~a/M263~b1/M263~b/M263~f/M263~e/M002/M002~b/M036	𛶒/𛸠/𜄉 𜋾/𜌆/𜌐/𜋿/𜌁/𜌄/𜌂/𜌎/𜌋/𜌍/𜈒/𜈔 𜃁/𜃂/𜃃/𜃆/𜃅/𜃈/𜃇/𛴾/𛵀/𛶎
3	M379/M379~c/M379~d M387/M387~ef/M387~l/M387~a/M387~c/M387~ee/M387~ca/M387~i/M387~h/M387~hb/M325/M325~d M263/M263~1/M263~a/M263~b1/M263~b/M263~f/M263~e/M002/M002~b/M036	𜋊/𜋋/𜋌 𜋾/𜌆/𜌐/𜋿/𜌁/𜌄/𜌂/𜌎/𜌋/𜌍/𜈒/𜈔 𜃁/𜃂/𜃃/𜃆/𜃅/𜃈/𜃇/𛴾/𛵀/𛶎
3	M047/M242~ab/M242~b/M242~n/M388/M218/M218~b/M124 M288/M288~d/M288~a/M288~f/M288~e M124/M242~ab/M242~b/M242~n/M388/M218/M218~b/M047	𛷊/𜀻/𜀼/𜁂/𜌓/𛿺/𜀄/𛻃 𜄱/𜄸/𜄵/𜄺/𜄹 𛻃/𜀻/𜀼/𜁂/𜌓/𛿺/𜀄/𛷊
3	M050~k/M050~p M387/M387~ef/M387~l/M387~a/M387~c/M387~ee/M387~ca/M387~i/M387~h/M387~hb/M325/M325~d M263/M263~1/M263~a/M263~b1/M263~b/M263~f/M263~e/M002/M002~b/M036	𛷚/𛷡 𜋾/𜌆/𜌐/𜋿/𜌁/𜌄/𜌂/𜌎/𜌋/𜌍/𜈒/𜈔 𜃁/𜃂/𜃃/𜃆/𜃅/𜃈/𜃇/𛴾/𛵀/𛶎
3	M264~a/M264~d/M264~b/M264~d1 M263/M263~1/M263~a/M263~b1/M263~b/M263~f/M263~e/M002/M002~b/M036 M387/M387~ef/M387~l/M387~a/M387~c/M387~ee/M387~ca/M387~i/M387~h/M387~hb/M325/M325~d	𜃋/𜃐/𜃎/𜃑 𜃁/𜃂/𜃃/𜃆/𜃅/𜃈/𜃇/𛴾/𛵀/𛶎 𜋾/𜌆/𜌐/𜋿/𜌁/𜌄/𜌂/𜌎/𜌋/𜌍/𜈒/𜈔
3	M259/M072/M072~a M387/M387~ef/M387~l/M387~a/M387~c/M387~ee/M387~ca/M387~i/M387~h/M387~hb/M325/M325~d M263/M263~1/M263~a/M263~b1/M263~b/M263~f/M263~e/M002/M002~b/M036	𜂣/𛸧/𛸨 𜋾/𜌆/𜌐/𜋿/𜌁/𜌄/𜌂/𜌎/𜌋/𜌍/𜈒/𜈔 𜃁/𜃂/𜃃/𜃆/𜃅/𜃈/𜃇/𛴾/𛵀/𛶎
3	M312/M332~d/M332~c M124/M242~ab/M242~b/M242~n/M388/M218/M218~b/M047 M288/M288~d/M288~a/M288~f/M288~e	𜇇/𜈭/𜈬 𛻃/𜀻/𜀼/𜁂/𜌓/𛿺/𜀄/𛷊 𜄱/𜄸/𜄵/𜄺/𜄹
3	M147/M147~e/M147~d/M147~a M387/M387~ef/M387~l/M387~a/M387~c/M387~ee/M387~ca/M387~i/M387~h/M387~hb/M325/M325~d M263/M263~1/M263~a/M263~b1/M263~b/M263~f/M263~e/M002/M002~b/M036	𛼫/𛼯/𛼮/𛼬 𜋾/𜌆/𜌐/𜋿/𜌁/𜌄/𜌂/𜌎/𜌋/𜌍/𜈒/𜈔 𜃁/𜃂/𜃃/𜃆/𜃅/𜃈/𜃇/𛴾/𛵀/𛶎
3	M261~d M263/M263~1/M263~a/M263~b1/M263~b/M263~f/M263~e/M002/M002~b/M036 M387/M387~ef/M387~l/M387~a/M387~c/M387~ee/M387~ca/M387~i/M387~h/M387~hb/M325/M325~d	𜂺 𜃁/𜃂/𜃃/𜃆/𜃅/𜃈/𜃇/𛴾/𛵀/𛶎 𜋾/𜌆/𜌐/𜋿/𜌁/𜌄/𜌂/𜌎/𜌋/𜌍/𜈒/𜈔
3	M036+N39C/M305/M305~g M288/M288~d/M288~a/M288~f/M288~e M124/M242~ab/M242~b/M242~n/M388/M218/M218~b/M047	𛶙/𜆡/𜆸 𜄱/𜄸/𜄵/𜄺/𜄹 𛻃/𜀻/𜀼/𜁂/𜌓/𛿺/𜀄/𛷊
3	M061/M036+N24/M370~b+M072/M062 M288/M288~d/M288~a/M288~f/M288~e M124/M242~ab/M242~b/M242~n/M388/M218/M218~b/M047	𛸍/𛶐/𜊢/𛸐 𜄱/𜄸/𜄵/𜄺/𜄹 𛻃/𜀻/𜀼/𜁂/𜌓/𛿺/𜀄/𛷊
3	M036+N24/M061/M370~b+M072/M062 M288/M288~d/M288~a/M288~f/M288~e M124/M242~ab/M242~b/M242~n/M388/M218/M218~b/M047	𛶐/𛸍/𜊢/𛸐 𜄱/𜄸/𜄵/𜄺/𜄹 𛻃/𜀻/𜀼/𜁂/𜌓/𛿺/𜀄/𛷊
3	M062/M036+N24/M061/M370~b+M072 M288/M288~d/M288~a/M288~f/M288~e M124/M242~ab/M242~b/M242~n/M388/M218/M218~b/M047	𛸐/𛶐/𛸍/𜊢 𜄱/𜄸/𜄵/𜄺/𜄹 𛻃/𜀻/𜀼/𜁂/𜌓/𛿺/𜀄/𛷊
3	M278/M036+N30C/M069~a M387/M387~ef/M387~l/M387~a/M387~c/M387~ee/M387~ca/M387~i/M387~h/M387~hb/M325/M325~d M263/M263~1/M263~a/M263~b1/M263~b/M263~f/M263~e/M002/M002~b/M036	𜄉/𛶒/𛸠 𜋾/𜌆/𜌐/𜋿/𜌁/𜌄/𜌂/𜌎/𜌋/𜌍/𜈒/𜈔 𜃁/𜃂/𜃃/𜃆/𜃅/𜃈/𜃇/𛴾/𛵀/𛶎
3	M069~a/M036+N30C/M278 M387/M387~ef/M387~l/M387~a/M387~c/M387~ee/M387~ca/M387~i/M387~h/M387~hb/M325/M325~d M263/M263~1/M263~a/M263~b1/M263~b/M263~f/M263~e/M002/M002~b/M036	𛸠/𛶒/𜄉 𜋾/𜌆/𜌐/𜋿/𜌁/𜌄/𜌂/𜌎/𜌋/𜌍/𜈒/𜈔 𜃁/𜃂/𜃃/𜃆/𜃅/𜃈/𜃇/𛴾/𛵀/𛶎
