base	glyph	total	sole_pct	first_pct	mid_pct	last_pct	avg_relative_position	
M327+M342	𜈟	22	90.9	9.1	0.0	0.0	0.000	house / feast of 𜈙 𜈳   𓃝 𓄅
M205	𛾸	20	55.0	45.0	0.0	0.0	0.000	𒞇 𒂗
M311	𜇄	13	61.5	38.5	0.0	0.0	0.000	𜇂 <<<< 𒈗 ??
M377+M377	𜋂	13	46.2	53.8	0.0	0.0	0.000	𒆳 ≈ 𓈉 •people
M157+M131	𛽛	11	72.7	27.3	0.0	0.0	0.000	𓉐 ≈ 𛽔 of 𛻛  
M377+M320+M377	𜋁	11	72.7	27.3	0.0	0.0	0.000	𓈉 people of 𜇶 <> 𜈞  
M393	𜌘	8	37.5	62.5	0.0	0.0	0.000	𓊎 𓈉 𜋒 𒆳
M188	𛾗	7	71.4	28.6	0.0	0.0	0.000	𓉐 ≈𛽹 of 
M305+M320	𜆯	6	50.0	50.0	0.0	0.0	0.000	𓇾 ≈ 𜆡 of𜇶   
M175+M136	𛽽	6	50.0	50.0	0.0	0.0	0.000	𓉐 ≈ 𛽹 of 𛻰
M344	𜈻	6	16.7	83.3	0.0	0.0	0.000	not numeric, start of words in one tablet about 𛼔 𛺹 , 𜈙 𛺹 
M327+M059	𜈜	6	33.3	66.7	0.0	0.0	0.000	house / feast of 𛸅
M362+M059	𜉳	5	20.0	80.0	0.0	0.0	0.000	𜈽 𒇻
M289	𜄾	5	80.0	20.0	0.0	0.0	0.000	𓉐 ≈𛽹 ?
M384	𜋨	44	52.3	45.5	2.3	0.0	0.012	𓊎 𓈉 𜋒 𒆳
M195+M057	𛾥	23	8.7	87.0	4.3	0.0	0.024	𛾢 of𛷶  𒀭𒍝𒀭 / 𒀭𒊓𒀭𒆠 Anshan?
M327	𜈙	51	68.6	29.4	2.0	0.0	0.031	𜈙 feast
M157	𛽔	335	86.3	12.8	0.9	0.0	0.033	
M195+M038	𛾣	10	0.0	90.0	10.0	0.0	0.050	Susa / Awan (Gal?)
M294	𜅗	7	0.0	85.7	14.3	0.0	0.071	<<<<<
M180	𛾑	14	57.1	35.7	7.1	0.0	0.083	
M447	𜌸	5	40.0	40.0	20.0	0.0	0.083	𜌺𜈽 ≠ 𜌓 𜌻 𜀈 𛿺 𛵂 ≠ counted with 𛿮 𛷪 𛽆 𛷩 𛵐 𜌸 𜉌 𜈩 𜌼 𜂧 𛸍 𛼵
M195	𛾢	33	36.4	51.5	12.1	0.0	0.089	𒆠  𛾢 𛷱 𜄱   𛹇 𛴀 𛾢𛴀 𜊅𛿨𛴀  𜉪𛴀 
M382	𜋔	12	58.3	33.3	8.3	0.0	0.100	𜋒
M342	𜈳	7	28.6	57.1	14.3	0.0	0.100	
M147	𛼫	32	18.8	43.8	37.5	0.0	0.102	
M286	𜄭	23	60.9	34.8	0.0	4.3	0.111	
M103	𛹸	31	9.7	67.7	19.4	3.2	0.114	
M210	𛿙	48	66.7	27.1	4.2	2.1	0.125	𜈽 𒇻
M047	𛷊	9	11.1	66.7	22.2	0.0	0.125	
M351+3(N01)	𜉏	5	20.0	60.0	20.0	0.0	0.125	
M038	𛶡	66	36.4	50.0	10.6	3.0	0.130	
M125	𛻇	26	19.2	61.5	19.2	0.0	0.132	𛻇 𜌤, 𛻇 𜊽, 𛻇 𜊹𜊽, 𛻇 𜇂, 𛻇 𛵓
M383	𜋜	30	60.0	33.3	3.3	3.3	0.139	𓊎 𓈉 𜋒 𒆳
M305+M136	𜆨	9	55.6	22.2	22.2	0.0	0.146	
M323	𜈆	22	27.3	54.5	13.6	4.5	0.148	
M370	𜊛	130	25.4	57.7	11.5	5.4	0.155	
M305	𜆡	152	25.7	55.3	11.8	7.2	0.159	
M247	𜁞	32	62.5	28.1	6.2	3.1	0.160	
M324	𜈌	14	42.9	42.9	7.1	7.1	0.167	
M214	𛿧	9	33.3	55.6	0.0	11.1	0.167	
M351	𜉍	8	50.0	37.5	12.5	0.0	0.167	
M359	𜉨	6	50.0	33.3	16.7	0.0	0.167	
M080	𛹆	21	9.5	57.1	28.6	4.8	0.175	
M340	𜈱	29	27.6	51.7	13.8	6.9	0.190	
M304	𜆛	56	46.4	39.3	7.1	7.1	0.194	
M131+M388	𛻜	22	9.1	50.0	40.9	0.0	0.194	ni.kur nagar kurni?
M361	𜉪	11	45.5	27.3	27.3	0.0	0.194	
M356	𜉡	8	25.0	50.0	25.0	0.0	0.194	
M252	𜂊	17	70.6	23.5	0.0	5.9	0.200	
M175+M288	𛾄	7	28.6	57.1	0.0	14.3	0.200	
M158	𛽭	18	33.3	44.4	11.1	11.1	0.204	
M328	𜈧	19	36.8	47.4	5.3	10.5	0.208	
M111	𛺑	64	20.3	54.7	12.5	12.5	0.214	
M051	𛷣	35	31.4	45.7	14.3	8.6	0.219	
M207	𛿈	32	50.0	31.2	12.5	6.2	0.227	
M310	𜇂	12	8.3	66.7	8.3	16.7	0.227	≈ 𜇄 slightly different distribution. 
M136	𛻰	102	54.9	31.4	5.9	7.8	0.230	
M375	𜊶	12	58.3	25.0	16.7	0.0	0.233	𛸒 rare
M208	𛿓	9	55.6	33.3	0.0	11.1	0.250	𜈽 𒇻
M176	𛾍	8	50.0	37.5	0.0	12.5	0.250	
M175+M175	𛾁	7	71.4	14.3	14.3	0.0	0.250	
M305+M342	𜆲	7	42.9	42.9	0.0	14.3	0.250	
M063	𛸒	6	33.3	33.3	33.3	0.0	0.250	
M175	𛽹	38	34.2	44.7	10.5	10.5	0.252	
M217	𛿯	43	9.3	48.8	32.6	9.3	0.255	
M351+N14	𜉎	22	50.0	31.8	13.6	4.5	0.258	
M249	𜁱	18	11.1	50.0	27.8	11.1	0.260	
M153	𛽆	60	36.7	33.3	25.0	5.0	0.263	
M136+M365	𛻳	30	60.0	26.7	6.7	6.7	0.264	
M387	𜋾	545	19.3	47.2	23.5	10.1	0.265	
M203	𛾳	71	42.3	39.4	5.6	12.7	0.272	
M254	𜂔	49	12.2	51.0	24.5	12.2	0.275	
M325	𜈒	48	50.0	33.3	6.2	10.4	0.281	
M391	𜌗	40	55.0	30.0	5.0	10.0	0.282	
M291	𜅇	18	22.2	50.0	22.2	5.6	0.283	
M115	𛺴	10	0.0	40.0	60.0	0.0	0.283	
M081	𛹌	42	31.0	42.9	11.9	14.3	0.284	
M319	𜇳	24	29.2	37.5	20.8	12.5	0.285	
M106+M288	𛺄𜄱	23	17.4	43.5	30.4	8.7	0.287	
M024	𛵮	68	7.4	44.1	38.2	10.3	0.288	
M124	𛻃	302	21.9	46.7	13.9	17.5	0.295	
M152	𛽁	13	61.5	23.1	7.7	7.7	0.300	
M146	𛼢	56	14.3	35.7	42.9	7.1	0.306	
M226	𜀞	10	0.0	40.0	60.0	0.0	0.306	
M139	𛼌	40	5.0	47.5	35.0	12.5	0.308	
M309	𜆽	46	82.6	8.7	6.5	2.2	0.312	
M381	𜋒	15	46.7	20.0	33.3	0.0	0.312	
M134	𛻦	13	69.2	15.4	7.7	7.7	0.312	
M059	𛸅	84	52.4	31.0	3.6	13.1	0.313	
M112	𛺣	29	55.2	27.6	6.9	10.3	0.314	
M044	𛷂	18	44.4	33.3	11.1	11.1	0.317	
M141	𛼐	6	0.0	16.7	83.3	0.0	0.319	
M048	𛷋	84	9.5	35.7	48.8	6.0	0.320	
M250	𜁺	32	3.1	40.6	50.0	6.2	0.321	
M126	𛻊	6	50.0	33.3	0.0	16.7	0.333	
M358	𜉤	6	50.0	33.3	0.0	16.7	0.333	
M377	𜋀	122	7.4	36.9	47.5	8.2	0.334	
M029	𛵷	40	10.0	45.0	27.5	17.5	0.339	
M388	𜌓	655	10.7	31.3	42.4	15.6	0.342	
M041	𛶹	37	27.0	35.1	24.3	13.5	0.344	
M292	𜅊	49	28.6	40.8	10.2	20.4	0.346	
M285	𜄤	17	35.3	29.4	29.4	5.9	0.348	
M058	𛸃	11	0.0	27.3	72.7	0.0	0.348	
M006	𛵉	106	59.4	21.7	9.4	9.4	0.357	
M352	𜉕	105	13.3	24.8	54.3	7.6	0.357	
M039	𛶭	25	44.0	24.0	20.0	12.0	0.360	
M251	𜂁	27	7.4	37.0	40.7	14.8	0.363	
M122	𛺹	40	50.0	27.5	7.5	15.0	0.367	
M061	𛸍	13	69.2	15.4	7.7	7.7	0.375	
M461	𜍄	10	0.0	40.0	50.0	10.0	0.388	
M262	𜂼	79	21.5	26.6	40.5	11.4	0.389	
M259	𜂣	74	1.4	29.7	55.4	13.5	0.390	
M390	𜌕	38	5.3	23.7	63.2	7.9	0.390	
M131	𛻛	51	23.5	33.3	23.5	19.6	0.394	
M123	𛻀	9	44.4	33.3	0.0	22.2	0.400	
M218+M320	𜀂	8	25.0	12.5	62.5	0.0	0.400	
M144	𛼗	13	15.4	46.2	7.7	30.8	0.409	
M365	𜊅	57	66.7	17.5	3.5	12.3	0.412	
M110	𛺍	27	7.4	25.9	59.3	7.4	0.412	
M301	𜆄	42	14.3	26.2	50.0	9.5	0.414	
M049	𛷑	23	0.0	26.1	65.2	8.7	0.417	
M026	𛵳	9	55.6	22.2	11.1	11.1	0.417	
M386	𜋸	77	6.5	23.4	62.3	7.8	0.419	
M033	𛶈	43	25.6	16.3	48.8	9.3	0.421	
M218+M288	𜀀	28	7.1	35.7	35.7	21.4	0.424	
M145	𛼙	54	33.3	25.9	24.1	16.7	0.426	
M230	𜀮	27	22.2	22.2	44.4	11.1	0.431	
M332	𜈫	34	5.9	32.4	41.2	20.6	0.433	
M149	𛼰	65	44.6	23.1	16.9	15.4	0.434	
M314	𜇏	43	16.3	27.9	34.9	20.9	0.440	
M009	𛵓	230	38.7	21.7	26.1	13.5	0.441	
M380	𜋏	53	3.8	26.4	49.1	20.8	0.441	
M099	𛹧	47	14.9	21.3	48.9	14.9	0.442	
M097	𛹤	57	10.5	24.6	52.6	12.3	0.444	
M246	𜁒	34	52.9	14.7	23.5	8.8	0.444	
M151	𛼺	12	25.0	25.0	33.3	16.7	0.444	
M074	𛸮	5	40.0	20.0	20.0	20.0	0.444	
M240	𜀰	71	9.9	23.9	57.7	8.5	0.450	
M242	𜀺	55	9.1	20.0	60.0	10.9	0.450	
M075	𛸳	47	57.4	17.0	12.8	12.8	0.450	
M143	𛼔	13	38.5	23.1	23.1	15.4	0.454	
M034	𛶋	5	20.0	0.0	80.0	0.0	0.458	
M037	𛶟	8	0.0	12.5	75.0	12.5	0.469	
M347	𜉇	89	4.5	22.5	61.8	11.2	0.470	
M222	𜀓	13	30.8	7.7	53.8	7.7	0.472	
M004	𛵅	122	6.6	23.8	54.9	14.8	0.474	
M295	𜅘	67	4.5	22.4	55.2	17.9	0.478	
M248	𜁨	25	28.0	24.0	28.0	20.0	0.485	
M296+M296	𜅵	27	0.0	22.2	63.0	14.8	0.488	
M318	𜇩	54	9.3	20.4	51.9	18.5	0.492	
M056	𛷱	95	34.7	25.3	17.9	22.1	0.499	
M105	𛹾	33	54.5	21.2	3.0	21.2	0.500	
M316	𜇖	19	57.9	21.1	0.0	21.1	0.500	
M209	𛿔	18	44.4	27.8	0.0	27.8	0.500	
M193	𛾚	17	47.1	23.5	5.9	23.5	0.500	
M036+N14	𛶏	14	85.7	7.1	0.0	7.1	0.500	
M343	𜈵	10	80.0	10.0	0.0	10.0	0.500	
M076	𛹁	7	42.9	28.6	0.0	28.6	0.500	
M244	𜁑	6	66.7	16.7	0.0	16.7	0.500	
M129	𛻘	5	40.0	0.0	60.0	0.0	0.500	
M009 ≈ M035M09 ≈ M3	[M009 ≈ M035M09 ≈ M3]	13	7.7	15.4	61.5	15.4	0.506	
M219	𜀈	94	13.8	17.0	50.0	19.1	0.511	
M001	𛴺	159	34.0	22.0	20.1	23.9	0.513	
M073	𛸩	20	20.0	20.0	35.0	25.0	0.516	
M296	𜅴	34	35.3	20.6	20.6	23.5	0.519	
M057	𛷶	211	15.6	26.5	31.8	26.1	0.533	
M102	𛹬	57	63.2	8.8	21.1	7.0	0.538	
M302	𜆌	23	26.1	30.4	8.7	34.8	0.539	
M109	𛺌	18	5.6	16.7	66.7	11.1	0.539	
M305+M009	𜆢	5	0.0	40.0	20.0	40.0	0.550	
M128	𛻌	43	7.0	11.6	58.1	23.3	0.558	
M281	𜄖	29	6.9	17.2	48.3	27.6	0.565	
M270	𜃷	8	12.5	37.5	0.0	50.0	0.571	
M266	𜃞	36	19.4	19.4	30.6	30.6	0.572	
M369	𜊘	18	27.8	27.8	5.6	38.9	0.577	
M228	𜀢	26	23.1	23.1	19.2	34.6	0.583	
M066	𛸗	305	4.9	21.0	41.3	32.8	0.586	
M374	𜊴	30	43.3	13.3	16.7	26.7	0.598	
M223	𜀕	51	19.6	11.8	45.1	23.5	0.600	
M153+M342	𛽍	9	44.4	22.2	0.0	33.3	0.600	
M320	𜇶	57	22.8	17.5	28.1	31.6	0.609	
M054	𛷪	300	44.7	16.0	11.0	28.3	0.615	
M101	𛹪	55	34.5	10.9	34.5	20.0	0.617	
M032	𛶃	129	30.2	13.2	25.6	31.0	0.627	
M312	𜇇	12	58.3	8.3	16.7	16.7	0.633	
M218	𛿺	582	12.4	15.6	36.4	35.6	0.644	
M293	𜅒	15	66.7	6.7	6.7	20.0	0.650	
M329	𜈩	42	14.3	14.3	38.1	33.3	0.657	
M372	𜊯	40	15.0	5.0	50.0	30.0	0.658	
M220	𜀌	24	41.7	8.3	29.2	20.8	0.661	
M277	𜄄	14	57.1	7.1	14.3	21.4	0.667	
M053	𛷨	13	84.6	0.0	7.7	7.7	0.667	
M298	𜆁	11	72.7	0.0	18.2	9.1	0.667	
M290	𜅂	9	33.3	22.2	0.0	44.4	0.667	
M268	𜃦	8	62.5	12.5	0.0	25.0	0.667	
M036+N39C	𛶙	6	50.0	16.7	0.0	33.3	0.667	
M086	𛹐	5	20.0	20.0	20.0	40.0	0.667	
M228+M320	𜀥	5	0.0	0.0	80.0	20.0	0.667	
M348	𜉈	48	39.6	12.5	14.6	33.3	0.675	
M315	𜇔	16	12.5	0.0	68.8	18.8	0.680	
M016	𛵪	6	33.3	0.0	50.0	16.7	0.688	
M317	𜇟	63	15.9	22.2	7.9	54.0	0.689	
M263	𜃁	353	24.6	13.3	19.8	42.2	0.691	
M367	𜊊	145	66.9	9.7	0.7	22.8	0.698	
M260	𜂧	69	55.1	10.1	5.8	29.0	0.699	
M206	𛾾	86	60.5	9.3	4.7	25.6	0.701	
M005	𛵇	18	77.8	0.0	11.1	11.1	0.708	
M036	𛶎	136	60.3	9.6	4.4	25.7	0.716	
M371	𜊩	331	14.2	11.5	31.4	42.9	0.728	
M265	𜃓	40	52.5	12.5	0.0	35.0	0.737	
M221	𜀏	16	25.0	6.2	25.0	43.8	0.743	
M243	𜁃	60	58.3	8.3	5.0	28.3	0.747	
M362	𜉮	45	64.4	8.9	0.0	26.7	0.750	
M321	𜇼	29	72.4	3.4	6.9	17.2	0.760	
M379	𜋊	26	61.5	7.7	3.8	26.9	0.767	𜋒
M373	𜊲	74	56.8	8.1	2.7	32.4	0.768	
M376	𜊽	228	55.3	7.0	7.0	30.7	0.769	
M096	𛹜	248	9.3	8.5	35.1	47.2	0.771	𒋫 𒋖 taur
M269	𜃪	74	85.1	2.7	1.4	10.8	0.773	sheep's 𜃫
M046	𛷇	37	70.3	5.4	2.7	21.6	0.773	
M010	𛵜	79	65.8	6.3	2.5	25.3	0.778	
M224	𜀚	7	14.3	0.0	42.9	42.9	0.794	
M036+N30C	𛶒	11	54.5	9.1	0.0	36.4	0.800	
M003	𛵁	118	34.7	10.2	5.9	49.2	0.805	boss
M106	𛺄	57	86.0	1.8	3.5	8.8	0.808	
M346	𜈽	289	57.1	6.2	3.8	32.9	0.812	
M417	𜌢	23	52.2	8.7	0.0	39.1	0.818	
M297	𜅸	368	49.5	5.7	8.2	36.7	0.820	
M002	𛴾	47	68.1	4.3	2.1	25.5	0.833	
M064	𛸔	10	60.0	0.0	10.0	30.0	0.917	female?
M278	𜄉	20	60.0	0.0	5.0	35.0	0.938	
M072	𛸧	100	62.0	1.0	3.0	34.0	0.939	female
M288	𜄱	890	49.4	2.0	1.0	47.5	0.950	
M036+N30D	𛶔	67	70.1	1.5	0.0	28.4	0.950	
M354	𜉠	113	71.7	0.9	0.9	26.5	0.953	
M264	𜃋	57	36.8	0.0	3.5	59.6	0.968	
M069	𛸠	19	31.6	0.0	5.3	63.2	0.974	
M050	𛷙	23	60.9	0.0	0.0	39.1	1.000	
M261	𜂵	21	28.6	0.0	0.0	71.4	1.000	
M418	𜌧	19	78.9	0.0	0.0	21.1	1.000	
M260+N24	𜂮	15	46.7	0.0	0.0	53.3	1.000	
M006	𛵉	12	75.0	0.0	0.0	25.0	1.000	
M370+M388+M370	𜊟	10	90.0	0.0	0.0	10.0	1.000	
M217+M388	𛿱	10	10.0	0.0	0.0	90.0	1.000	
M288+N01	𜄲	10	0.0	0.0	0.0	100.0	1.000	
M370+M072	𜊛𛸧	9	88.9	0.0	0.0	11.1	1.000	
M036+N24	𛶐	9	55.6	0.0	0.0	44.4	1.000	
M153+M006	𛽆𛵉	8	75.0	0.0	0.0	25.0	1.000	
M052	𛷦	7	85.7	0.0	0.0	14.3	1.000	
M150	𛼸	6	0.0	0.0	0.0	100.0	1.000	
M014	𛵧	6	66.7	0.0	0.0	33.3	1.000	
M271	𜃽	6	16.7	0.0	0.0	83.3	1.000	
M039+N30D	𛶮	5	60.0	0.0	0.0	40.0	1.000	
M449	𜌽	5	80.0	0.0	0.0	20.0	1.000	
M370+M388	𜊛𜌓	11	100.0	0.0	0.0	0.0		
M370+M072+M370	𜊝	9	100.0	0.0	0.0	0.0		
M370+M046+M370	𜊜	8	100.0	0.0	0.0	0.0		
M385	𜋴	6	100.0	0.0	0.0	0.0		
