rank	count	glyph	base	example_records	variants
1	96	𜄱	M288	P008003, P008014, P008019	𜄱M288×91, 𜄵M288~a×1, 𜄻M288~g×1, 𜄽M288~i×1, 𜄹M288~e×1, 𜄸M288~d×1
2	61	𜅸	M297	P008005, P008021, P008043	𜅸M297×39, 𜅻M297~b×19, 𜆀M297~d×3
3	44	𜈽	M346	P008004, P008012, P008048	𜈽M346×35, 𜈿M346~a×4, 𜉄M346~b×3, 𜈾M346~1×1, 𜉆M346~d×1
4	34	𜋾	M387	P008059, P008108, P008108	𜋾M387×19, 𜌆M387~ef×5, 𜌐M387~l×4, 𜋿M387~a×3, 𜌄M387~ee×1, 𜌀M387~b×1, 𜌎M387~i×1
5	23	𛷪	M054	P008043, P008105, P008105	𛷪M054×22, 𛷰M054~i×1
6	23	𜌓	M388	P008105, P008105, P008105	𜌓M388×23
7	22	𜊽	M376	P008143, P008171, P008173	𜊽M376×21, 𜊿M376~b×1
8	22	𜊊	M367	P008223, P008294, P008294	𜊊M367×14, 𜊔M367~i×4, 𜊏M367~c×2, 𜊋M367~a×1, 𜊐M367~d×1
9	17	𛻃	M124	P008043, P008081, P008105	𛻃M124×17
10	14	𜁃	M243	P008245, P008403, P008636	𜁃M243×4, 𜁏M243~j×2, 𜁆M243~b×2, 𜁉M243~ee×2, 𜁍M243~h×1, 𜁎M243~i×1, 𜁋M243~f×1, 𜁄M243~aa×1
11	13	𛵓	M009	P008108, P008349, P008420	𛵓M009×13
12	12	𛸧	M072	P008043, P008082, P008242	𛸧M072×11, 𛸨M072~a×1
13	12	𛶎	M036	P008165, P008293, P008329	𛶎M036×12
14	11	𜉠	M354	P008259, P008347, P008715	𜉠M354×11
15	11	𜉮	M362	P008283, P008283, P008294	𜉮M362×6, 𜊁M362~a×5
16	10	𛼰	M149	P008013, P008142, P008149	𛼰M149~a×6, 𛼷M149~h×2, 𛼲M149~a2×2
17	10	𛿺	M218	P008049, P008065, P008081	𛿺M218×10
18	10	𛷶	M057	P008059, P008100, P008337	𛷶M057×4, 𛷼M057~b×4, 𛷽M057~b1×1, 𛷸M057~a×1
19	9	𛷱	M056	P008016, P008020, P008118	𛷳M056~f×7, 𛷲M056~e×1, 𛷴M056~g×1
20	9	𜃁	M263	P008060, P008144, P008501	𜃁M263×7, 𜃂M263~1×1, 𜃄M263~a1×1
21	9	𛵜	M010	P008270, P008279, P008331	𛵞M010~2×5, 𛵜M010×2, 𛵝M010~1×1, 𛵢M010~6×1
22	8	𛴺	M001	P008185, P008185, P008347	𛴺M001×8
23	7	𜆡	M305	P008042, P008163, P008278	𜆡M305×7
24	7	𛻰	M136	P008059, P008293, P008760	𛻰M136×4, 𛼅M136~p×1, 𛻾M136~i×1, 𛻸M136~c×1
25	7	𛸗	M066	P008083, P008083, P008477	𛸗M066×7
26	7	𜊛	M370	P008105, P008105, P008432	𜊛M370×7
27	7	𜆛	M304	P008108, P008238, P008827	𜆛M304×6, 𜆟M304~a×1
28	6	𛼌	M139	P008012, P008108, P008310	𛼌M139×5, 𛼎M139~a2×1
29	6	𜌗	M391	P008020, P368506, P368509	𜌗M391×6
30	6	𜊲	M373	P008105, P008105, P008105	𜊲M373×5, 𜊳M373~a×1
31	6	𛵁	M003	P008105, P008310, P008310	𛵂M003~b×6
32	6	𛶃	M032	P008201, P008331, P008346	𛶃M032×5, 𛶄M032~a×1
33	6	𛷙	M050	P008234, P008279, P008350	𛷚M050~k×3, 𛷛M050~k1×1, 𛷢M050~q×1, 𛷡M050~p×1
34	5	𛷇	M046	P008043, P008310, P008310	𛷇M046×5
35	5	𛵮	M024	P008081, P008083, P008144	𛵮M024×4, 𛵯M024~1×1
36	5	𜊩	M371	P008081, P008319, P008490	𜊩M371×5
37	5	𜂔	M254	P008081, P008423, P008432	𜂕M254~a×3, 𜂔M254×1, 𜂗M254~c×1
38	5	𜀢	M228	P008108, P008305, P009356	𜀫M228~ga×2, 𜀢M228×1, 𜀪M228~g×1, 𜀬M228~gb×1
39	5	𜊴	M374	P008142, P008171, P008281	𜊵M374~c×4, 𜊴M374~a×1
40	5	𜃪	M269	P008156, P008233, P008359	𜃫M269~1×1, 𜃳M269~b×1, 𜃱M269~a2×1, 𜃰M269~a1×1, 𜃴M269~c×1
41	5	𜇟	M317	P008170, P008310, P008759	𜇟M317×3, 𜇢M317~a×1, 𜇣M317~b×1
42	5	𛺄	M106	P008283, P008674, P008674	𛺉M106~a×4, 𛺄M106×1
43	5	𜆽	M309	P008295, P008348, P008394	𜇁M309~d×3, 𜆾M309~a×2
44	5	𛾾	M206	P008416, P008689, P009208	𛾿M206~d×5
45	4	𜇩	M318	P008060, P008490, P008642	𜇫M318~a1×1, 𜇩M318×1, 𜇯M318~e×1, 𜇱M318~h×1
46	4	𛽹	M175	P008060, P008429, P009087	𛽹M175×4
47	4	𛻛	M131	P008060, P008135, P008790	𛻛M131×2, 𛻟M131~e×2
48	4	𜂣	M259	P008065, P008431, P008688	𜂣M259×4
49	4	𛵅	M004	P008081, P008448, P008636	𛵅M004×4
50	4	𜁒	M246	P008274, P008349, P009043	𜁝M246~s×1, 𜁛M246~m×1, 𜁜M246~o×1, 𜁔M246~b×1
51	4	𜉎	M351+N14	P008281, P008307, P008490	𜉎M351+N14×4
52	4	𛵉	M006	P008294, P008294, P008294	𛵊M006@g×4
53	4	𛺑	M111	P008305, P008788, P009031	𛺒M111~a×3, 𛺙M111~h×1
54	4	𛽆	M153	P008431, P008864, P008957	𛽆M153×4
55	4	𛷂	M044	P009087, P009525, P009526	𛷂M044×4
56	3	[M006-cluster]	M006-cluster	P008007, P008473, P008474	𛵉M006×2, 𛵈M005~a×1
57	3	𜇶	M320	P008018, P008957, P009383	𜇶M320×3
58	3	𜉈	M348	P008035, P009257, P368490	𜉈M348×3
59	3	𜁞	M247	P008041, P008486, P009456	𜁤M247~f×1, 𜁠M247~b×1, 𜁦M247~m×1
60	3	𛼢	M146	P008041, P008049, P009290	𛼢M146×2, 𛼨M146~d×1
61	3	𜊛𛸧	M370+M072	P008105, P008105, P009183	𜊢M370~b+M072×3
62	3	𜊘	M369	P008105, P008105, P368514	𜊘M369×3
63	3	𜂧	M260	P008139, P008642, P009341	𜂧M260×3
64	3	𛿈	M207	P008144, P008315, P009441	𛿐M207~m×1, 𛿌M207~d×1, 𛿈M207×1
65	3	𛸳	M075	P008215, P008215, P009103	𛸻M075~m×1, 𛸼M075~o×1, 𛸷M075~g×1
66	3	𛼙	M145	P008281, P008315, P498539	𛼠M145~f×1, 𛼙M145×1, 𛼚M145~a×1
67	3	𛷣	M051	P008310, P008310, P009030	𛷣M051~a×2, 𛷥M051~c×1
68	3	𛺣	M112	P008310, P009043, P009256	𛺰M112~p×1, 𛺧M112~b×1, 𛺩M112~d×1
69	3	𛹧	M099	P008444, P008543, P008906	𛹧M099×3
70	3	𜌽	M449	P008642, P008642, P008642	𜌽M449×3
71	3	𛹪	M101	P008921, P009274, P009383	𛹪M101×3
72	2	𛶏	M036+N14	P008011, P008156	𛶏M036+N14×2
73	2	𛾳	M203	P008043, P008173	𛾳M203~a×2
74	2	𛶹	M041	P008043, P009459	𛶹M041×1, 𛶿M041~j×1
75	2	𛸩	M073	P008060, P008429	𛸩M073~a×2
76	2	𛿯	M217	P008083, P008083	𛿯M217×1, 𛿳M217~e×1
77	2	𛶭	M039	P008156, P008621	𛶭M039×2
78	2	𜅇	M291	P008170, P008644	𜅇M291×2
79	2	𛴾	M002	P008245, P008416	𛴾M002×2
80	2	𛽔	M157	P008293, P008847	𛽔M157×1, 𛽤M157~a×1
81	2	𜉍	M351	P008294, P008439	𜉒M351~c×1, 𜉍M351×1
82	2	𜅘	M295	P008296, P008427	𜅘M295×1, 𜅡M295~ee×1
83	2	𜃋	M264	P008315, P009256	𜃐M264~d×2
84	2	𜅊	M292	P008349, P009043	𜅏M292~f×1, 𜅊M292×1
85	2	𛹬	M102	P008349, P009043	𛹮M102~d×1, 𛹬M102~a×1
86	2	𜋀	M377	P008430, P008635	𜋀M377×2
87	2	𜂼	M262	P008430, P008688	𜂼M262×2
88	2	𜉕	M352	P008444, P009089	𜉚M352~n×2
89	2	𜋸	M386	P008447, P009356	𜋺M386~a×2
90	2	𛽑	M155	P008447, P009114	𛽑M155×1, 𛽒M155~f×1
91	2	𜌢	M417	P008448, P008689	𜌦M417~h×1, 𜌤M417~f×1
92	2	𜋊	M379	P008450, P368517	𜋌M379~d×1, 𜋊M379×1
93	2	𜃓	M265	P008525, P008899	𜃓M265×2
94	2	𜅒	M293	P008619, P009367	𜅓M293~a×1, 𜅖M293~d×1
95	2	𛸔	M064	P008642, P009365	𛸖M064~d×1, 𛸕M064~a×1
96	2	𜈙	M327	P008735, P498539	𜈦M327~p×1, 𜈙M327×1
97	2	𜄾	M289	P008790, P009130	𜅁M289~d×1, 𜄾M289×1
98	2	𜅂	M290	P008989, P009365	𜅂M290×1, 𜅃M290~a×1
99	2	𜀺	M242	P009089, P498539	𜁂M242~n×1, 𜀼M242~b×1
100	2	𛶔	M036+N30D	P009203, P009228	𛶔M036+N30D×2
101	2	𛶈	M033	P009318, P009341	𛶈M033×2
102	2	𜈒	M325	P009376, P368490	𜈔M325~d×1, 𜈒M325×1
103	1	𛽆𛵉	M153+M006	P008013	𛽇M153+M006~a×1
104	1	𛷨	M053	P008043	𛷨M053~a×1
105	1	𛼺	M151	P008065	𛼿M151~e×1
106	1	𛹔	M089	P008065	𛹔M089×1
107	1	𜋒	M381	P008069	𜋒M381×1
108	1	𛺴	M115	P008081	𛺵M115~a×1
109	1	𜈫	M332	P008089	𜈭M332~d×1
110	1	𛽞	M157+M153	P008105	𛽞M157+M153×1
111	1	𜈱	M340	P008116	𜈱M340×1
112	1	𛾬	M197	P008118	𛾬M197×1
113	1	𜆮	M305+M288	P008118	𜆮M305+M288×1
114	1	𛹆	M080	P008123	𛹇M080~b×1
115	1	𛸅	M059	P008163	𛸅M059×1
116	1	𜀈	M219	P008179	𜀋M219~s×1
117	1	𜃦	M268	P008233	𜃦M268~b×1
118	1	𜇇	M312	P008234	𜇉M312~c×1
119	1	𛵧	M014	P008234	𛵧M014~a×1
120	1	𜊅	M365	P008238	𜊅M365×1
121	1	𜈌	M324	P008238	𜈑M324~f×1
122	1	𛶗	M036+N39B	P008274	𛶗M036+N39B×1
123	1	𛶎𜈵	M036+M343	P008275	𛶝M036+M343~h×1
124	1	𜋔	M382	P008278	𜋔M382×1
125	1	𛾸	M205	P008281	𛾼M205~d×1
126	1	𛽁	M152	P008281	𛽅M152~g×1
127	1	𛵏	M007	P008281	𛵒M007~d×1
128	1	𜉮𛵳	M362+M026	P008294	𜉱M362+M026~h×1
129	1	𜌧	M418	P008303	𜌧M418~a×1
130	1	𜋂	M377+M377	P008310	𜋇M377~e+M377~e×1
131	1	𛹕	M090	P008315	𛹕M090×1
132	1	𛽠	M157+M340	P008315	𛽠M157+M340×1
133	1	𛹌	M081	P008315	𛹌M081×1
134	1	𜈵	M343	P008315	𜈶M343~d×1
135	1	𜇼	M321	P008317	𜇽M321~b×1
136	1	𛻌	M128	P008318	𛻗M128~ef×1
137	1	𜃞	M266	P008321	𜃟M266~b×1
138	1	𛶒	M036+N30C	P008321	𛶒M036+N30C×1
139	1	𜉏	M351+3(N01)	P008331	𜉏M351+3(N01)×1
140	1	𛵇	M005	P008344	𛵇M005×1
141	1	𜌭	M420	P008383	𜌭M420×1
142	1	𜍢	M505	P008429	𜍢M505×1
143	1	𜊟	M370+M388+M370	P008432	𜊟M370+M388+M370×1
144	1	𜇄	M311	P008477	𜇄M311×1
145	1	𛿓	M208	P008490	𛿓M208×1
146	1	𛵤	M011	P008532	𛵤M011×1
147	1	𜆁	M298	P008546	𜆂M298~a×1
148	1	𜉈𜄱	M348+M288	P008621	𜉈𜄱M348+M288×1
149	1	𜆯	M305+M320	P008635	𜆯M305+M320×1
150	1	𜌾	M450	P008642	𜌾M450×1
151	1	𛶡	M038	P008689	𛶨M038~e×1
152	1	𛹤	M097	P008740	𛹥M097~h×1
153	1	𛼔	M143	P008751	𛼖M143~d×1
154	1	𜆌	M302	P008824	𜆔M302~i×1
155	1	𛵬	M018	P008898	𛵬M018×1
156	1	𛵪	M016	P008901	𛵪M016×1
157	1	𜅴	M296	P008906	𜅴M296×1
158	1	𜈆	M323	P008919	𜈆M323×1
159	1	𛾗	M188	P008971	𛾘M188~f×1
160	1	𛶓	M036+N30C+N39C	P009074	𛶓M036+N30C+N39C×1
161	1	𛿧	M214	P009089	𛿪M214~d×1
162	1	𛺹	M122	P009107	𛺹M122×1
163	1	𜋴	M385	P009114	𜋴M385×1
164	1	𛽍	M153+M342	P009174	𛽍M153+M342×1
165	1	𛸒	M063	P009177	𛸒M063×1
166	1	𜁱	M249	P009193	𜁲M249~c×1
167	1	𛵷𛴄	M029+N08A	P009194	𛵿M029~l+N08A×1
168	1	𜀕	M223	P009253	𜀕M223×1
169	1	𛿙	M210	P009343	𛿞M210~d×1
170	1	𛼫	M147	P009343	𛼮M147~d×1
171	1	𛻰𛽆	M136+M153	P009356	𛻰𛽆M136+M153×1
172	1	𛵷	M029	P009356	𛵹M029~b×1
173	1	𜇳	M319	P009356	𜇳M319×1
174	1	𜄉𛴊	M278+N24	P009365	𜄉𛴊M278+N24×1
175	1	𛻀	M123	P009425	𛻀M123~b×1
176	1	𜋁	M377+M320+M377	P009443	𜋁M377+M320+M377×1
177	1	𜍗	M489	P009526	𜍗M489×1
178	1	𜁺	M250	P272825	𜁽M250~n×1
179	1	𜈜	M327+M059	P272825	𜈜M327+M059×1
180	1	𜆪	M305+M157	P368505	𜆪M305+M157×1
