diff_count	length	record_a	glyphs_a	codes_a	record_b	glyphs_b	codes_b	diff_positions
1	7	P008186	𜅊 𜌓 𜇽 𛶃 𜈰 𛷹 𜄱	M292 M388 M321~b M032 M332~g M057~a1 M288	P009191	𜅊 𜌓 𛼢 𛶃 𜈰 𛷸 𜄱	M292 M388 M146 M032 M332~g M057~a M288	[2]
1	6	P008003	𜆡 𜌓 𛻏 𛻏 𛹜 𜉠	M305 M388 M128~d M128~d M096 M354	P008137	𜆡 𜌓 𛻌 𛻌 𛹜 𜃇	M305 M388 M128 M128 M096 M263~e	[5]
1	6	P008157	𛺖 𜌓 𜉇 𜋅 𛿺 𛶔	M111~e M388 M347 M377~e M218 M036+N30D	P008919	𛺒 𜌓 𜉇 𜋅 𛿺 𛶎	M111~a M388 M347 M377~e M218 M036	[5]
1	6	P008310	𛺯 𜌓 𛵯 𛶈 𜊩 𜇟	M112~o M388 M024~1 M033 M371 M317	P008310	𛷣 𜌓 𛵮 𛶈 𜊩 𜇟	M051~a M388 M024 M033 M371 M317	[0]
1	5	P008005	𛿺 𜂣 𜊩 𜀕 𛼹	M218 M259 M371 M223 M150~a	P008271	𛿺 𜂣 𜊩 𜀗 𛿺	M218 M259 M371 M223~b M218	[4]
1	5	P008163	𜆡 𜌓 𜀰 𛹥 𛵅	M305 M388 M240 M097~h M004	P009277	𜆡 𜌓 𛼢 𛹥 𛵅	M305 M388 M146 M097~h M004	[2]
1	5	P008727	𛾥 𛼯 𛼌 𜌓 𜃃	M195+M057 M147~e M139 M388 M263~a	P008730	𛾥 𛼫 𛼌 𜌓 𜋾	M195+M057 M147 M139 M388 M387	[4]
1	4	P008003	𜆚 𜋾 𛵓 𜃌	M302~t M387 M009 M264~a1	P009280	𜊩 𜋾 𛵓 𜃌	M371 M387 M009 M264~a1	[0]
1	4	P008004	𜆡 𛻃 𛸘 𜈽	M305 M124 M066~a M346	P008076	𜆡 𛷖 𛸗 𜉄	M305 M049~e M066 M346~b	[1]
1	4	P008022	𜌁 𜌁 𛷪 𜌓	M387~c M387~c M054 M388	P008033	𛺹 𜌁 𛷪 𜌓	M122 M387~c M054 M388	[0]
1	4	P008022	𜌁 𜌁 𛷪 𜌓	M387~c M387~c M054 M388	P008265	𜆡 𜌁 𛷪 𜌓	M305 M387~c M054 M388	[0]
1	4	P008022	𜌁 𜌁 𛷪 𜌓	M387~c M387~c M054 M388	P008992	𜌁 𜌁 𛷪 𜃕	M387~c M387~c M054 M265~2	[3]
1	4	P008022	𜌁 𜌁 𛷪 𜌓	M387~c M387~c M054 M388	P009224	𜌎 𜌎 𛷪 𜄱	M387~i M387~i M054 M288	[3]
1	4	P008033	𛺹 𜌁 𛷪 𜌓	M122 M387~c M054 M388	P008265	𜆡 𜌁 𛷪 𜌓	M305 M387~c M054 M388	[0]
1	4	P008033	𛺹 𜌁 𛷪 𜌓	M122 M387~c M054 M388	P009180	𜌁 𜌁 𛷪 𜌓	M387~c M387~c M054 M388	[0]
1	4	P008043	𛹥 𜀄 𜁻 𛷪	M097~h M218~b M250~ba M054	P008136	𛹤 𜀄 𜁻 𜃁	M097~f M218~b M250~ba M263	[3]
1	4	P008046	𛹥 𛵅 𛿺 𜂩	M097~h M004 M218 M260~1+N24	P009156	𛹥 𛵅 𛿺 𜃁	M097~h M004 M218 M263	[3]
1	4	P008060	𛻃 𜊩 𛵓 𜄱	M124 M371 M009 M288	P008355	𛻃 𜊩 𛵓 𜊩	M124 M371 M009 M371	[3]
1	4	P008060	𛻃 𜋺 𛵮 𜊩	M124 M386~a M024 M371	P008100	𛻃 𜊛 𛵮 𜊩	M124 M370 M024 M371	[1]
1	4	P008060	𜇫 𛵓 𜊩 𜄱	M318~a1 M009 M371 M288	P008666	𜂂 𛵓 𜊩 𜄱	M251~c M009 M371 M288	[0]
1	4	P008060	𜇫 𛵓 𜊩 𜄱	M318~a1 M009 M371 M288	P009089	𜉚 𛵓 𜊩 𜄱	M352~n M009 M371 M288	[0]
1	4	P008083	𛸗 𜉜 𛹜 𜅸	M066 M352~o M096 M297	P008122	𛸗 𜉜 𛹢 𜄱	M066 M352~o M096~c M288	[3]
1	4	P008083	𛸗 𜉜 𛹜 𜅸	M066 M352~o M096 M297	P008431	𛸗 𜉜 𜇔 𜅸	M066 M352~o M315 M297	[2]
1	4	P008083	𛸗 𜉜 𛹜 𜅸	M066 M352~o M096 M297	P009375	𛸗 𜉚 𜉇 𜅸	M066 M352~n M347 M297	[2]
1	4	P008083	𛸗 𜉜 𛹜 𜅸	M066 M352~o M096 M297	P009439	𛸗 𜉚 𜇔 𜅸	M066 M352~n M315 M297	[2]
1	4	P008087	𛻃 𜋺 𛵮 𜊩	M124 M386~a M024 M371	P008100	𛻃 𜊛 𛵮 𜊩	M124 M370 M024 M371	[1]
1	4	P008105	𛼰 𜌓 𛿺 𛷪	M149~a M388 M218 M054	P008105	𛼰 𜌓 𛿺 𜅘	M149~a M388 M218 M295	[3]
1	4	P008105	𛼰 𜌓 𛿺 𛷪	M149~a M388 M218 M054	P009185	𛼲 𜌓 𛿺 𜅦	M149~a2 M388 M218 M295~k	[3]
1	4	P008108	𜌓 𛹥 𜇪 𜊩	M388 M097~h M318~a M371	P008185	𜌓 𛵯 𜇬 𜊩	M388 M024~1 M318~a2 M371	[1]
1	4	P008108	𜌓 𛹥 𜇪 𜊩	M388 M097~h M318~a M371	P272825	𛵹 𛹥 𜇩 𜊩	M029~b M097~h M318 M371	[0]
1	4	P008122	𜇏 𛶃 𛹜 𜄱	M314 M032 M096 M288	P008663	𜌓 𛶃 𛹜 𜄱	M388 M032 M096 M288	[0]
1	4	P008122	𜃁 𜌆 𛸗 𜄱	M263 M387~ef M066 M288	P008351	𜀈 𜌁 𛸗 𜄽	M219 M387~c M066 M288~i	[0]
1	4	P008122	𜀕 𛸗 𛿺 𜄱	M223 M066 M218 M288	P008146	𜀕 𜀚 𛿺 𜄱	M223 M224 M218 M288	[1]
1	4	P008136	𛷸 𜀰 𜋺 𜀰	M057~a M240 M386~a M240	P008860	𛻃 𜀰 𜋺 𜀰	M124 M240 M386~a M240	[0]
1	4	P008144	𜋀 𜋺 𜀰 𛹜	M377 M386~a M240 M096	P008271	𛻃 𜋺 𜀰 𛹜	M124 M386~a M240 M096	[0]
1	4	P008144	𜋀 𜋺 𜀰 𛹜	M377 M386~a M240 M096	P008644	𜁂 𜋺 𜀶 𛹜	M242~n M386~a M240~e M096	[0]
1	4	P008144	𜋀 𜋺 𜀰 𛹜	M377 M386~a M240 M096	P009018	𜄧 𜋺 𜀰 𛹜	M285~c M386~a M240 M096	[0]
1	4	P008185	𜌓 𛸘 𜀈 𛿺	M388 M066~a M219 M218	P009181	𜌓 𛸘 𜅘 𛿺	M388 M066~a M295 M218	[2]
1	4	P008192	𛹆 𜌓 𜅭 𜀌	M080~a M388 M295~q M220	P368478	𛹈 𜌓 𜅘 𛿺	M080~c M388 M295 M218	[3]
1	4	P008221	𛷐 𜀈 𛿺 𜄱	M048~k M219 M218 M288	P008688	𜊩 𜀈 𛿺 𜄱	M371 M219 M218 M288	[0]
1	4	P008241	𜀶 𜉇 𜊩 𛿱	M240~e M347 M371 M217+M388	P008972	𜀶 𜉇 𜊩 𜋾	M240~e M347 M371 M387	[3]
1	4	P008260	𛻎 𜋅 𜉇 𜊩	M128~ca M377~e M347 M371	P008448	𛼢 𜋅 𜉇 𜊩	M146 M377~e M347 M371	[0]
1	4	P008260	𛻎 𜋅 𜉇 𜊩	M128~ca M377~e M347 M371	P008740	𛵸 𜋅 𜉇 𜊩	M029~a M377~e M347 M371	[0]
1	4	P008260	𛻎 𜋅 𜉇 𜊩	M128~ca M377~e M347 M371	P009298	𜄩 𜋅 𜉇 𜊩	M285~d M377~e M347 M371	[0]
1	4	P008265	𜆡 𜌁 𛷪 𜌓	M305 M387~c M054 M388	P009180	𜌁 𜌁 𛷪 𜌓	M387~c M387~c M054 M388	[0]
1	4	P008271	𛻃 𜋺 𜀰 𛹜	M124 M386~a M240 M096	P008644	𜁂 𜋺 𜀶 𛹜	M242~n M386~a M240~e M096	[0]
1	4	P008271	𛻃 𜋺 𜀰 𛹜	M124 M386~a M240 M096	P009018	𜄧 𜋺 𜀰 𛹜	M285~c M386~a M240 M096	[0]
1	4	P008351	𜀈 𜌁 𛸗 𜄽	M219 M387~c M066 M288~i	P008417	𜃁 𜌆 𛸗 𜄱	M263 M387~ef M066 M288	[0]
1	4	P008355	𛻃 𜊩 𛵓 𜊩	M124 M371 M009 M371	P008490	𛻃 𜌕 𛵓 𜊩	M124 M390 M009 M371	[1]
1	4	P008355	𛻃 𜊩 𛵓 𜊩	M124 M371 M009 M371	P009183	𛻃 𛷋 𛵓 𜊩	M124 M048~c M009 M371	[1]
1	4	P008355	𛻃 𜊩 𛵓 𜊩	M124 M371 M009 M371	P009257	𛻃 𜇭 𛵓 𜊩	M124 M318~a3 M009 M371	[1]
1	4	P008355	𛻃 𜊩 𛵓 𜊩	M124 M371 M009 M371	P009257	𛻃 𜇭 𛵓 𜊩	M124 M318~a3 M009 M371	[1]
1	4	P008379	𛻃 𛸗 𜆅 𛷶	M124 M066 M301~a M057	P009088	𜋀 𛸗 𜆄 𛷶	M377 M066 M301 M057	[0]
1	4	P008430	𜂼 𜂣 𛿺 𛵞	M262 M259 M218 M010~2	P008688	𜂼 𜂣 𛿺 𜄱	M262 M259 M218 M288	[3]
1	4	P008431	𛸗 𜉜 𜇔 𜅸	M066 M352~o M315 M297	P009375	𛸗 𜉚 𜉇 𜅸	M066 M352~n M347 M297	[2]
1	4	P008438	𛶃 𜋾 𛿺 𜄱	M032 M387 M218 M288	P008942	𛸗 𜋾 𛿺 𜄱	M066 M387 M218 M288	[0]
1	4	P008448	𛼢 𜋅 𜉇 𜊩	M146 M377~e M347 M371	P008740	𛵸 𜋅 𜉇 𜊩	M029~a M377~e M347 M371	[0]
1	4	P008448	𛼢 𜋅 𜉇 𜊩	M146 M377~e M347 M371	P009298	𜄩 𜋅 𜉇 𜊩	M285~d M377~e M347 M371	[0]
1	4	P008468	𛿺 𜂦 𛵓 𜊩	M218 M259~3 M009 M371	P009383	𛿺 𜂣 𛽆 𜊭	M218 M259 M153 M371~d	[2]
1	4	P008490	𛻃 𜌕 𛵓 𜊩	M124 M390 M009 M371	P009183	𛻃 𛷋 𛵓 𜊩	M124 M048~c M009 M371	[1]
1	4	P008490	𛻃 𜌕 𛵓 𜊩	M124 M390 M009 M371	P009257	𛻃 𜇭 𛵓 𜊩	M124 M318~a3 M009 M371	[1]
1	4	P008490	𛻃 𜌕 𛵓 𜊩	M124 M390 M009 M371	P009257	𛻃 𜇭 𛵓 𜊩	M124 M318~a3 M009 M371	[1]
1	4	P008490	𜌓 𜂂 𛵅 𛿺	M388 M251~c M004 M218	P272825	𜌓 𛵓 𛵅 𛿺	M388 M009 M004 M218	[1]
1	4	P008621	𛸗 𜉜 𛿺 𛿺	M066 M352~o M218 M218	P009412	𛸗 𜉜 𜉇 𛿺	M066 M352~o M347 M218	[2]
1	4	P008644	𜌓 𛷼 𜋾 𛿺	M388 M057~b M387 M218	P009262	𜌓 𛻌 𜋿 𛿺	M388 M128 M387~a M218	[1]
1	4	P008644	𜁂 𜋺 𜀶 𛹜	M242~n M386~a M240~e M096	P009018	𜄧 𜋺 𜀰 𛹜	M285~c M386~a M240 M096	[0]
1	4	P008666	𜂂 𛵓 𜊩 𜄱	M251~c M009 M371 M288	P009089	𜉚 𛵓 𜊩 𜄱	M352~n M009 M371 M288	[0]
1	4	P008688	𜂼 𜂣 𛿺 𜄱	M262 M259 M218 M288	P008914	𜋾 𜂣 𛿺 𜄱	M387 M259 M218 M288	[0]
1	4	P008688	𜂣 𛷐 𛹜 𜄱	M259 M048~k M096 M288	P009338	𜂣 𜄚 𛹜 𜄱	M259 M281~f M096 M288	[1]
1	4	P008740	𛵸 𜋅 𜉇 𜊩	M029~a M377~e M347 M371	P009298	𜄩 𜋅 𜉇 𜊩	M285~d M377~e M347 M371	[0]
1	4	P008756	𛷌 𜊅 𛶎 𜃟	M048~d M365 M036 M266~b	P008756	𛷌 𛶈 𛶎 𜃟	M048~d M033 M036 M266~b	[1]
1	4	P008992	𜌁 𜌁 𛷪 𜃕	M387~c M387~c M054 M265~2	P009180	𜌁 𜌁 𛷪 𜌓	M387~c M387~c M054 M388	[3]
1	4	P008992	𜌁 𜌁 𛷪 𜃕	M387~c M387~c M054 M265~2	P009224	𜌎 𜌎 𛷪 𜄱	M387~i M387~i M054 M288	[3]
1	4	P009180	𜌁 𜌁 𛷪 𜌓	M387~c M387~c M054 M388	P009224	𜌎 𜌎 𛷪 𜄱	M387~i M387~i M054 M288	[3]
1	4	P009183	𛻃 𛷋 𛵓 𜊩	M124 M048~c M009 M371	P009257	𛻃 𜇭 𛵓 𜊩	M124 M318~a3 M009 M371	[1]
1	4	P009183	𛻃 𛷋 𛵓 𜊩	M124 M048~c M009 M371	P009257	𛻃 𜇭 𛵓 𜊩	M124 M318~a3 M009 M371	[1]
1	4	P009228	𜆡 𜌓 𛵓 𛵅	M305 M388 M009 M004	P272825	𜆡 𜌓 𛵓 𜊩	M305 M388 M009 M371	[3]
1	4	P009279	𜆚 𜋾 𛵓 𜃌	M302~t M387 M009 M264~a1	P009280	𜊩 𜋾 𛵓 𜃌	M371 M387 M009 M264~a1	[0]
1	4	P009356	𛵅 𛹪 𛸗 𜃁	M004 M101 M066 M263	P009373	𛵅 𜀁 𛸗 𜃆	M004 M218+M288~f M066 M263~b1	[1]
1	4	P009375	𛸗 𜉚 𜉇 𜅸	M066 M352~n M347 M297	P009412	𛸗 𜉜 𜉇 𛿺	M066 M352~o M347 M218	[3]
1	4	P009375	𛸗 𜉚 𜉇 𜅸	M066 M352~n M347 M297	P009439	𛸗 𜉚 𜇔 𜅸	M066 M352~n M315 M297	[2]
1	4	P009535	𜌓 𛾾 𜊩 𜈽	M388 M206~b M371 M346	P009535	𜌓 𛸧 𜊩 𜈽	M388 M072 M371 M346	[1]
2	7	P008718	𛾥 𛼫 𛼌 𜌓 𜍅 𛷻 𜅏	M195+M057 M147 M139 M388 M461~b M057~a4 M292~f	P008719	𛾥 𛼫 𛼌 𜌓 𛷕 𜅭 𜅌	M195+M057 M147 M139 M388 M049~da M295~q M292~c	[4, 5]
2	7	P008718	𛾥 𛼫 𛼌 𜌓 𜍅 𛷻 𜅏	M195+M057 M147 M139 M388 M461~b M057~a4 M292~f	P008728	𛾥 𛼯 𛼌 𜌓 𜃂 𜄚 𜅌	M195+M057 M147~e M139 M388 M263~1 M281~f M292~c	[4, 5]
2	7	P008719	𛾥 𛼫 𛼌 𜌓 𛷕 𜅭 𜅌	M195+M057 M147 M139 M388 M049~da M295~q M292~c	P008728	𛾥 𛼯 𛼌 𜌓 𜃂 𜄚 𜅌	M195+M057 M147~e M139 M388 M263~1 M281~f M292~c	[4, 5]
2	6	P008134	𛾣 𜌓 𜄷 𛿺 𛿺 𜄱	M195+M038 M388 M288~c M218 M218 M288	P008158	𛾤 𜌓 𜉉 𜀕 𛿺 𜄱	M195+M038~a M388 M348+M004 M223 M218 M288	[2, 3]
2	6	P008186	𜊅 𜌓 𜃂 𛶈 𜊩 𜄱	M365 M388 M263~1 M033 M371 M288	P009343	𛿞 𜌓 𜃁 𜉇 𜊩 𜄱	M210~d M388 M263 M347 M371 M288	[0, 3]
2	6	P008310	𛷣 𜌓 𛿺 𜀭 𜊩 𜇟	M051~a M388 M218 M229~e M371 M317	P008310	𛷣 𜌓 𛵮 𛶈 𜊩 𜇟	M051~a M388 M024 M033 M371 M317	[2, 3]
2	5	P008005	𛻃 𜋺 𜀮 𛹜 𛼹	M124 M386~a M230 M096 M150~a	P008043	𛻃 𜀻 𜀮 𛹜 𛵂	M124 M242~ab M230 M096 M003~b	[1, 4]
2	5	P008005	𛻃 𜋺 𜀮 𛹜 𛼹	M124 M386~a M230 M096 M150~a	P008666	𛻃 𜋺 𜃁 𛹜 𜄱	M124 M386~a M263 M096 M288	[2, 4]
2	5	P008032	𜆡 𜌓 𜉜 𛺌 𛸗	M305 M388 M352~o M109 M066	P008978	𜆡 𜌓 𜆆 𛿺 𛸗	M305 M388 M301~aa M218 M066	[2, 3]
2	5	P008038	𜈔 𜌓 𛼢 𜊩 𜄱	M325~d M388 M146 M371 M288	P009416	𛾳 𜌓 𛼺 𜊩 𜄱	M203~a M388 M151 M371 M288	[0, 2]
2	5	P008082	𛽢 𜌓 𛷽 𜋾 𛿺	M157+M377~e+M377~e M388 M057~b1 M387 M218	P368478	𜆡 𜌓 𛻌 𜋾 𛿺	M305 M388 M128 M387 M218	[0, 2]
2	5	P008083	𛿳 𛵮 𜀖 𛸗 𜄱	M217~e M024 M223~a M066 M288	P009343	𛿴 𛶃 𛹝 𛸗 𜄱	M217~ea M032 M096~1 M066 M288	[1, 2]
2	5	P008085	𜌓 𜂉 𛷏 𛹜 𜄱	M388 M251~m M048~i M096 M288	P008296	𜌓 𜀮 𜂾 𛹜 𜄱	M388 M230 M262~a M096 M288	[1, 2]
2	5	P008085	𜌓 𜂉 𛷏 𛹜 𜄱	M388 M251~m M048~i M096 M288	P008296	𜋾 𜂂 𜄚 𛹜 𜄱	M387 M251~c M281~f M096 M288	[0, 2]
2	5	P008105	𜌓 𜋾 𛵓 𜊩 𛷪	M388 M387 M009 M371 M054	P008105	𜌓 𜌁 𜉞 𜈒 𛷪	M388 M387~c M352~s M325 M054	[2, 3]
2	5	P008108	𜌓 𛵅 𜃁 𛿺 𜉈	M388 M004 M263 M218 M348	P008490	𜌓 𛵅 𜃂 𛺌 𛵂	M388 M004 M263~1 M109 M003~b	[3, 4]
2	5	P008108	𜌓 𛵅 𜃁 𛿺 𜉈	M388 M004 M263 M218 M348	P008635	𜀞 𛵅 𜃂 𛿺 𜄱	M226~c M004 M263~1 M218 M288	[0, 4]
2	5	P008109	𜆡 𜌓 𛸗 𜉜 𛿺	M305 M388 M066 M352~o M218	P009002	𜉖 𜌓 𛸗 𜀈 𛿺	M352~b M388 M066 M219 M218	[0, 3]
2	5	P008109	𜆡 𜌓 𛸗 𜉜 𛿺	M305 M388 M066 M352~o M218	P368478	𜆡 𜌓 𛻌 𜋾 𛿺	M305 M388 M128 M387 M218	[2, 3]
2	5	P008109	𜆡 𜌓 𛸗 𜉜 𛿺	M305 M388 M066 M352~o M218	P368485	𜆡 𜌓 𛹥 𛵅 𛿺	M305 M388 M097~h M004 M218	[2, 3]
2	5	P008138	𛸗 𜂣 𜈭 𛿺 𜃅	M066 M259 M332~d M218 M263~b	P009156	𛸗 𜉚 𛸗 𛿺 𜃃	M066 M352~n M066 M218 M263~a	[1, 2]
2	5	P008154	𜈧 𜌓 𛶃 𜅸 𛶃	M328~b M388 M032 M297 M032	P009207	𛾐 𜌓 𛶃 𜅸 𜄱	M177~a M388 M032 M297 M288	[0, 4]
2	5	P008185	𛼌 𜌓 𜅴 𜃂 𛿺	M139 M388 M296 M263~1 M218	P008929	𛼌 𜌓 𜉉 𜀓 𛿺	M139 M388 M348+M004 M222 M218	[2, 3]
2	5	P008214	𜉣 𜌓 𜂼 𜉇 𜊩	M357 M388 M262 M347 M371	P008690	𛻸 𜌓 𜋅 𜉇 𜊩	M136~c M388 M377~e M347 M371	[0, 2]
2	5	P008221	𜌓 𜂼 𛹤 𛿺 𜄱	M388 M262 M097~f M218 M288	P008580	𜌓 𜇏 𜀈 𛿺 𜄱	M388 M314 M219 M218 M288	[1, 2]
2	5	P008221	𛽹 𛿺 𜂣 𛿺 𜄱	M175 M218 M259 M218 M288	P008351	𛻃 𛿯 𜂣 𛿺 𜄽	M124 M217 M259 M218 M288~i	[0, 1]
2	5	P008239	𜁈 𜌓 𜉇 𜋀 𛿺	M243~e M388 M347 M377 M218	P008999	𜈆 𜌓 𜉇 𜊩 𛿺	M323 M388 M347 M371 M218	[0, 3]
2	5	P008241	𛻃 𛿺 𛶃 𛹜 𛿱	M124 M218 M032 M096 M217+M388	P008241	𛻃 𛿺 𜀈 𛿺 𛿱	M124 M218 M219 M218 M217+M388	[2, 3]
2	5	P008242	𛻃 𛼑 𛹥 𜋾 𛿺	M124 M141~a M097~h M387 M218	P008292	𛻃 𛿺 𛹥 𜌕 𛿺	M124 M218 M097~h M390 M218	[1, 3]
2	5	P008337	𛹔 𜁼 𜋀 𜉇 𜊩	M089 M250~m M377 M347 M371	P008690	𛻸 𜌓 𜋅 𜉇 𜊩	M136~c M388 M377~e M347 M371	[0, 1]
2	5	P008351	𛻃 𛿯 𜂣 𛿺 𜄽	M124 M217 M259 M218 M288~i	P008688	𛽹 𛿺 𜂣 𛿺 𜄱	M175 M218 M259 M218 M288	[0, 1]
2	5	P008351	𛻃 𜉚 𜂕 𛹜 𜄽	M124 M352~n M254~a M096 M288~i	P008533	𛻃 𛵮 𜀼 𛹜 𜄱	M124 M024 M242~b M096 M288	[1, 2]
2	5	P008351	𛻃 𜉚 𜂕 𛹜 𜄽	M124 M352~n M254~a M096 M288~i	P008666	𛻃 𜋺 𜃁 𛹜 𜄱	M124 M386~a M263 M096 M288	[1, 2]
2	5	P008351	𛻃 𛹜 𜀡 𛸗 𜄽	M124 M096 M227 M066 M288~i	P008867	𛻃 𜃂 𛺌 𛸗 𜄱	M124 M263~1 M109 M066 M288	[1, 2]
2	5	P008383	𛻃 𜉇 𜀂 𜊩 𜄱	M124 M347 M218+M320 M371 M288	P009343	𛻃 𛿈 𜅙 𜊩 𜄱	M124 M207 M295~a M371 M288	[1, 2]
2	5	P008399	𜌓 𛸗 𜉜 𜂃 𛸗	M388 M066 M352~o M251~c2 M066	P009412	𜌓 𛸗 𜉜 𜊛 𛿺	M388 M066 M352~o M370 M218	[3, 4]
2	5	P008533	𛻃 𛵮 𜀼 𛹜 𜄱	M124 M024 M242~b M096 M288	P008666	𛻃 𜋺 𜃁 𛹜 𜄱	M124 M386~a M263 M096 M288	[1, 2]
2	5	P008580	𜌓 𜇏 𜀈 𛿺 𜄱	M388 M314 M219 M218 M288	P008906	𜌓 𜌻 𜀈 𛿺 𛵂	M388 M447~d M219 M218 M003~b	[1, 4]
2	5	P008612	𛿯 𜃁 𛺌 𛸗 𜄲	M217 M263 M109 M066 M288+N01	P008867	𛻃 𜃂 𛺌 𛸗 𜄱	M124 M263~1 M109 M066 M288	[0, 4]
2	5	P008959	𜆡 𜌓 𜀞 𜊩 𜂩	M305 M388 M226~c M371 M260~1+N24	P009306	𜆡 𜌓 𜄬 𜊩 𛿡	M305 M388 M285~s M371 M210~g	[2, 4]
2	5	P009026	𜌓 𛺌 𛿺 𛷶 𜄱	M388 M109 M218 M057 M288	P272826	𜌓 𜉚 𜆄 𛷸 𜄱	M388 M352~n M301 M057~a M288	[1, 2]
2	5	P009242	𜆡 𜌓 𛹥 𜀞 𜊩	M305 M388 M097~h M226~c M371	P368485	𜆡 𜌓 𛹥 𛵅 𛿺	M305 M388 M097~h M004 M218	[3, 4]
2	5	P009338	𜆡 𜌓 𛺍 𜀼 𛹜	M305 M388 M110 M242~b M096	P009466	𛶪 𛼢 𛺎 𜀼 𛹜	M038~f M146 M110~a M242~b M096	[0, 1]
2	5	P368478	𜆡 𜌓 𛻌 𜋾 𛿺	M305 M388 M128 M387 M218	P368485	𜆡 𜌓 𛹥 𛵅 𛿺	M305 M388 M097~h M004 M218	[2, 3]
2	5	P368480	𛹺 𛿺 𛷗 𛵅 𛿺	M103~2 M218 M049~m M004 M218	P368604	𛽭 𛿺 𛶍 𛵅 𛿺	M158 M218 M009~d ≈ M035M09~d ≈ M3 M004 M218	[0, 2]
2	5	P368480	𜌓 𛼢 𛹥 𛵅 𛿺	M388 M146 M097~h M004 M218	P368485	𜆡 𜌓 𛹥 𛵅 𛿺	M305 M388 M097~h M004 M218	[0, 1]
2	4	P008004	𜆡 𛻃 𛸘 𜈽	M305 M124 M066~a M346	P008071	𛿫 𛻃 𛸗 𜈩	M214~e M124 M066 M329	[0, 3]
2	4	P008004	𜆡 𛻃 𛸘 𜈽	M305 M124 M066~a M346	P008516	𛸗 𜀈 𛸗 𜈽	M066 M219 M066 M346	[0, 1]
2	4	P008004	𜆡 𛻃 𛸘 𜈽	M305 M124 M066~a M346	P008516	𛿺 𛶍 𛸗 𜈽	M218 M009~d ≈ M035M09~d ≈ M3 M066 M346	[0, 1]
2	4	P008004	𜆡 𛻃 𛸘 𜈽	M305 M124 M066~a M346	P009535	𜌓 𛻃 𛹤 𜈽	M388 M124 M097~f M346	[0, 2]
2	4	P008007	𛻃 𜁖 𜋺 𛸗	M124 M246~ca M386~a M066	P008105	𛻃 𜃂 𛺌 𛸗	M124 M263~1 M109 M066	[1, 2]
2	4	P008007	𛻃 𜁖 𜋺 𛸗	M124 M246~ca M386~a M066	P008860	𛻃 𜀰 𜋺 𜀰	M124 M240 M386~a M240	[1, 3]
2	4	P008007	𛻃 𜁖 𜋺 𛸗	M124 M246~ca M386~a M066	P009185	𛻃 𜃂 𛺌 𛸘	M124 M263~1 M109 M066~a	[1, 2]
2	4	P008010	𛻃 𛵓 𛼌 𜅙	M124 M009 M139 M295~a	P008049	𛻃 𜌗 𜀄 𜅱	M124 M391 M218~b M295~wa	[1, 2]
2	4	P008010	𛻃 𛵓 𛼌 𜅙	M124 M009 M139 M295~a	P008105	𛻃 𛵓 𜊩 𜋺	M124 M009 M371 M386~a	[2, 3]
2	4	P008010	𛻃 𛵓 𛼌 𜅙	M124 M009 M139 M295~a	P008429	𛻃 𛸪 𜀕 𜅘	M124 M073~b M223 M295	[1, 2]
2	4	P008013	𜁙 𛵓 𜊩 𜊽	M246~g M009 M371 M376	P008060	𜇫 𛵓 𜊩 𜄱	M318~a1 M009 M371 M288	[0, 3]
2	4	P008013	𜁙 𛵓 𜊩 𜊽	M246~g M009 M371 M376	P008105	𛻃 𛵓 𜊩 𜋺	M124 M009 M371 M386~a	[0, 3]
2	4	P008013	𜁙 𛵓 𜊩 𜊽	M246~g M009 M371 M376	P008125	𜊩 𛵓 𜊩 𛵄	M371 M009 M371 M003~c	[0, 3]
2	4	P008013	𜁙 𛵓 𜊩 𜊽	M246~g M009 M371 M376	P008666	𜂂 𛵓 𜊩 𜄱	M251~c M009 M371 M288	[0, 3]
2	4	P008013	𜁙 𛵓 𜊩 𜊽	M246~g M009 M371 M376	P009089	𜉚 𛵓 𜊩 𜄱	M352~n M009 M371 M288	[0, 3]
2	4	P008015	𜇳 𛼌 𜉈 𜄱	M319 M139 M348 M288	P008711	𛼌 𛶃 𜉈 𜄱	M139 M032 M348 M288	[0, 1]
2	4	P008022	𜌁 𜌁 𛷪 𜌓	M387~c M387~c M054 M388	P008429	𛽹 𜃞 𛷪 𜌓	M175 M266~a M054 M388	[0, 1]
2	4	P008022	𜌁 𜌁 𛷪 𜌓	M387~c M387~c M054 M388	P234794	𜋾 𜋾 𜂼 𛹜	M387 M387 M262 M096	[2, 3]
2	4	P008033	𛺹 𜌁 𛷪 𜌓	M122 M387~c M054 M388	P008429	𛽹 𜃞 𛷪 𜌓	M175 M266~a M054 M388	[0, 1]
2	4	P008033	𛺹 𜌁 𛷪 𜌓	M122 M387~c M054 M388	P008992	𜌁 𜌁 𛷪 𜃕	M387~c M387~c M054 M265~2	[0, 3]
2	4	P008033	𛺹 𜌁 𛷪 𜌓	M122 M387~c M054 M388	P009224	𜌎 𜌎 𛷪 𜄱	M387~i M387~i M054 M288	[0, 3]
2	4	P008040	𜋾 𛸗 𜊛 𛸧	M387 M066 M370 M072	P008172	𜌐 𛽆 𜊛 𜅸	M387~l M153 M370 M297	[1, 3]
2	4	P008040	𜋾 𛸗 𜊛 𛸧	M387 M066 M370 M072	P009466	𜋾 𛸗 𜃁 𛿺	M387 M066 M263 M218	[2, 3]
2	4	P008041	𛿳 𜋀 𜁥 𜄱	M217~e M377 M247~g M288	P008431	𜉇 𜋅 𛿺 𜄱	M347 M377~e M218 M288	[0, 2]
2	4	P008043	𛹥 𜀄 𜁻 𛷪	M097~h M218~b M250~ba M054	P008906	𛻛 𛿺 𛵂 𛷪	M131 M218 M003~b M054	[0, 2]
2	4	P008043	𜉜 𛹜 𛿺 𛷪	M352~o M096 M218 M054	P008105	𛼰 𜌓 𛿺 𛷪	M149~a M388 M218 M054	[0, 1]
2	4	P008043	𜉜 𛹜 𛿺 𛷪	M352~o M096 M218 M054	P008398	𜉚 𜊛 𛿺 𜈽	M352~n M370 M218 M346	[1, 3]
2	4	P008046	𜇲 𜀮 𛿺 𜂩	M318~n M230 M218 M260~1+N24	P008046	𛹥 𛵅 𛿺 𜂩	M097~h M004 M218 M260~1+N24	[0, 1]
2	4	P008046	𜇲 𜀮 𛿺 𜂩	M318~n M230 M218 M260~1+N24	P008461	𜇪 𜂣 𛿺 𛶔	M318~a M259 M218 M036+N30D	[1, 3]
2	4	P008046	𜇲 𜀮 𛿺 𜂩	M318~n M230 M218 M260~1+N24	P009252	𜇩 𛵅 𛿺 𜆡	M318 M004 M218 M305	[1, 3]
2	4	P008046	𛽁 𜀼 𛹜 𜂩	M152 M242~b M096 M260~1+N24	P008612	𜂧 𜀼 𛹜 𜄲	M260 M242~b M096 M288+N01	[0, 3]
2	4	P008046	𛹥 𛵅 𛿺 𜂩	M097~h M004 M218 M260~1+N24	P009252	𜇩 𛵅 𛿺 𜆡	M318 M004 M218 M305	[0, 3]
2	4	P008048	𜁶 𜈭 𛷺 𜈽	M249~m M332~d M057~a2 M346	P008445	𛵅 𛸃 𛷸 𜈽	M004 M058 M057~a M346	[0, 1]
2	4	P008049	𛻃 𜌗 𜀄 𜅱	M124 M391 M218~b M295~wa	P008105	𛼰 𜌓 𛿺 𜅘	M149~a M388 M218 M295	[0, 1]
2	4	P008049	𛻃 𜌗 𜀄 𜅱	M124 M391 M218~b M295~wa	P008278	𛻃 𛼢 𛿺 𜃆	M124 M146 M218 M263~b1	[1, 3]
2	4	P008049	𛻃 𜌗 𜀄 𜅱	M124 M391 M218~b M295~wa	P008429	𛻃 𛸪 𜀕 𜅘	M124 M073~b M223 M295	[1, 2]
2	4	P008049	𛻃 𜌗 𜀄 𜅱	M124 M391 M218~b M295~wa	P009185	𛼲 𜌓 𛿺 𜅦	M149~a2 M388 M218 M295~k	[0, 1]
2	4	P008049	𛻃 𜌗 𜀄 𜅱	M124 M391 M218~b M295~wa	P009343	𛻃 𛶌 𛿺 𜄱	M124 M034~a M218 M288	[1, 3]
2	4	P008051	𜋐 𜅲 𜃂 𜊽	M380~b M295~y M263~1 M376	P008084	𜊩 𜅨 𛸘 𜊽	M371 M295~ka M066~a M376	[0, 2]
2	4	P008060	𛻃 𜊩 𛵓 𜄱	M124 M371 M009 M288	P008296	𛻃 𜂼 𜌆 𜄱	M124 M262 M387~ef M288	[1, 2]
2	4	P008060	𛻃 𜊩 𛵓 𜄱	M124 M371 M009 M288	P008490	𛻃 𜌕 𛵓 𜊩	M124 M390 M009 M371	[1, 3]
2	4	P008060	𛻃 𜊩 𛵓 𜄱	M124 M371 M009 M288	P008918	𛻃 𛿯 𛷶 𜄱	M124 M217 M057 M288	[1, 2]
2	4	P008060	𛻃 𜊩 𛵓 𜄱	M124 M371 M009 M288	P009183	𛻃 𛷋 𛵓 𜊩	M124 M048~c M009 M371	[1, 3]
2	4	P008060	𛻃 𜊩 𛵓 𜄱	M124 M371 M009 M288	P009257	𛻃 𜇭 𛵓 𜊩	M124 M318~a3 M009 M371	[1, 3]
2	4	P008060	𛻃 𜊩 𛵓 𜄱	M124 M371 M009 M288	P009257	𛻃 𜇭 𛵓 𜊩	M124 M318~a3 M009 M371	[1, 3]
2	4	P008060	𛻃 𜊩 𛵓 𜄱	M124 M371 M009 M288	P009343	𛻃 𛶌 𛿺 𜄱	M124 M034~a M218 M288	[1, 2]
2	4	P008060	𛻃 𜋺 𛵮 𜊩	M124 M386~a M024 M371	P008185	𜌓 𜋾 𛵯 𜊩	M388 M387 M024~1 M371	[0, 1]
2	4	P008060	𛻃 𜋺 𛵮 𜊩	M124 M386~a M024 M371	P008271	𛻃 𜋺 𜀰 𛹜	M124 M386~a M240 M096	[2, 3]
2	4	P008060	𛻃 𜋺 𛵮 𜊩	M124 M386~a M024 M371	P008355	𛻃 𜊩 𛵓 𜊩	M124 M371 M009 M371	[1, 2]
2	4	P008060	𛻃 𜋺 𛵮 𜊩	M124 M386~a M024 M371	P008477	𛻃 𛷶 𛹧 𜊩	M124 M057 M099 M371	[1, 2]
2	4	P008060	𛻃 𜋺 𛵮 𜊩	M124 M386~a M024 M371	P008490	𛻃 𜌕 𛵓 𜊩	M124 M390 M009 M371	[1, 2]
2	4	P008060	𛻃 𜋺 𛵮 𜊩	M124 M386~a M024 M371	P009183	𛻃 𛷋 𛵓 𜊩	M124 M048~c M009 M371	[1, 2]
2	4	P008060	𛻃 𜋺 𛵮 𜊩	M124 M386~a M024 M371	P009257	𛻃 𜇭 𛵓 𜊩	M124 M318~a3 M009 M371	[1, 2]
2	4	P008060	𛻃 𜋺 𛵮 𜊩	M124 M386~a M024 M371	P009257	𛻃 𜇭 𛵓 𜊩	M124 M318~a3 M009 M371	[1, 2]
2	4	P008060	𜇫 𛵓 𜊩 𜄱	M318~a1 M009 M371 M288	P008105	𛻃 𛵓 𜊩 𜋺	M124 M009 M371 M386~a	[0, 3]
2	4	P008060	𜇫 𛵓 𜊩 𜄱	M318~a1 M009 M371 M288	P008125	𜊩 𛵓 𜊩 𛵄	M371 M009 M371 M003~c	[0, 3]
2	4	P008060	𜇫 𛵓 𜊩 𜄱	M318~a1 M009 M371 M288	P008221	𛵮 𛶉 𜊩 𜄱	M024 M033~a M371 M288	[0, 1]
2	4	P008060	𜇫 𛵓 𜊩 𜄱	M318~a1 M009 M371 M288	P008296	𛹜 𛵮 𜊩 𜄱	M096 M024 M371 M288	[0, 1]
2	4	P008060	𜇫 𛵓 𜊩 𜄱	M318~a1 M009 M371 M288	P008328	𛵮 𛶈 𜊩 𜄱	M024 M033 M371 M288	[0, 1]
2	4	P008060	𜇫 𛵓 𜊩 𜄱	M318~a1 M009 M371 M288	P009343	𛼲 𜉞 𜊩 𜄱	M149~a2 M352~s M371 M288	[0, 1]
2	4	P008065	𜋺 𛻛 𜃁 𛿺	M386~a M131 M263 M218	P008164	𜋅 𛻘 𜃁 𛿺	M377~e M129 M263 M218	[0, 1]
2	4	P008065	𜋺 𛻛 𜃁 𛿺	M386~a M131 M263 M218	P008245	𜋺 𜀰 𜃁 𜊩	M386~a M240 M263 M371	[1, 3]
2	4	P008065	𜋺 𛻛 𜃁 𛿺	M386~a M131 M263 M218	P008271	𛼢 𛵅 𜃂 𛿺	M146 M004 M263~1 M218	[0, 1]
2	4	P008065	𜋺 𛻛 𜃁 𛿺	M386~a M131 M263 M218	P008271	𛼥 𛵅 𜃁 𛿺	M146~2 M004 M263 M218	[0, 1]
2	4	P008065	𜋺 𛻛 𜃁 𛿺	M386~a M131 M263 M218	P008319	𜋺 𛻛 𛿺 𜄱	M386~a M131 M218 M288	[2, 3]
2	4	P008065	𜋺 𛻛 𜃁 𛿺	M386~a M131 M263 M218	P009466	𜋾 𛸗 𜃁 𛿺	M387 M066 M263 M218	[0, 1]
2	4	P008065	𜋺 𛻛 𜃁 𛿺	M386~a M131 M263 M218	P009552	𜁺 𛻛 𜂼 𛿺	M250~a M131 M262 M218	[0, 2]
2	4	P008067	𛿧 𛿺 𜅦 𜈩	M214~a M218 M295~k M329	P008071	𛿫 𛻃 𛸗 𜈩	M214~e M124 M066 M329	[1, 2]
2	4	P008072	𛹺 𛿹 𛷃 𜄱	M103~2 M217~n M044~a M288	P008159	𜋀 𛿯 𛻃 𜄱	M377 M217 M124 M288	[0, 2]
2	4	P008072	𛹺 𛿹 𛷃 𜄱	M103~2 M217~n M044~a M288	P008918	𛻃 𛿯 𛷶 𜄱	M124 M217 M057 M288	[0, 2]
2	4	P008072	𛹺 𛿹 𛷃 𜄱	M103~2 M217~n M044~a M288	P009338	𛹺 𜂕 𜌁 𜄱	M103~2 M254~a M387~c M288	[1, 2]
2	4	P008074	𜆡 𜁷 𜋾 𛿺	M305 M249~n M387 M218	P008310	𛼌 𛶃 𜋾 𛿺	M139 M032 M387 M218	[0, 1]
2	4	P008074	𜆡 𜁷 𜋾 𛿺	M305 M249~n M387 M218	P008644	𜌓 𛷼 𜋾 𛿺	M388 M057~b M387 M218	[0, 1]
2	4	P008074	𜆡 𜁷 𜋾 𛿺	M305 M249~n M387 M218	P009262	𜌓 𛻌 𜋿 𛿺	M388 M128 M387~a M218	[0, 1]
2	4	P008076	𜆡 𛷖 𛸗 𜉄	M305 M049~e M066 M346~b	P008516	𛸗 𜀈 𛸗 𜈽	M066 M219 M066 M346	[0, 1]
2	4	P008076	𜆡 𛷖 𛸗 𜉄	M305 M049~e M066 M346~b	P008516	𛿺 𛶍 𛸗 𜈽	M218 M009~d ≈ M035M09~d ≈ M3 M066 M346	[0, 1]
2	4	P008077	𜀈 𜅚 𜀌 𛷪	M219 M295~b M220 M054	P008548	𛺄𜄱 𜅭 𜀌 𜈽	M106+M288 M295~q M220 M346	[0, 3]
2	4	P008082	𛷶 𜉚 𛵅 𛿺	M057 M352~n M004 M218	P008105	𛻃 𜉜 𛹥 𛿺	M124 M352~o M097~h M218	[0, 2]
2	4	P008082	𛷶 𜉚 𛵅 𛿺	M057 M352~n M004 M218	P008490	𜌓 𜂂 𛵅 𛿺	M388 M251~c M004 M218	[0, 1]
2	4	P008082	𛷶 𜉚 𛵅 𛿺	M057 M352~n M004 M218	P008621	𛸗 𜉜 𛿺 𛿺	M066 M352~o M218 M218	[0, 2]
2	4	P008082	𛷶 𜉚 𛵅 𛿺	M057 M352~n M004 M218	P009017	𛻈 𜃟 𛵅 𛿺	M125~a M266~b M004 M218	[0, 1]
2	4	P008082	𛷶 𜉚 𛵅 𛿺	M057 M352~n M004 M218	P009329	𜉇 𜉚 𛵅 𜈒	M347 M352~n M004 M325	[0, 3]
2	4	P008082	𛷶 𜉚 𛵅 𛿺	M057 M352~n M004 M218	P009412	𛸗 𜉜 𜉇 𛿺	M066 M352~o M347 M218	[0, 2]
2	4	P008082	𛷶 𜉚 𛵅 𛿺	M057 M352~n M004 M218	P272825	𜌓 𛵓 𛵅 𛿺	M388 M009 M004 M218	[0, 1]
2	4	P008082	𛷶 𜉚 𛵅 𛿺	M057 M352~n M004 M218	P368485	𛷸 𜀯 𛸅 𛿺	M057~a M230~a M059 M218	[1, 2]
2	4	P008083	𜀯 𜋈 𛿺 𜀖	M230~a M377~g M218 M223~a	P008431	𜉇 𜋅 𛿺 𜄱	M347 M377~e M218 M288	[0, 3]
2	4	P008083	𛸗 𜉜 𛹜 𜅸	M066 M352~o M096 M297	P008241	𛸗 𜉚 𛹡 𛿱	M066 M352~n M096+M139 M217+M388	[2, 3]
2	4	P008083	𛸗 𜉜 𛹜 𜅸	M066 M352~o M096 M297	P008452	𛸗 𜉚 𜀞 𛿈	M066 M352~n M226~c M207	[2, 3]
2	4	P008083	𛸗 𜉜 𛹜 𜅸	M066 M352~o M096 M297	P008621	𛸗 𜉜 𛿺 𛿺	M066 M352~o M218 M218	[2, 3]
2	4	P008083	𛸗 𜉜 𛹜 𜅸	M066 M352~o M096 M297	P009028	𜋅 𜉇 𛹣 𜅸	M377~e M347 M096~d M297	[0, 1]
2	4	P008083	𛸗 𜉜 𛹜 𜅸	M066 M352~o M096 M297	P009190	𛸗 𜉚 𛷸 𛽍	M066 M352~n M057~a M153+M342	[2, 3]
2	4	P008083	𛸗 𜉜 𛹜 𜅸	M066 M352~o M096 M297	P009412	𛸗 𜉜 𜉇 𛿺	M066 M352~o M347 M218	[2, 3]
2	4	P008084	𛼢 𜀓 𛿺 𜊽	M146 M222 M218 M376	P008084	𜀄 𜈭 𛿺 𜊽	M218~b M332~d M218 M376	[0, 1]
2	4	P008084	𜇅 𜌓 𛿺 𜋺	M311~b M388 M218 M386~a	P008105	𛼰 𜌓 𛿺 𛷪	M149~a M388 M218 M054	[0, 3]
2	4	P008084	𜇅 𜌓 𛿺 𜋺	M311~b M388 M218 M386~a	P008105	𛼰 𜌓 𛿺 𜅘	M149~a M388 M218 M295	[0, 3]
2	4	P008084	𜇅 𜌓 𛿺 𜋺	M311~b M388 M218 M386~a	P008152	𛼌 𜌓 𛿺 𜇩	M139 M388 M218 M318	[0, 3]
2	4	P008084	𜇅 𜌓 𛿺 𜋺	M311~b M388 M218 M386~a	P009185	𛼲 𜌓 𛿺 𜅦	M149~a2 M388 M218 M295~k	[0, 3]
2	4	P008085	𜉚 𜋾 𜀈 𛿺	M352~n M387 M219 M218	P008185	𜌓 𛸘 𜀈 𛿺	M388 M066~a M219 M218	[0, 1]
2	4	P008085	𜉚 𜋾 𜀈 𛿺	M352~n M387 M219 M218	P008633	𜉚 𜋿 𛺹 𜊩	M352~n M387~a M122 M371	[2, 3]
2	4	P008085	𜉚 𜋾 𜀈 𛿺	M352~n M387 M219 M218	P008733	𛾢 𜋾 𜁻 𛿺	M195 M387 M250~ba M218	[0, 2]
2	4	P008085	𛿺 𜂣 𜌕 𛿺	M218 M259 M390 M218	P008468	𛿺 𜂦 𛵓 𜊩	M218 M259~3 M009 M371	[2, 3]
2	4	P008085	𛿺 𜂣 𜌕 𛿺	M218 M259 M390 M218	P009383	𛿺 𜂣 𛽆 𜊭	M218 M259 M153 M371~d	[2, 3]
2	4	P008085	𛿺 𜂣 𜌕 𛿺	M218 M259 M390 M218	P009412	𛿺 𜂣 𜃁 𜈩	M218 M259 M263 M329	[2, 3]
2	4	P008085	𛾴 𜌓 𛿯 𜄱	M203~c M388 M217 M288	P009337	𜆛 𜌓 𜄥 𜄱	M304 M388 M285~b M288	[0, 2]
2	4	P008085	𛾴 𜌓 𛿯 𜄱	M203~c M388 M217 M288	P368497	𛵂 𜌓 𛷲 𜄱	M003~b M388 M056~e M288	[0, 2]
2	4	P008087	𛻃 𜋺 𛵮 𜊩	M124 M386~a M024 M371	P008185	𜌓 𜋾 𛵯 𜊩	M388 M387 M024~1 M371	[0, 1]
2	4	P008087	𛻃 𜋺 𛵮 𜊩	M124 M386~a M024 M371	P008271	𛻃 𜋺 𜀰 𛹜	M124 M386~a M240 M096	[2, 3]
2	4	P008087	𛻃 𜋺 𛵮 𜊩	M124 M386~a M024 M371	P008355	𛻃 𜊩 𛵓 𜊩	M124 M371 M009 M371	[1, 2]
2	4	P008087	𛻃 𜋺 𛵮 𜊩	M124 M386~a M024 M371	P008477	𛻃 𛷶 𛹧 𜊩	M124 M057 M099 M371	[1, 2]
2	4	P008087	𛻃 𜋺 𛵮 𜊩	M124 M386~a M024 M371	P008490	𛻃 𜌕 𛵓 𜊩	M124 M390 M009 M371	[1, 2]
2	4	P008087	𛻃 𜋺 𛵮 𜊩	M124 M386~a M024 M371	P009183	𛻃 𛷋 𛵓 𜊩	M124 M048~c M009 M371	[1, 2]
2	4	P008087	𛻃 𜋺 𛵮 𜊩	M124 M386~a M024 M371	P009257	𛻃 𜇭 𛵓 𜊩	M124 M318~a3 M009 M371	[1, 2]
2	4	P008087	𛻃 𜋺 𛵮 𜊩	M124 M386~a M024 M371	P009257	𛻃 𜇭 𛵓 𜊩	M124 M318~a3 M009 M371	[1, 2]
2	4	P008100	𛻃 𜊛 𛵮 𜊩	M124 M370 M024 M371	P008185	𜌓 𜋾 𛵯 𜊩	M388 M387 M024~1 M371	[0, 1]
2	4	P008100	𛻃 𜊛 𛵮 𜊩	M124 M370 M024 M371	P008355	𛻃 𜊩 𛵓 𜊩	M124 M371 M009 M371	[1, 2]
2	4	P008100	𛻃 𜊛 𛵮 𜊩	M124 M370 M024 M371	P008477	𛻃 𛷶 𛹧 𜊩	M124 M057 M099 M371	[1, 2]
2	4	P008100	𛻃 𜊛 𛵮 𜊩	M124 M370 M024 M371	P008490	𛻃 𜌕 𛵓 𜊩	M124 M390 M009 M371	[1, 2]
2	4	P008100	𛻃 𜊛 𛵮 𜊩	M124 M370 M024 M371	P009183	𛻃 𛷋 𛵓 𜊩	M124 M048~c M009 M371	[1, 2]
2	4	P008100	𛻃 𜊛 𛵮 𜊩	M124 M370 M024 M371	P009257	𛻃 𜇭 𛵓 𜊩	M124 M318~a3 M009 M371	[1, 2]
2	4	P008100	𛻃 𜊛 𛵮 𜊩	M124 M370 M024 M371	P009257	𛻃 𜇭 𛵓 𜊩	M124 M318~a3 M009 M371	[1, 2]
2	4	P008105	𛻃 𜉜 𛹥 𛿺	M124 M352~o M097~h M218	P008621	𛸗 𜉜 𛿺 𛿺	M066 M352~o M218 M218	[0, 2]
2	4	P008105	𛻃 𜉜 𛹥 𛿺	M124 M352~o M097~h M218	P009382	𛻃 𛵅 𜀗 𛿺	M124 M004 M223~b M218	[1, 2]
2	4	P008105	𛻃 𜉜 𛹥 𛿺	M124 M352~o M097~h M218	P009412	𛸗 𜉜 𜉇 𛿺	M066 M352~o M347 M218	[0, 2]
2	4	P008105	𛻃 𛿺 𛷋 𛵅	M124 M218 M048~c M004	P008105	𛻃 𛿺 𜊩 𜈭	M124 M218 M371 M332~d	[2, 3]
2	4	P008105	𛻃 𛿺 𛷋 𛵅	M124 M218 M048~c M004	P008490	𛻃 𛹥 𜋾 𛵅	M124 M097~h M387 M004	[1, 2]
2	4	P008105	𛻃 𛿺 𛷋 𛵅	M124 M218 M048~c M004	P008490	𛻃 𛿺 𛺄 𛵂	M124 M218 M106 M003~b	[2, 3]
2	4	P008105	𛻃 𛿺 𛷋 𛵅	M124 M218 M048~c M004	P009383	𛻃 𜋾 𛷌 𛹜	M124 M387 M048~d M096	[1, 3]
2	4	P008105	𛼰 𜌓 𛿺 𛷪	M149~a M388 M218 M054	P008152	𛼌 𜌓 𛿺 𜇩	M139 M388 M218 M318	[0, 3]
2	4	P008105	𛼰 𜌓 𛿺 𛷪	M149~a M388 M218 M054	P009183	𛼰 𜌓 𛼚 𜃁	M149~a M388 M145~a M263	[2, 3]
2	4	P008105	𛻃 𛵓 𜊩 𜋺	M124 M009 M371 M386~a	P008105	𛻃 𛿺 𜊩 𜈭	M124 M218 M371 M332~d	[1, 3]
2	4	P008105	𛻃 𛵓 𜊩 𜋺	M124 M009 M371 M386~a	P008125	𜊩 𛵓 𜊩 𛵄	M371 M009 M371 M003~c	[0, 3]
2	4	P008105	𛻃 𛵓 𜊩 𜋺	M124 M009 M371 M386~a	P008666	𜂂 𛵓 𜊩 𜄱	M251~c M009 M371 M288	[0, 3]
2	4	P008105	𛻃 𛵓 𜊩 𜋺	M124 M009 M371 M386~a	P009089	𜉚 𛵓 𜊩 𜄱	M352~n M009 M371 M288	[0, 3]
2	4	P008105	𛻃 𛿺 𜊩 𜈭	M124 M218 M371 M332~d	P008490	𛻃 𛿺 𛺄 𛵂	M124 M218 M106 M003~b	[2, 3]
2	4	P008105	𛻃 𛿺 𜊩 𜈭	M124 M218 M371 M332~d	P498539	𛷼 𛿺 𜊩 𜅸	M057~b M218 M371 M297	[0, 3]
2	4	P008105	𛼰 𜌓 𛿺 𜅘	M149~a M388 M218 M295	P008152	𛼌 𜌓 𛿺 𜇩	M139 M388 M218 M318	[0, 3]
2	4	P008105	𛼰 𜌓 𛿺 𜅘	M149~a M388 M218 M295	P008438	𜋇 𜌓 𜁂 𜅘	M377~e+M377~e M388 M242~n M295	[0, 2]
2	4	P008105	𛼰 𜌓 𛿺 𜅘	M149~a M388 M218 M295	P009183	𛼰 𜌓 𛼚 𜃁	M149~a M388 M145~a M263	[2, 3]
2	4	P008105	𜌓 𜇏 𛸗 𛿺	M388 M314 M066 M218	P008185	𜌓 𜇏 𛿺 𛸘	M388 M314 M218 M066~a	[2, 3]
2	4	P008105	𜌓 𜇏 𛸗 𛿺	M388 M314 M066 M218	P008185	𜌓 𛸘 𜀈 𛿺	M388 M066~a M219 M218	[1, 2]
2	4	P008105	𜌓 𜇏 𛸗 𛿺	M388 M314 M066 M218	P008447	𜌓 𜂼 𜂣 𛿺	M388 M262 M259 M218	[1, 2]
2	4	P008105	𜌓 𜇏 𛸗 𛿺	M388 M314 M066 M218	P008490	𜌓 𜂂 𛵅 𛿺	M388 M251~c M004 M218	[1, 2]
2	4	P008105	𜌓 𜇏 𛸗 𛿺	M388 M314 M066 M218	P008644	𜌓 𛷼 𜋾 𛿺	M388 M057~b M387 M218	[1, 2]
2	4	P008105	𜌓 𜇏 𛸗 𛿺	M388 M314 M066 M218	P009017	𜌓 𛹆 𛸘 𜇶	M388 M080~a M066~a M320	[1, 3]
2	4	P008105	𜌓 𜇏 𛸗 𛿺	M388 M314 M066 M218	P009181	𜌓 𛸘 𜅘 𛿺	M388 M066~a M295 M218	[1, 2]
2	4	P008105	𜌓 𜇏 𛸗 𛿺	M388 M314 M066 M218	P009242	𜌓 𜉇 𛷽 𛿺	M388 M347 M057~b1 M218	[1, 2]
2	4	P008105	𜌓 𜇏 𛸗 𛿺	M388 M314 M066 M218	P009257	𜌓 𜇶 𛸗 𜉈	M388 M320 M066 M348	[1, 3]
2	4	P008105	𜌓 𜇏 𛸗 𛿺	M388 M314 M066 M218	P009262	𜌓 𛻌 𜋿 𛿺	M388 M128 M387~a M218	[1, 2]
2	4	P008105	𜌓 𜇏 𛸗 𛿺	M388 M314 M066 M218	P009552	𜌓 𛸗 𛸗 𛷶	M388 M066 M066 M057	[1, 3]
2	4	P008105	𜌓 𜇏 𛸗 𛿺	M388 M314 M066 M218	P234794	𜌓 𜋺 𛻛 𛿺	M388 M386~a M131 M218	[1, 2]
2	4	P008105	𜌓 𜇏 𛸗 𛿺	M388 M314 M066 M218	P272825	𜌓 𛵓 𛵅 𛿺	M388 M009 M004 M218	[1, 2]
2	4	P008108	𜌐 𜌓 𜋾 𜈩	M387~l M388 M387 M329	P008126	𜋾 𛹧 𛷶 𜈩	M387 M099 M057 M329	[1, 2]
2	4	P008108	𜌐 𜌓 𜋾 𜈩	M387~l M388 M387 M329	P272825	𜋾 𜌓 𜅇 𜉤	M387 M388 M291 M358	[2, 3]
2	4	P008108	𜌓 𛹥 𜇪 𜊩	M388 M097~h M318~a M371	P008175	𜌓 𛵓 𜇭 𜅊	M388 M009 M318~a3 M292	[1, 3]
2	4	P008108	𜌓 𛹥 𜇪 𜊩	M388 M097~h M318~a M371	P008185	𜌓 𜋾 𛵯 𜊩	M388 M387 M024~1 M371	[1, 2]
2	4	P008108	𜌓 𛹥 𜇪 𜊩	M388 M097~h M318~a M371	P008342	𜌓 𜉇 𛺏 𜊩	M388 M347 M110~b M371	[1, 2]
2	4	P008108	𜌓 𛹥 𜇪 𜊩	M388 M097~h M318~a M371	P008960	𛵮 𜇫 𜇫 𜊩	M024 M318~a1 M318~a1 M371	[0, 1]
2	4	P008108	𜌓 𛹥 𜇪 𜊩	M388 M097~h M318~a M371	P009088	𛵮 𜇫 𜇫 𜊩	M024 M318~a1 M318~a1 M371	[0, 1]
2	4	P008108	𜌓 𛹥 𜇪 𜊩	M388 M097~h M318~a M371	P368539	𜌓 𛸘 𜋏 𜊩	M388 M066~a M380 M371	[1, 2]
2	4	P008110	𜀈 𛴺 𜀮 𛹜	M219 M001 M230 M096	P008618	𜀈 𜋾 𜀰 𛹜	M219 M387 M240 M096	[1, 2]
2	4	P008112	𜌓 𛷸 𜀰 𛸋	M388 M057~a M240 M059~f1	P008454	𜌓 𛷸 𛵹 𜄱	M388 M057~a M029~b M288	[2, 3]
2	4	P008112	𜌓 𛷸 𜀰 𛸋	M388 M057~a M240 M059~f1	P008644	𜌓 𛷼 𜋾 𛿺	M388 M057~b M387 M218	[2, 3]
2	4	P008112	𜌓 𛷸 𜀰 𛸋	M388 M057~a M240 M059~f1	P009201	𜌓 𛷋 𜀰 𛷪	M388 M048~c M240 M054	[1, 3]
2	4	P008122	𜇏 𛶃 𛹜 𜄱	M314 M032 M096 M288	P008122	𛸗 𜉜 𛹢 𜄱	M066 M352~o M096~c M288	[0, 1]
2	4	P008122	𜇏 𛶃 𛹜 𜄱	M314 M032 M096 M288	P008205	𜂽 𜂽 𛹜 𜄱	M262~1 M262~1 M096 M288	[0, 1]
2	4	P008122	𜇏 𛶃 𛹜 𜄱	M314 M032 M096 M288	P008635	𜋀 𜉫 𛹜 𜄱	M377 M361~b M096 M288	[0, 1]
2	4	P008122	𜇏 𛶃 𛹜 𜄱	M314 M032 M096 M288	P008663	𛶃 𛻐 𛹜 𜄱	M032 M128~da M096 M288	[0, 1]
2	4	P008122	𜇏 𛶃 𛹜 𜄱	M314 M032 M096 M288	P008688	𜂣 𛷐 𛹜 𜄱	M259 M048~k M096 M288	[0, 1]
2	4	P008122	𜇏 𛶃 𛹜 𜄱	M314 M032 M096 M288	P008711	𛼌 𛶃 𜉈 𜄱	M139 M032 M348 M288	[0, 2]
2	4	P008122	𜇏 𛶃 𛹜 𜄱	M314 M032 M096 M288	P009338	𜂣 𜄚 𛹜 𜄱	M259 M281~f M096 M288	[0, 1]
2	4	P008122	𜇏 𛶃 𛹜 𜄱	M314 M032 M096 M288	P009338	𛸪 𜀯 𛹜 𜄱	M073~b M230~a M096 M288	[0, 1]
2	4	P008122	𜃁 𜌆 𛸗 𜄱	M263 M387~ef M066 M288	P008221	𛷐 𜌆 𛷶 𜄱	M048~k M387~ef M057 M288	[0, 2]
2	4	P008122	𜃁 𜌆 𛸗 𜄱	M263 M387~ef M066 M288	P008355	𛸗 𜁔 𛸗 𜄱	M066 M246~b M066 M288	[0, 1]
2	4	P008122	𜃁 𜌆 𛸗 𜄱	M263 M387~ef M066 M288	P008438	𛶃 𜋾 𛿺 𜄱	M032 M387 M218 M288	[0, 2]
2	4	P008122	𜃁 𜌆 𛸗 𜄱	M263 M387~ef M066 M288	P008688	𛷐 𜋺 𛸗 𜄱	M048~k M386~a M066 M288	[0, 1]
2	4	P008122	𜃁 𜌆 𛸗 𜄱	M263 M387~ef M066 M288	P008942	𛸗 𜋾 𛿺 𜄱	M066 M387 M218 M288	[0, 2]
2	4	P008122	𜃁 𜌆 𛸗 𜄱	M263 M387~ef M066 M288	P009089	𛿺 𛼢 𛸗 𜄱	M218 M146 M066 M288	[0, 1]
2	4	P008122	𜃁 𜌆 𛸗 𜄱	M263 M387~ef M066 M288	P009224	𜌎 𜌎 𛷪 𜄱	M387~i M387~i M054 M288	[0, 2]
2	4	P008122	𜀕 𛸗 𛿺 𜄱	M223 M066 M218 M288	P008221	𛷐 𜀈 𛿺 𜄱	M048~k M219 M218 M288	[0, 1]
2	4	P008122	𜀕 𛸗 𛿺 𜄱	M223 M066 M218 M288	P008319	𜋺 𛻛 𛿺 𜄱	M386~a M131 M218 M288	[0, 1]
2	4	P008122	𜀕 𛸗 𛿺 𜄱	M223 M066 M218 M288	P008431	𜉇 𜋅 𛿺 𜄱	M347 M377~e M218 M288	[0, 1]
2	4	P008122	𜀕 𛸗 𛿺 𜄱	M223 M066 M218 M288	P008438	𛶃 𜋾 𛿺 𜄱	M032 M387 M218 M288	[0, 1]
2	4	P008122	𜀕 𛸗 𛿺 𜄱	M223 M066 M218 M288	P008688	𜊩 𜀈 𛿺 𜄱	M371 M219 M218 M288	[0, 1]
2	4	P008122	𜀕 𛸗 𛿺 𜄱	M223 M066 M218 M288	P008688	𜂼 𜂣 𛿺 𜄱	M262 M259 M218 M288	[0, 1]
2	4	P008122	𜀕 𛸗 𛿺 𜄱	M223 M066 M218 M288	P008914	𜋾 𜂣 𛿺 𜄱	M387 M259 M218 M288	[0, 1]
2	4	P008122	𜀕 𛸗 𛿺 𜄱	M223 M066 M218 M288	P008942	𛸗 𜋾 𛿺 𜄱	M066 M387 M218 M288	[0, 1]
2	4	P008122	𜀕 𛸗 𛿺 𜄱	M223 M066 M218 M288	P009336	𜁿 𜃁 𛿺 𜄱	M250~p M263 M218 M288	[0, 1]
2	4	P008122	𜀕 𛸗 𛿺 𜄱	M223 M066 M218 M288	P009343	𛻃 𛶌 𛿺 𜄱	M124 M034~a M218 M288	[0, 1]
2	4	P008122	𛸗 𜉜 𛹢 𜄱	M066 M352~o M096~c M288	P008205	𜂽 𜂽 𛹜 𜄱	M262~1 M262~1 M096 M288	[0, 1]
2	4	P008122	𛸗 𜉜 𛹢 𜄱	M066 M352~o M096~c M288	P008241	𛸗 𜉚 𛹡 𛿱	M066 M352~n M096+M139 M217+M388	[2, 3]
2	4	P008122	𛸗 𜉜 𛹢 𜄱	M066 M352~o M096~c M288	P008355	𛸗 𜁔 𛸗 𜄱	M066 M246~b M066 M288	[1, 2]
2	4	P008122	𛸗 𜉜 𛹢 𜄱	M066 M352~o M096~c M288	P008431	𛸗 𜉜 𜇔 𜅸	M066 M352~o M315 M297	[2, 3]
2	4	P008122	𛸗 𜉜 𛹢 𜄱	M066 M352~o M096~c M288	P008452	𛸗 𜉚 𜀞 𛿈	M066 M352~n M226~c M207	[2, 3]
2	4	P008122	𛸗 𜉜 𛹢 𜄱	M066 M352~o M096~c M288	P008621	𛸗 𜉜 𛿺 𛿺	M066 M352~o M218 M218	[2, 3]
2	4	P008122	𛸗 𜉜 𛹢 𜄱	M066 M352~o M096~c M288	P008635	𜋀 𜉫 𛹜 𜄱	M377 M361~b M096 M288	[0, 1]
2	4	P008122	𛸗 𜉜 𛹢 𜄱	M066 M352~o M096~c M288	P008663	𜌓 𛶃 𛹜 𜄱	M388 M032 M096 M288	[0, 1]
2	4	P008122	𛸗 𜉜 𛹢 𜄱	M066 M352~o M096~c M288	P008663	𛶃 𛻐 𛹜 𜄱	M032 M128~da M096 M288	[0, 1]
2	4	P008122	𛸗 𜉜 𛹢 𜄱	M066 M352~o M096~c M288	P008688	𜂣 𛷐 𛹜 𜄱	M259 M048~k M096 M288	[0, 1]
2	4	P008122	𛸗 𜉜 𛹢 𜄱	M066 M352~o M096~c M288	P008942	𛸗 𜋾 𛿺 𜄱	M066 M387 M218 M288	[1, 2]
2	4	P008122	𛸗 𜉜 𛹢 𜄱	M066 M352~o M096~c M288	P009190	𛸗 𜉚 𛷸 𛽍	M066 M352~n M057~a M153+M342	[2, 3]
2	4	P008122	𛸗 𜉜 𛹢 𜄱	M066 M352~o M096~c M288	P009338	𜂣 𜄚 𛹜 𜄱	M259 M281~f M096 M288	[0, 1]
2	4	P008122	𛸗 𜉜 𛹢 𜄱	M066 M352~o M096~c M288	P009338	𛸪 𜀯 𛹜 𜄱	M073~b M230~a M096 M288	[0, 1]
2	4	P008122	𛸗 𜉜 𛹢 𜄱	M066 M352~o M096~c M288	P009343	𛼲 𜉞 𜊩 𜄱	M149~a2 M352~s M371 M288	[0, 2]
2	4	P008122	𛸗 𜉜 𛹢 𜄱	M066 M352~o M096~c M288	P009375	𛸗 𜉚 𜉇 𜅸	M066 M352~n M347 M297	[2, 3]
2	4	P008122	𛸗 𜉜 𛹢 𜄱	M066 M352~o M096~c M288	P009412	𛸗 𜉜 𜉇 𛿺	M066 M352~o M347 M218	[2, 3]
2	4	P008122	𛸗 𜉜 𛹢 𜄱	M066 M352~o M096~c M288	P009439	𛸗 𜉚 𜇔 𜅸	M066 M352~n M315 M297	[2, 3]
2	4	P008125	𛵅 𛻸 𛻃 𜃅	M004 M136~c M124 M263~b	P008987	𛵅 𜃁 𛿺 𜃃	M004 M263 M218 M263~a	[1, 2]
2	4	P008125	𛵅 𛻸 𛻃 𜃅	M004 M136~c M124 M263~b	P009356	𛵅 𛹪 𛸗 𜃁	M004 M101 M066 M263	[1, 2]
2	4	P008125	𛵅 𛻸 𛻃 𜃅	M004 M136~c M124 M263~b	P009373	𛵅 𜀁 𛸗 𜃆	M004 M218+M288~f M066 M263~b1	[1, 2]
2	4	P008125	𜊩 𛵓 𜊩 𛵄	M371 M009 M371 M003~c	P008490	𜌓 𜀈 𜊩 𛵂	M388 M219 M371 M003~b	[0, 1]
2	4	P008125	𜊩 𛵓 𜊩 𛵄	M371 M009 M371 M003~c	P008666	𜂂 𛵓 𜊩 𜄱	M251~c M009 M371 M288	[0, 3]
2	4	P008125	𜊩 𛵓 𜊩 𛵄	M371 M009 M371 M003~c	P009089	𜉚 𛵓 𜊩 𜄱	M352~n M009 M371 M288	[0, 3]
2	4	P008126	𜉇 𜁐 𛻌 𛹜	M347 M243~n M128 M096	P008271	𛻛 𜇐 𛻌 𛹜	M131 M314~c M128 M096	[0, 1]
2	4	P008126	𜉇 𜁐 𛻌 𛹜	M347 M243~n M128 M096	P009383	𜌓 𜌕 𛻌 𛹜	M388 M390 M128 M096	[0, 1]
2	4	P008133	𜌓 𛼢 𜊩 𜅸	M388 M146 M371 M297	P008477	𜌓 𜇔 𜃂 𜅸	M388 M315 M263~1 M297	[1, 2]
2	4	P008133	𜌓 𛼢 𜊩 𜅸	M388 M146 M371 M297	P008490	𜌓 𜀈 𜊩 𛵂	M388 M219 M371 M003~b	[1, 3]
2	4	P008133	𜌓 𛼢 𜊩 𜅸	M388 M146 M371 M297	P009028	𜋀 𜂗 𜊩 𜅸	M377 M254~c M371 M297	[0, 1]
2	4	P008133	𜌓 𛼢 𜊩 𜅸	M388 M146 M371 M297	P009180	𜌓 𛼚 𜊩 𛽇	M388 M145~a M371 M153+M006~a	[1, 3]
2	4	P008133	𜌓 𛼢 𜊩 𜅸	M388 M146 M371 M297	P009535	𜌓 𛾾 𜊩 𜈽	M388 M206~b M371 M346	[1, 3]
2	4	P008133	𜌓 𛼢 𜊩 𜅸	M388 M146 M371 M297	P009535	𜌓 𛸧 𜊩 𜈽	M388 M072 M371 M346	[1, 3]
2	4	P008133	𜌓 𛼢 𜊩 𜅸	M388 M146 M371 M297	P498539	𛷼 𛿺 𜊩 𜅸	M057~b M218 M371 M297	[0, 1]
2	4	P008136	𛷸 𜀰 𜋺 𜀰	M057~a M240 M386~a M240	P008354	𛷶 𜀶 𛵓 𛷶	M057 M240~e M009 M057	[2, 3]
2	4	P008136	𛷸 𜀰 𜋺 𜀰	M057~a M240 M386~a M240	P008448	𛷼 𜀱 𛷸 𜊊	M057~b M240~a M057~a M367	[2, 3]
2	4	P008136	𛷸 𜀰 𜋺 𜀰	M057~a M240 M386~a M240	P008940	𛷶 𜀰 𛶃 𛷌	M057 M240 M032 M048~d	[2, 3]
2	4	P008136	𛷸 𜀰 𜋺 𜀰	M057~a M240 M386~a M240	P368490	𜀰 𜌕 𜋺 𜀰	M240 M390 M386~a M240	[0, 1]
2	4	P008136	𛹤 𜀄 𜁻 𜃁	M097~f M218~b M250~ba M263	P008648	𜊩 𛿺 𜀌 𜃁	M371 M218 M220 M263	[0, 2]
2	4	P008136	𛹤 𜀄 𜁻 𜃁	M097~f M218~b M250~ba M263	P009156	𛹥 𛵅 𛿺 𜃁	M097~h M004 M218 M263	[1, 2]
2	4	P008144	𜋀 𜋺 𜀰 𛹜	M377 M386~a M240 M096	P008216	𜋀 𛶃 𛷌 𛹟	M377 M032 M048~d M096~3	[1, 2]
2	4	P008144	𜋀 𜋺 𜀰 𛹜	M377 M386~a M240 M096	P008271	𛿺 𜅣 𜀰 𛹜	M218 M295~f M240 M096	[0, 1]
2	4	P008144	𜋀 𜋺 𜀰 𛹜	M377 M386~a M240 M096	P008618	𜀈 𜋾 𜀰 𛹜	M219 M387 M240 M096	[0, 1]
2	4	P008144	𜋀 𜋺 𜀰 𛹜	M377 M386~a M240 M096	P009467	𜋀 𜌓 𛸅 𛹜	M377 M388 M059 M096	[1, 2]
2	4	P008146	𛵱 𜂠 𛷸 𜄵	M025 M256~c M057~a M288~a	P008221	𛷐 𜌆 𛷶 𜄱	M048~k M387~ef M057 M288	[0, 1]
2	4	P008146	𛵱 𜂠 𛷸 𜄵	M025 M256~c M057~a M288~a	P008353	𜆄 𜅵 𛷶 𜄱	M301 M296+M296 M057 M288	[0, 1]
2	4	P008146	𛵱 𜂠 𛷸 𜄵	M025 M256~c M057~a M288~a	P008598	𜂽 𜆅 𛷸 𜄱	M262~1 M301~a M057~a M288	[0, 1]
2	4	P008146	𛵱 𜂠 𛷸 𜄵	M025 M256~c M057~a M288~a	P008688	𛷶 𜍂 𛷶 𜄱	M057 M455 M057 M288	[0, 1]
2	4	P008146	𛵱 𜂠 𛷸 𜄵	M025 M256~c M057~a M288~a	P008918	𛻃 𛿯 𛷶 𜄱	M124 M217 M057 M288	[0, 1]
2	4	P008146	𛵱 𜂠 𛷸 𜄵	M025 M256~c M057~a M288~a	P009343	𜇣 𛿈 𛷻 𜄱	M317~b M207 M057~a4 M288	[0, 1]
2	4	P008146	𜀕 𜀚 𛿺 𜄱	M223 M224 M218 M288	P008221	𛷐 𜀈 𛿺 𜄱	M048~k M219 M218 M288	[0, 1]
2	4	P008146	𜀕 𜀚 𛿺 𜄱	M223 M224 M218 M288	P008319	𜋺 𛻛 𛿺 𜄱	M386~a M131 M218 M288	[0, 1]
2	4	P008146	𜀕 𜀚 𛿺 𜄱	M223 M224 M218 M288	P008431	𜉇 𜋅 𛿺 𜄱	M347 M377~e M218 M288	[0, 1]
2	4	P008146	𜀕 𜀚 𛿺 𜄱	M223 M224 M218 M288	P008438	𛶃 𜋾 𛿺 𜄱	M032 M387 M218 M288	[0, 1]
2	4	P008146	𜀕 𜀚 𛿺 𜄱	M223 M224 M218 M288	P008688	𜊩 𜀈 𛿺 𜄱	M371 M219 M218 M288	[0, 1]
2	4	P008146	𜀕 𜀚 𛿺 𜄱	M223 M224 M218 M288	P008688	𜂼 𜂣 𛿺 𜄱	M262 M259 M218 M288	[0, 1]
2	4	P008146	𜀕 𜀚 𛿺 𜄱	M223 M224 M218 M288	P008914	𜋾 𜂣 𛿺 𜄱	M387 M259 M218 M288	[0, 1]
2	4	P008146	𜀕 𜀚 𛿺 𜄱	M223 M224 M218 M288	P008942	𛸗 𜋾 𛿺 𜄱	M066 M387 M218 M288	[0, 1]
2	4	P008146	𜀕 𜀚 𛿺 𜄱	M223 M224 M218 M288	P009336	𜁿 𜃁 𛿺 𜄱	M250~p M263 M218 M288	[0, 1]
2	4	P008146	𜀕 𜀚 𛿺 𜄱	M223 M224 M218 M288	P009343	𛻃 𛶌 𛿺 𜄱	M124 M034~a M218 M288	[0, 1]
2	4	P008150	𜅑 𛿺 𜁊 𜅸	M292~i M218 M243~ef M297	P498539	𛷼 𛿺 𜊩 𜅸	M057~b M218 M371 M297	[0, 2]
2	4	P008152	𛼌 𜌓 𛿺 𜇩	M139 M388 M218 M318	P009185	𛼲 𜌓 𛿺 𜅦	M149~a2 M388 M218 M295~k	[0, 3]
2	4	P008159	𜋀 𛿯 𛻃 𜄱	M377 M217 M124 M288	P008635	𜋀 𜉫 𛹜 𜄱	M377 M361~b M096 M288	[1, 2]
2	4	P008159	𜋀 𛿯 𛻃 𜄱	M377 M217 M124 M288	P008918	𛻃 𛿯 𛷶 𜄱	M124 M217 M057 M288	[0, 2]
2	4	P008164	𜋅 𛻘 𜃁 𛿺	M377~e M129 M263 M218	P008271	𛼢 𛵅 𜃂 𛿺	M146 M004 M263~1 M218	[0, 1]
2	4	P008164	𜋅 𛻘 𜃁 𛿺	M377~e M129 M263 M218	P008271	𜋅 𜉇 𛼢 𛿺	M377~e M347 M146 M218	[1, 2]
2	4	P008164	𜋅 𛻘 𜃁 𛿺	M377~e M129 M263 M218	P008271	𛼥 𛵅 𜃁 𛿺	M146~2 M004 M263 M218	[0, 1]
2	4	P008164	𜋅 𛻘 𜃁 𛿺	M377~e M129 M263 M218	P009466	𜋾 𛸗 𜃁 𛿺	M387 M066 M263 M218	[0, 1]
2	4	P008170	𛺳 𛷏 𛹜 𜇟	M114 M048~i M096 M317	P008612	𜃁 𛷐 𛹜 𜄲	M263 M048~k M096 M288+N01	[0, 3]
2	4	P008170	𛺳 𛷏 𛹜 𜇟	M114 M048~i M096 M317	P008688	𜂣 𛷐 𛹜 𜄱	M259 M048~k M096 M288	[0, 3]
2	4	P008171	𜌓 𛸪 𜅵 𜍆	M388 M073~b M296+M296 M461~q	P008490	𜌓 𛺵 𜅵 𜈩	M388 M115~a M296+M296 M329	[1, 3]
2	4	P008175	𜌓 𛵓 𜇭 𜅊	M388 M009 M318~a3 M292	P008185	𜌓 𛵯 𜇬 𜊩	M388 M024~1 M318~a2 M371	[1, 3]
2	4	P008175	𜌓 𛵓 𜇭 𜅊	M388 M009 M318~a3 M292	P272825	𜌓 𛵓 𛵅 𛿺	M388 M009 M004 M218	[2, 3]
2	4	P008183	𛵓 𜄚 𛹜 𜃁	M009 M281~f M096 M263	P008239	𜊯 𛻒 𛹜 𜃁	M372 M128~db M096 M263	[0, 1]
2	4	P008183	𛵓 𜄚 𛹜 𜃁	M009 M281~f M096 M263	P009014	𛵓 𜂣 𛿺 𜃁	M009 M259 M218 M263	[1, 2]
2	4	P008183	𛵓 𜄚 𛹜 𜃁	M009 M281~f M096 M263	P009338	𜂣 𜄚 𛹜 𜄱	M259 M281~f M096 M288	[0, 3]
2	4	P008185	𛴺 𜌓 𜉇𛴆 𜊩	M001 M388 M347+N14 M371	P008185	𛴺 𜌓 𜂜 𜂜	M001 M388 M254~h M254~h	[2, 3]
2	4	P008185	𛴺 𜌓 𜉇𛴆 𜊩	M001 M388 M347+N14 M371	P272825	𜆡 𜌓 𛵓 𜊩	M305 M388 M009 M371	[0, 2]
2	4	P008185	𜌓 𛵯 𜇬 𜊩	M388 M024~1 M318~a2 M371	P008185	𜌓 𜋾 𛵯 𜊩	M388 M387 M024~1 M371	[1, 2]
2	4	P008185	𜌓 𛵯 𜇬 𜊩	M388 M024~1 M318~a2 M371	P008342	𜌓 𜉇 𛺏 𜊩	M388 M347 M110~b M371	[1, 2]
2	4	P008185	𜌓 𛵯 𜇬 𜊩	M388 M024~1 M318~a2 M371	P008960	𛵮 𜇫 𜇫 𜊩	M024 M318~a1 M318~a1 M371	[0, 1]
2	4	P008185	𜌓 𛵯 𜇬 𜊩	M388 M024~1 M318~a2 M371	P009088	𛵮 𜇫 𜇫 𜊩	M024 M318~a1 M318~a1 M371	[0, 1]
2	4	P008185	𜌓 𛵯 𜇬 𜊩	M388 M024~1 M318~a2 M371	P272825	𛵹 𛹥 𜇩 𜊩	M029~b M097~h M318 M371	[0, 1]
2	4	P008185	𜌓 𛵯 𜇬 𜊩	M388 M024~1 M318~a2 M371	P368539	𜌓 𛸘 𜋏 𜊩	M388 M066~a M380 M371	[1, 2]
2	4	P008185	𜌓 𜊩 𛺄𜄱 𛸘	M388 M371 M106+M288 M066~a	P008185	𜌓 𜇏 𛿺 𛸘	M388 M314 M218 M066~a	[1, 2]
2	4	P008185	𜌓 𜊩 𛺄𜄱 𛸘	M388 M371 M106+M288 M066~a	P009177	𜉚 𛿺 𛺄𜄱 𛸗	M352~n M218 M106+M288 M066	[0, 1]
2	4	P008185	𜌓 𜋾 𛵯 𜊩	M388 M387 M024~1 M371	P008342	𜌓 𜉇 𛺏 𜊩	M388 M347 M110~b M371	[1, 2]
2	4	P008185	𜌓 𜋾 𛵯 𜊩	M388 M387 M024~1 M371	P008633	𜉚 𜋿 𛺹 𜊩	M352~n M387~a M122 M371	[0, 2]
2	4	P008185	𜌓 𜋾 𛵯 𜊩	M388 M387 M024~1 M371	P009031	𜌓 𜋾 𜇶 𛹜	M388 M387 M320 M096	[2, 3]
2	4	P008185	𜌓 𜋾 𛵯 𜊩	M388 M387 M024~1 M371	P009211	𜌓 𜋾 𜀏 𛽍	M388 M387 M221 M153+M342	[2, 3]
2	4	P008185	𜌓 𜋾 𛵯 𜊩	M388 M387 M024~1 M371	P368539	𜌓 𛸘 𜋏 𜊩	M388 M066~a M380 M371	[1, 2]
2	4	P008185	𜌓 𜇏 𛿺 𛸘	M388 M314 M218 M066~a	P008310	𜌓 𜅙 𛿺 𜇟	M388 M295~a M218 M317	[1, 3]
2	4	P008185	𜌓 𜇏 𛿺 𛸘	M388 M314 M218 M066~a	P008689	𜌓 𛺎 𛿺 𛾿	M388 M110~a M218 M206~d	[1, 3]
2	4	P008185	𜌓 𜇏 𛿺 𛸘	M388 M314 M218 M066~a	P009535	𜌓 𜍙 𛿺 𜈽	M388 M491 M218 M346	[1, 3]
2	4	P008185	𛴺 𜌓 𜂜 𜂜	M001 M388 M254~h M254~h	P008973	𜆡 𜌓 𜂕 𜋐	M305 M388 M254~a M380~b	[0, 3]
2	4	P008185	𜌓 𛸘 𜀈 𛿺	M388 M066~a M219 M218	P008447	𜌓 𜂼 𜂣 𛿺	M388 M262 M259 M218	[1, 2]
2	4	P008185	𜌓 𛸘 𜀈 𛿺	M388 M066~a M219 M218	P008490	𜌓 𛸗 𜂽 𛵂	M388 M066 M262~1 M003~b	[2, 3]
2	4	P008185	𜌓 𛸘 𜀈 𛿺	M388 M066~a M219 M218	P008490	𜌓 𜂂 𛵅 𛿺	M388 M251~c M004 M218	[1, 2]
2	4	P008185	𜌓 𛸘 𜀈 𛿺	M388 M066~a M219 M218	P008644	𜌓 𛷼 𜋾 𛿺	M388 M057~b M387 M218	[1, 2]
2	4	P008185	𜌓 𛸘 𜀈 𛿺	M388 M066~a M219 M218	P008740	𜌓 𛸗 𜇔 𜂕	M388 M066 M315 M254~a	[2, 3]
2	4	P008185	𜌓 𛸘 𜀈 𛿺	M388 M066~a M219 M218	P009242	𜌓 𜉇 𛷽 𛿺	M388 M347 M057~b1 M218	[1, 2]
2	4	P008185	𜌓 𛸘 𜀈 𛿺	M388 M066~a M219 M218	P009262	𜌓 𛻌 𜋿 𛿺	M388 M128 M387~a M218	[1, 2]
2	4	P008185	𜌓 𛸘 𜀈 𛿺	M388 M066~a M219 M218	P009466	𜋾 𛸗 𜃁 𛿺	M387 M066 M263 M218	[0, 2]
2	4	P008185	𜌓 𛸘 𜀈 𛿺	M388 M066~a M219 M218	P009535	𜌓 𛿺 𜀈 𜈽	M388 M218 M219 M346	[1, 3]
2	4	P008185	𜌓 𛸘 𜀈 𛿺	M388 M066~a M219 M218	P009552	𜌓 𛸗 𛸗 𛷶	M388 M066 M066 M057	[2, 3]
2	4	P008185	𜌓 𛸘 𜀈 𛿺	M388 M066~a M219 M218	P234794	𜌓 𜋺 𛻛 𛿺	M388 M386~a M131 M218	[1, 2]
2	4	P008185	𜌓 𛸘 𜀈 𛿺	M388 M066~a M219 M218	P272825	𜌓 𛵓 𛵅 𛿺	M388 M009 M004 M218	[1, 2]
2	4	P008185	𜌓 𛸘 𜀈 𛿺	M388 M066~a M219 M218	P368539	𜌓 𛸘 𜋏 𜊩	M388 M066~a M380 M371	[2, 3]
2	4	P008205	𜂽 𜂽 𛹜 𜄱	M262~1 M262~1 M096 M288	P008296	𛻃 𜂼 𜌆 𜄱	M124 M262 M387~ef M288	[0, 2]
2	4	P008205	𜂽 𜂽 𛹜 𜄱	M262~1 M262~1 M096 M288	P008598	𜂽 𜆅 𛷸 𜄱	M262~1 M301~a M057~a M288	[1, 2]
2	4	P008205	𜂽 𜂽 𛹜 𜄱	M262~1 M262~1 M096 M288	P008635	𜋀 𜉫 𛹜 𜄱	M377 M361~b M096 M288	[0, 1]
2	4	P008205	𜂽 𜂽 𛹜 𜄱	M262~1 M262~1 M096 M288	P008663	𜌓 𛶃 𛹜 𜄱	M388 M032 M096 M288	[0, 1]
2	4	P008205	𜂽 𜂽 𛹜 𜄱	M262~1 M262~1 M096 M288	P008663	𛶃 𛻐 𛹜 𜄱	M032 M128~da M096 M288	[0, 1]
2	4	P008205	𜂽 𜂽 𛹜 𜄱	M262~1 M262~1 M096 M288	P008688	𜂼 𜂣 𛿺 𜄱	M262 M259 M218 M288	[1, 2]
2	4	P008205	𜂽 𜂽 𛹜 𜄱	M262~1 M262~1 M096 M288	P008688	𜂣 𛷐 𛹜 𜄱	M259 M048~k M096 M288	[0, 1]
2	4	P008205	𜂽 𜂽 𛹜 𜄱	M262~1 M262~1 M096 M288	P009338	𜂣 𜄚 𛹜 𜄱	M259 M281~f M096 M288	[0, 1]
2	4	P008205	𜂽 𜂽 𛹜 𜄱	M262~1 M262~1 M096 M288	P009338	𛸪 𜀯 𛹜 𜄱	M073~b M230~a M096 M288	[0, 1]
2	4	P008212	𛽔 𜊵 𜋾 𜊽	M157 M374~c M387 M376	P008293	𛽔 𜋒 𜋾 𛶎	M157 M381 M387 M036	[1, 3]
2	4	P008216	𜋀 𛶃 𛷌 𛹟	M377 M032 M048~d M096~3	P008529	𜀶 𜃁 𛷋 𛹜	M240~e M263 M048~c M096	[0, 1]
2	4	P008216	𜋀 𛶃 𛷌 𛹟	M377 M032 M048~d M096~3	P009383	𛻃 𜋾 𛷌 𛹜	M124 M387 M048~d M096	[0, 1]
2	4	P008216	𜋀 𛶃 𛷌 𛹟	M377 M032 M048~d M096~3	P009383	𛻃 𛶃 𜀼 𛹝	M124 M032 M242~b M096~1	[0, 2]
2	4	P008216	𜋀 𛶃 𛷌 𛹟	M377 M032 M048~d M096~3	P009467	𜋀 𜌓 𛸅 𛹜	M377 M388 M059 M096	[1, 2]
2	4	P008221	𛵮 𛶉 𜊩 𜄱	M024 M033~a M371 M288	P008296	𛹜 𛵮 𜊩 𜄱	M096 M024 M371 M288	[0, 1]
2	4	P008221	𛵮 𛶉 𜊩 𜄱	M024 M033~a M371 M288	P008666	𜂂 𛵓 𜊩 𜄱	M251~c M009 M371 M288	[0, 1]
2	4	P008221	𛵮 𛶉 𜊩 𜄱	M024 M033~a M371 M288	P009089	𜉚 𛵓 𜊩 𜄱	M352~n M009 M371 M288	[0, 1]
2	4	P008221	𛵮 𛶉 𜊩 𜄱	M024 M033~a M371 M288	P009343	𛼲 𜉞 𜊩 𜄱	M149~a2 M352~s M371 M288	[0, 1]
2	4	P008221	𛷐 𜌆 𛷶 𜄱	M048~k M387~ef M057 M288	P008221	𛷐 𜀈 𛿺 𜄱	M048~k M219 M218 M288	[1, 2]
2	4	P008221	𛷐 𜌆 𛷶 𜄱	M048~k M387~ef M057 M288	P008351	𜀈 𜌁 𛸗 𜄽	M219 M387~c M066 M288~i	[0, 2]
2	4	P008221	𛷐 𜌆 𛷶 𜄱	M048~k M387~ef M057 M288	P008353	𜆄 𜅵 𛷶 𜄱	M301 M296+M296 M057 M288	[0, 1]
2	4	P008221	𛷐 𜌆 𛷶 𜄱	M048~k M387~ef M057 M288	P008417	𜃁 𜌆 𛸗 𜄱	M263 M387~ef M066 M288	[0, 2]
2	4	P008221	𛷐 𜌆 𛷶 𜄱	M048~k M387~ef M057 M288	P008438	𛶃 𜋾 𛿺 𜄱	M032 M387 M218 M288	[0, 2]
2	4	P008221	𛷐 𜌆 𛷶 𜄱	M048~k M387~ef M057 M288	P008598	𜂽 𜆅 𛷸 𜄱	M262~1 M301~a M057~a M288	[0, 1]
2	4	P008221	𛷐 𜌆 𛷶 𜄱	M048~k M387~ef M057 M288	P008688	𛷶 𜍂 𛷶 𜄱	M057 M455 M057 M288	[0, 1]
2	4	P008221	𛷐 𜌆 𛷶 𜄱	M048~k M387~ef M057 M288	P008688	𛷐 𜋺 𛸗 𜄱	M048~k M386~a M066 M288	[1, 2]
2	4	P008221	𛷐 𜌆 𛷶 𜄱	M048~k M387~ef M057 M288	P008918	𛻃 𛿯 𛷶 𜄱	M124 M217 M057 M288	[0, 1]
2	4	P008221	𛷐 𜌆 𛷶 𜄱	M048~k M387~ef M057 M288	P008942	𛸗 𜋾 𛿺 𜄱	M066 M387 M218 M288	[0, 2]
2	4	P008221	𛷐 𜌆 𛷶 𜄱	M048~k M387~ef M057 M288	P009224	𜌎 𜌎 𛷪 𜄱	M387~i M387~i M054 M288	[0, 2]
2	4	P008221	𛷐 𜌆 𛷶 𜄱	M048~k M387~ef M057 M288	P009343	𜇣 𛿈 𛷻 𜄱	M317~b M207 M057~a4 M288	[0, 1]
2	4	P008221	𛷐 𜀈 𛿺 𜄱	M048~k M219 M218 M288	P008319	𜋺 𛻛 𛿺 𜄱	M386~a M131 M218 M288	[0, 1]
2	4	P008221	𛷐 𜀈 𛿺 𜄱	M048~k M219 M218 M288	P008431	𜉇 𜋅 𛿺 𜄱	M347 M377~e M218 M288	[0, 1]
2	4	P008221	𛷐 𜀈 𛿺 𜄱	M048~k M219 M218 M288	P008438	𛶃 𜋾 𛿺 𜄱	M032 M387 M218 M288	[0, 1]
2	4	P008221	𛷐 𜀈 𛿺 𜄱	M048~k M219 M218 M288	P008688	𛷐 𜋺 𛸗 𜄱	M048~k M386~a M066 M288	[1, 2]
2	4	P008221	𛷐 𜀈 𛿺 𜄱	M048~k M219 M218 M288	P008688	𜂼 𜂣 𛿺 𜄱	M262 M259 M218 M288	[0, 1]
2	4	P008221	𛷐 𜀈 𛿺 𜄱	M048~k M219 M218 M288	P008914	𜋾 𜂣 𛿺 𜄱	M387 M259 M218 M288	[0, 1]
2	4	P008221	𛷐 𜀈 𛿺 𜄱	M048~k M219 M218 M288	P008942	𛸗 𜋾 𛿺 𜄱	M066 M387 M218 M288	[0, 1]
2	4	P008221	𛷐 𜀈 𛿺 𜄱	M048~k M219 M218 M288	P009336	𜁿 𜃁 𛿺 𜄱	M250~p M263 M218 M288	[0, 1]
2	4	P008221	𛷐 𜀈 𛿺 𜄱	M048~k M219 M218 M288	P009343	𛻃 𛶌 𛿺 𜄱	M124 M034~a M218 M288	[0, 1]
2	4	P008239	𜊯 𛻒 𛹜 𜃁	M372 M128~db M096 M263	P008241	𜌕 𛻌 𛹜 𛿱	M390 M128 M096 M217+M388	[0, 3]
2	4	P008239	𜊯 𛻒 𛹜 𜃁	M372 M128~db M096 M263	P008663	𛶃 𛻐 𛹜 𜄱	M032 M128~da M096 M288	[0, 3]
2	4	P008239	𛻃 𜌡 𜌆 𜃁	M124 M412 M387~ef M263	P008278	𛻃 𛼢 𛿺 𜃆	M124 M146 M218 M263~b1	[1, 2]
2	4	P008239	𛻃 𜌡 𜌆 𜃁	M124 M412 M387~ef M263	P008296	𛻃 𜂼 𜌆 𜄱	M124 M262 M387~ef M288	[1, 3]
2	4	P008239	𛻃 𜌡 𜌆 𜃁	M124 M412 M387~ef M263	P008490	𛻃 𛹥 𜋾 𛵅	M124 M097~h M387 M004	[1, 3]
2	4	P008241	𜌕 𛻌 𛹜 𛿱	M390 M128 M096 M217+M388	P008663	𛶃 𛻐 𛹜 𜄱	M032 M128~da M096 M288	[0, 3]
2	4	P008241	𛻃 𜌕 𛸗 𛿱	M124 M390 M066 M217+M388	P008448	𛵅 𜌕 𛸗 𜊘	M004 M390 M066 M369	[0, 3]
2	4	P008241	𛻃 𜌕 𛸗 𛿱	M124 M390 M066 M217+M388	P008490	𛻃 𜌕 𛵓 𜊩	M124 M390 M009 M371	[2, 3]
2	4	P008241	𛸗 𜉚 𛹡 𛿱	M066 M352~n M096+M139 M217+M388	P008431	𛸗 𜉜 𜇔 𜅸	M066 M352~o M315 M297	[2, 3]
2	4	P008241	𛸗 𜉚 𛹡 𛿱	M066 M352~n M096+M139 M217+M388	P008452	𛸗 𜉚 𜀞 𛿈	M066 M352~n M226~c M207	[2, 3]
2	4	P008241	𛸗 𜉚 𛹡 𛿱	M066 M352~n M096+M139 M217+M388	P008621	𛸗 𜉜 𛿺 𛿺	M066 M352~o M218 M218	[2, 3]
2	4	P008241	𛸗 𜉚 𛹡 𛿱	M066 M352~n M096+M139 M217+M388	P009190	𛸗 𜉚 𛷸 𛽍	M066 M352~n M057~a M153+M342	[2, 3]
2	4	P008241	𛸗 𜉚 𛹡 𛿱	M066 M352~n M096+M139 M217+M388	P009375	𛸗 𜉚 𜉇 𜅸	M066 M352~n M347 M297	[2, 3]
2	4	P008241	𛸗 𜉚 𛹡 𛿱	M066 M352~n M096+M139 M217+M388	P009412	𛸗 𜉜 𜉇 𛿺	M066 M352~o M347 M218	[2, 3]
2	4	P008241	𛸗 𜉚 𛹡 𛿱	M066 M352~n M096+M139 M217+M388	P009439	𛸗 𜉚 𜇔 𜅸	M066 M352~n M315 M297	[2, 3]
2	4	P008252	𛸇 𜌓 𜃁 𜌁	M059~a M388 M263 M387~c	P008357	𛾢 𜌓 𜊩 𜋾	M195 M388 M371 M387	[0, 2]
2	4	P008252	𛸇 𜌓 𜃁 𜌁	M059~a M388 M263 M387~c	P008907	𛽔 𜌓 𜃂 𛸗	M157 M388 M263~1 M066	[0, 3]
2	4	P008260	𛻎 𜋅 𜉇 𜊩	M128~ca M377~e M347 M371	P272825	𜆡 𜂼 𜉇 𜊩	M305 M262 M347 M371	[0, 1]
2	4	P008265	𜆡 𜌁 𛷪 𜌓	M305 M387~c M054 M388	P008429	𛽹 𜃞 𛷪 𜌓	M175 M266~a M054 M388	[0, 1]
2	4	P008265	𜆡 𜌁 𛷪 𜌓	M305 M387~c M054 M388	P008973	𜆡 𜌓 𛷪 𛷳	M305 M388 M054 M056~f	[1, 3]
2	4	P008265	𜆡 𜌁 𛷪 𜌓	M305 M387~c M054 M388	P008992	𜌁 𜌁 𛷪 𜃕	M387~c M387~c M054 M265~2	[0, 3]
2	4	P008265	𜆡 𜌁 𛷪 𜌓	M305 M387~c M054 M388	P009224	𜌎 𜌎 𛷪 𜄱	M387~i M387~i M054 M288	[0, 3]
2	4	P008265	𜆡 𜌁 𛷪 𜌓	M305 M387~c M054 M388	P272825	𜆡 𜋾 𛸕 𜇶	M305 M387 M064~a M320	[2, 3]
2	4	P008271	𛼢 𛵅 𜃂 𛿺	M146 M004 M263~1 M218	P009257	𛵓 𛵅 𜃁 𛹜	M009 M004 M263 M096	[0, 3]
2	4	P008271	𛼢 𛵅 𜃂 𛿺	M146 M004 M263~1 M218	P009382	𛻃 𛵅 𜀗 𛿺	M124 M004 M223~b M218	[0, 2]
2	4	P008271	𛼢 𛵅 𜃂 𛿺	M146 M004 M263~1 M218	P009466	𜋾 𛸗 𜃁 𛿺	M387 M066 M263 M218	[0, 1]
2	4	P008271	𜋅 𜉇 𛼢 𛿺	M377~e M347 M146 M218	P008448	𜋅 𜉇 𜉚 𜈽	M377~e M347 M352~n M346	[2, 3]
2	4	P008271	𜋅 𜉇 𛼢 𛿺	M377~e M347 M146 M218	P009028	𜋅 𜉇 𛹣 𜅸	M377~e M347 M096~d M297	[2, 3]
2	4	P008271	𜋅 𜉇 𛼢 𛿺	M377~e M347 M146 M218	P009242	𜌓 𜉇 𛷽 𛿺	M388 M347 M057~b1 M218	[0, 2]
2	4	P008271	𛻃 𜋺 𜀰 𛹜	M124 M386~a M240 M096	P008271	𛿺 𜅣 𜀰 𛹜	M218 M295~f M240 M096	[0, 1]
2	4	P008271	𛻃 𜋺 𜀰 𛹜	M124 M386~a M240 M096	P008618	𜀈 𜋾 𜀰 𛹜	M219 M387 M240 M096	[0, 1]
2	4	P008271	𛻃 𜋺 𜀰 𛹜	M124 M386~a M240 M096	P009383	𛻃 𜋾 𛷌 𛹜	M124 M387 M048~d M096	[1, 2]
2	4	P008271	𛻃 𜋺 𜀰 𛹜	M124 M386~a M240 M096	P009383	𛻃 𛶃 𜀼 𛹝	M124 M032 M242~b M096~1	[1, 2]
2	4	P008271	𛿺 𜅣 𜀰 𛹜	M218 M295~f M240 M096	P008618	𜀈 𜋾 𜀰 𛹜	M219 M387 M240 M096	[0, 1]
2	4	P008271	𛿺 𜅣 𜀰 𛹜	M218 M295~f M240 M096	P008644	𜁂 𜋺 𜀶 𛹜	M242~n M386~a M240~e M096	[0, 1]
2	4	P008271	𛿺 𜅣 𜀰 𛹜	M218 M295~f M240 M096	P009018	𜄧 𜋺 𜀰 𛹜	M285~c M386~a M240 M096	[0, 1]
2	4	P008271	𛿺 𜅣 𜀰 𛹜	M218 M295~f M240 M096	P009343	𛿺 𜅥 𛼲 𜄱	M218 M295~i M149~a2 M288	[2, 3]
2	4	P008271	𛼥 𛵅 𜃁 𛿺	M146~2 M004 M263 M218	P009257	𛵓 𛵅 𜃁 𛹜	M009 M004 M263 M096	[0, 3]
2	4	P008271	𛼥 𛵅 𜃁 𛿺	M146~2 M004 M263 M218	P009382	𛻃 𛵅 𜀗 𛿺	M124 M004 M223~b M218	[0, 2]
2	4	P008271	𛼥 𛵅 𜃁 𛿺	M146~2 M004 M263 M218	P009466	𜋾 𛸗 𜃁 𛿺	M387 M066 M263 M218	[0, 1]
2	4	P008271	𛻛 𜇐 𛻌 𛹜	M131 M314~c M128 M096	P009383	𜌓 𜌕 𛻌 𛹜	M388 M390 M128 M096	[0, 1]
2	4	P008278	𛻃 𛼢 𛿺 𜃆	M124 M146 M218 M263~b1	P008987	𛵅 𜃁 𛿺 𜃃	M004 M263 M218 M263~a	[0, 1]
2	4	P008278	𛻃 𛼢 𛿺 𜃆	M124 M146 M218 M263~b1	P009014	𛵓 𜂣 𛿺 𜃁	M009 M259 M218 M263	[0, 1]
2	4	P008278	𛻃 𛼢 𛿺 𜃆	M124 M146 M218 M263~b1	P009156	𛹥 𛵅 𛿺 𜃁	M097~h M004 M218 M263	[0, 1]
2	4	P008278	𛻃 𛼢 𛿺 𜃆	M124 M146 M218 M263~b1	P009343	𛻃 𛶌 𛿺 𜄱	M124 M034~a M218 M288	[1, 3]
2	4	P008296	𛹜 𛵮 𜊩 𜄱	M096 M024 M371 M288	P008328	𛵮 𛶈 𜊩 𜄱	M024 M033 M371 M288	[0, 1]
2	4	P008296	𛹜 𛵮 𜊩 𜄱	M096 M024 M371 M288	P008666	𜂂 𛵓 𜊩 𜄱	M251~c M009 M371 M288	[0, 1]
2	4	P008296	𛹜 𛵮 𜊩 𜄱	M096 M024 M371 M288	P009089	𜉚 𛵓 𜊩 𜄱	M352~n M009 M371 M288	[0, 1]
2	4	P008296	𛹜 𛵮 𜊩 𜄱	M096 M024 M371 M288	P009343	𛼲 𜉞 𜊩 𜄱	M149~a2 M352~s M371 M288	[0, 1]
2	4	P008296	𛻃 𜂼 𜌆 𜄱	M124 M262 M387~ef M288	P008490	𛻃 𛹥 𜋾 𛵅	M124 M097~h M387 M004	[1, 3]
2	4	P008296	𛻃 𜂼 𜌆 𜄱	M124 M262 M387~ef M288	P008918	𛻃 𛿯 𛷶 𜄱	M124 M217 M057 M288	[1, 2]
2	4	P008296	𛻃 𜂼 𜌆 𜄱	M124 M262 M387~ef M288	P009338	𛹺 𜂕 𜌁 𜄱	M103~2 M254~a M387~c M288	[0, 1]
2	4	P008296	𛻃 𜂼 𜌆 𜄱	M124 M262 M387~ef M288	P009343	𛻃 𛶌 𛿺 𜄱	M124 M034~a M218 M288	[1, 2]
2	4	P008296	𛻃 𜂼 𜌆 𜄱	M124 M262 M387~ef M288	P009553	𛾇 𜄱 𜋾 𜄱	M175+M377+M377 M288 M387 M288	[0, 1]
2	4	P008296	𛹜 𜀓 𛶎 𜅸	M096 M222 M036 M297	P009216	𛹌 𜈽 𛶎 𜅸	M081 M346 M036 M297	[0, 1]
2	4	P008307	𜋾 𜈽 𜉎 𜄱	M387 M346 M351+N14 M288	P008914	𜋾 𜂣 𛿺 𜄱	M387 M259 M218 M288	[1, 2]
2	4	P008307	𜋾 𜈽 𜉎 𜄱	M387 M346 M351+N14 M288	P009015	𜌁 𜅸 𛹩 𜄱	M387~c M297 M099~b M288	[1, 2]
2	4	P008307	𜋾 𜈽 𜉎 𜄱	M387 M346 M351+N14 M288	P009224	𜌎 𜌎 𛷪 𜄱	M387~i M387~i M054 M288	[1, 2]
2	4	P008307	𜋾 𜈽 𜉎 𜄱	M387 M346 M351+N14 M288	P009251	𜌋 𛵈 𛷳 𜄱	M387~h M005~a M056~f M288	[1, 2]
2	4	P008310	𛹙 𜌓 𜄤 𜇟	M093~a M388 M285 M317	P009337	𜆛 𜌓 𜄥 𜄱	M304 M388 M285~b M288	[0, 3]
2	4	P008310	𜌓 𜅙 𛿺 𜇟	M388 M295~a M218 M317	P008689	𜌓 𛺎 𛿺 𛾿	M388 M110~a M218 M206~d	[1, 3]
2	4	P008310	𜌓 𜅙 𛿺 𜇟	M388 M295~a M218 M317	P009535	𜌓 𜍙 𛿺 𜈽	M388 M491 M218 M346	[1, 3]
2	4	P008310	𛺰 𛸘 𛸘 𜇟	M112~p M066~a M066~a M317	P009552	𜌓 𛸗 𛸗 𛷶	M388 M066 M066 M057	[0, 3]
2	4	P008310	𛼌 𛶃 𜋾 𛿺	M139 M032 M387 M218	P008644	𜌓 𛷼 𜋾 𛿺	M388 M057~b M387 M218	[0, 1]
2	4	P008310	𛼌 𛶃 𜋾 𛿺	M139 M032 M387 M218	P008711	𛼌 𛶃 𜉈 𜄱	M139 M032 M348 M288	[2, 3]
2	4	P008310	𛼌 𛶃 𜋾 𛿺	M139 M032 M387 M218	P009262	𜌓 𛻌 𜋿 𛿺	M388 M128 M387~a M218	[0, 1]
2	4	P008319	𜋺 𛻛 𛿺 𜄱	M386~a M131 M218 M288	P008431	𜉇 𜋅 𛿺 𜄱	M347 M377~e M218 M288	[0, 1]
2	4	P008319	𜋺 𛻛 𛿺 𜄱	M386~a M131 M218 M288	P008438	𛶃 𜋾 𛿺 𜄱	M032 M387 M218 M288	[0, 1]
2	4	P008319	𜋺 𛻛 𛿺 𜄱	M386~a M131 M218 M288	P008688	𜊩 𜀈 𛿺 𜄱	M371 M219 M218 M288	[0, 1]
2	4	P008319	𜋺 𛻛 𛿺 𜄱	M386~a M131 M218 M288	P008688	𜂼 𜂣 𛿺 𜄱	M262 M259 M218 M288	[0, 1]
2	4	P008319	𜋺 𛻛 𛿺 𜄱	M386~a M131 M218 M288	P008914	𜋾 𜂣 𛿺 𜄱	M387 M259 M218 M288	[0, 1]
2	4	P008319	𜋺 𛻛 𛿺 𜄱	M386~a M131 M218 M288	P008942	𛸗 𜋾 𛿺 𜄱	M066 M387 M218 M288	[0, 1]
2	4	P008319	𜋺 𛻛 𛿺 𜄱	M386~a M131 M218 M288	P009336	𜁿 𜃁 𛿺 𜄱	M250~p M263 M218 M288	[0, 1]
2	4	P008319	𜋺 𛻛 𛿺 𜄱	M386~a M131 M218 M288	P009343	𛻃 𛶌 𛿺 𜄱	M124 M034~a M218 M288	[0, 1]
2	4	P008328	𛵮 𛶈 𜊩 𜄱	M024 M033 M371 M288	P008666	𜂂 𛵓 𜊩 𜄱	M251~c M009 M371 M288	[0, 1]
2	4	P008328	𛵮 𛶈 𜊩 𜄱	M024 M033 M371 M288	P009089	𜉚 𛵓 𜊩 𜄱	M352~n M009 M371 M288	[0, 1]
2	4	P008328	𛵮 𛶈 𜊩 𜄱	M024 M033 M371 M288	P009343	𛼲 𜉞 𜊩 𜄱	M149~a2 M352~s M371 M288	[0, 1]
2	4	P008342	𜌓 𜉇 𛺏 𜊩	M388 M347 M110~b M371	P009242	𜌓 𜉇 𛷽 𛿺	M388 M347 M057~b1 M218	[2, 3]
2	4	P008342	𜌓 𜉇 𛺏 𜊩	M388 M347 M110~b M371	P368539	𜌓 𛸘 𜋏 𜊩	M388 M066~a M380 M371	[1, 2]
2	4	P008351	𜀈 𜌁 𛸗 𜄽	M219 M387~c M066 M288~i	P008355	𛸗 𜁔 𛸗 𜄱	M066 M246~b M066 M288	[0, 1]
2	4	P008351	𜀈 𜌁 𛸗 𜄽	M219 M387~c M066 M288~i	P008438	𛶃 𜋾 𛿺 𜄱	M032 M387 M218 M288	[0, 2]
2	4	P008351	𜀈 𜌁 𛸗 𜄽	M219 M387~c M066 M288~i	P008618	𜀈 𜋾 𜀰 𛹜	M219 M387 M240 M096	[2, 3]
2	4	P008351	𜀈 𜌁 𛸗 𜄽	M219 M387~c M066 M288~i	P008688	𛷐 𜋺 𛸗 𜄱	M048~k M386~a M066 M288	[0, 1]
2	4	P008351	𜀈 𜌁 𛸗 𜄽	M219 M387~c M066 M288~i	P008942	𛸗 𜋾 𛿺 𜄱	M066 M387 M218 M288	[0, 2]
2	4	P008351	𜀈 𜌁 𛸗 𜄽	M219 M387~c M066 M288~i	P009089	𛿺 𛼢 𛸗 𜄱	M218 M146 M066 M288	[0, 1]
2	4	P008351	𜀈 𜌁 𛸗 𜄽	M219 M387~c M066 M288~i	P009224	𜌎 𜌎 𛷪 𜄱	M387~i M387~i M054 M288	[0, 2]
2	4	P008353	𜆄 𜅵 𛷶 𜄱	M301 M296+M296 M057 M288	P008598	𜂽 𜆅 𛷸 𜄱	M262~1 M301~a M057~a M288	[0, 1]
2	4	P008353	𜆄 𜅵 𛷶 𜄱	M301 M296+M296 M057 M288	P008688	𛷶 𜍂 𛷶 𜄱	M057 M455 M057 M288	[0, 1]
2	4	P008353	𜆄 𜅵 𛷶 𜄱	M301 M296+M296 M057 M288	P008918	𛻃 𛿯 𛷶 𜄱	M124 M217 M057 M288	[0, 1]
2	4	P008353	𜆄 𜅵 𛷶 𜄱	M301 M296+M296 M057 M288	P009343	𜇣 𛿈 𛷻 𜄱	M317~b M207 M057~a4 M288	[0, 1]
2	4	P008354	𛷶 𜀶 𛵓 𛷶	M057 M240~e M009 M057	P008448	𛷼 𜀱 𛷸 𜊊	M057~b M240~a M057~a M367	[2, 3]
2	4	P008354	𛷶 𜀶 𛵓 𛷶	M057 M240~e M009 M057	P008940	𛷶 𜀰 𛶃 𛷌	M057 M240 M032 M048~d	[2, 3]
2	4	P008355	𛸗 𜁔 𛸗 𜄱	M066 M246~b M066 M288	P008417	𜃁 𜌆 𛸗 𜄱	M263 M387~ef M066 M288	[0, 1]
2	4	P008355	𛸗 𜁔 𛸗 𜄱	M066 M246~b M066 M288	P008516	𛸗 𜀈 𛸗 𜈽	M066 M219 M066 M346	[1, 3]
2	4	P008355	𛸗 𜁔 𛸗 𜄱	M066 M246~b M066 M288	P008688	𛷐 𜋺 𛸗 𜄱	M048~k M386~a M066 M288	[0, 1]
2	4	P008355	𛸗 𜁔 𛸗 𜄱	M066 M246~b M066 M288	P008942	𛸗 𜋾 𛿺 𜄱	M066 M387 M218 M288	[1, 2]
2	4	P008355	𛸗 𜁔 𛸗 𜄱	M066 M246~b M066 M288	P009089	𛿺 𛼢 𛸗 𜄱	M218 M146 M066 M288	[0, 1]
2	4	P008355	𛻃 𜊩 𛵓 𜊩	M124 M371 M009 M371	P008468	𛿺 𜂦 𛵓 𜊩	M218 M259~3 M009 M371	[0, 1]
2	4	P008355	𛻃 𜊩 𛵓 𜊩	M124 M371 M009 M371	P008477	𛻃 𛷶 𛹧 𜊩	M124 M057 M099 M371	[1, 2]
2	4	P008355	𛻃 𜊩 𛵓 𜊩	M124 M371 M009 M371	P272825	𜆡 𜌓 𛵓 𜊩	M305 M388 M009 M371	[0, 1]
2	4	P008357	𛾢 𜌓 𜊩 𜋾	M195 M388 M371 M387	P008972	𜀶 𜉇 𜊩 𜋾	M240~e M347 M371 M387	[0, 1]
2	4	P008357	𛾢 𜌓 𜊩 𜋾	M195 M388 M371 M387	P009017	𛾢 𜌓 𛿾 𜀣	M195 M388 M218+M101 M228+M101	[2, 3]
2	4	P008379	𜌓 𜃁 𜋊 𜄱	M388 M263 M379 M288	P008454	𜌓 𛷸 𛵹 𜄱	M388 M057~a M029~b M288	[1, 2]
2	4	P008379	𜌓 𜃁 𜋊 𜄱	M388 M263 M379 M288	P008663	𜌓 𛶃 𛹜 𜄱	M388 M032 M096 M288	[1, 2]
2	4	P008379	𜌓 𜃁 𜋊 𜄱	M388 M263 M379 M288	P009336	𜁿 𜃁 𛿺 𜄱	M250~p M263 M218 M288	[0, 2]
2	4	P008379	𛻃 𛸗 𜆅 𛷶	M124 M066 M301~a M057	P009552	𜌓 𛸗 𛸗 𛷶	M388 M066 M066 M057	[0, 2]
2	4	P008383	𛽲 𜌓 𜆅 𛸗	M158~h M388 M301~a M066	P008907	𛽔 𜌓 𜃂 𛸗	M157 M388 M263~1 M066	[0, 2]
2	4	P008398	𜉚 𜊛 𛿺 𜈽	M352~n M370 M218 M346	P009535	𜌓 𜍙 𛿺 𜈽	M388 M491 M218 M346	[0, 1]
2	4	P008416	𜋀 𛹧 𛹜 𛵞	M377 M099 M096 M010~2	P008635	𜋀 𜉫 𛹜 𜄱	M377 M361~b M096 M288	[1, 3]
2	4	P008416	𜋀 𛹧 𛹜 𛵞	M377 M099 M096 M010~2	P009028	𜋅 𜉇 𛹣 𜅸	M377~e M347 M096~d M297	[1, 3]
2	4	P008417	𜃁 𜌆 𛸗 𜄱	M263 M387~ef M066 M288	P008438	𛶃 𜋾 𛿺 𜄱	M032 M387 M218 M288	[0, 2]
2	4	P008417	𜃁 𜌆 𛸗 𜄱	M263 M387~ef M066 M288	P008688	𛷐 𜋺 𛸗 𜄱	M048~k M386~a M066 M288	[0, 1]
2	4	P008417	𜃁 𜌆 𛸗 𜄱	M263 M387~ef M066 M288	P008942	𛸗 𜋾 𛿺 𜄱	M066 M387 M218 M288	[0, 2]
2	4	P008417	𜃁 𜌆 𛸗 𜄱	M263 M387~ef M066 M288	P009089	𛿺 𛼢 𛸗 𜄱	M218 M146 M066 M288	[0, 1]
2	4	P008417	𜃁 𜌆 𛸗 𜄱	M263 M387~ef M066 M288	P009224	𜌎 𜌎 𛷪 𜄱	M387~i M387~i M054 M288	[0, 2]
2	4	P008429	𛻃 𛸪 𜀕 𜅘	M124 M073~b M223 M295	P008490	𛻃 𜅟 𜀘 𜅸	M124 M295~da M223~c M297	[1, 3]
2	4	P008429	𛻃 𛸪 𜀕 𜅘	M124 M073~b M223 M295	P009382	𛻃 𛵅 𜀗 𛿺	M124 M004 M223~b M218	[1, 3]
2	4	P008429	𛽹 𜃞 𛷪 𜌓	M175 M266~a M054 M388	P009180	𜌁 𜌁 𛷪 𜌓	M387~c M387~c M054 M388	[0, 1]
2	4	P008430	𜂼 𜂣 𛿺 𛵞	M262 M259 M218 M010~2	P008461	𜇪 𜂣 𛿺 𛶔	M318~a M259 M218 M036+N30D	[0, 3]
2	4	P008430	𜂼 𜂣 𛿺 𛵞	M262 M259 M218 M010~2	P008479	𛴺 𜂣 𛿺 𜄐	M001 M259 M218 M278~e	[0, 3]
2	4	P008430	𜂼 𜂣 𛿺 𛵞	M262 M259 M218 M010~2	P008914	𜋾 𜂣 𛿺 𜄱	M387 M259 M218 M288	[0, 3]
2	4	P008430	𜂼 𜂣 𛿺 𛵞	M262 M259 M218 M010~2	P009014	𛵓 𜂣 𛿺 𜃁	M009 M259 M218 M263	[0, 3]
2	4	P008431	𛸗 𜉜 𜇔 𜅸	M066 M352~o M315 M297	P008452	𛸗 𜉚 𜀞 𛿈	M066 M352~n M226~c M207	[2, 3]
2	4	P008431	𛸗 𜉜 𜇔 𜅸	M066 M352~o M315 M297	P008621	𛸗 𜉜 𛿺 𛿺	M066 M352~o M218 M218	[2, 3]
2	4	P008431	𛸗 𜉜 𜇔 𜅸	M066 M352~o M315 M297	P009190	𛸗 𜉚 𛷸 𛽍	M066 M352~n M057~a M153+M342	[2, 3]
2	4	P008431	𛸗 𜉜 𜇔 𜅸	M066 M352~o M315 M297	P009412	𛸗 𜉜 𜉇 𛿺	M066 M352~o M347 M218	[2, 3]
2	4	P008431	𜉇 𜋅 𛿺 𜄱	M347 M377~e M218 M288	P008438	𛶃 𜋾 𛿺 𜄱	M032 M387 M218 M288	[0, 1]
2	4	P008431	𜉇 𜋅 𛿺 𜄱	M347 M377~e M218 M288	P008688	𜊩 𜀈 𛿺 𜄱	M371 M219 M218 M288	[0, 1]
2	4	P008431	𜉇 𜋅 𛿺 𜄱	M347 M377~e M218 M288	P008688	𜂼 𜂣 𛿺 𜄱	M262 M259 M218 M288	[0, 1]
2	4	P008431	𜉇 𜋅 𛿺 𜄱	M347 M377~e M218 M288	P008914	𜋾 𜂣 𛿺 𜄱	M387 M259 M218 M288	[0, 1]
2	4	P008431	𜉇 𜋅 𛿺 𜄱	M347 M377~e M218 M288	P008942	𛸗 𜋾 𛿺 𜄱	M066 M387 M218 M288	[0, 1]
2	4	P008431	𜉇 𜋅 𛿺 𜄱	M347 M377~e M218 M288	P009336	𜁿 𜃁 𛿺 𜄱	M250~p M263 M218 M288	[0, 1]
2	4	P008431	𜉇 𜋅 𛿺 𜄱	M347 M377~e M218 M288	P009343	𛻃 𛶌 𛿺 𜄱	M124 M034~a M218 M288	[0, 1]
2	4	P008438	𜋇 𜌓 𜁂 𜅘	M377~e+M377~e M388 M242~n M295	P009185	𛼲 𜌓 𛿺 𜅦	M149~a2 M388 M218 M295~k	[0, 2]
2	4	P008438	𛶃 𜋾 𛿺 𜄱	M032 M387 M218 M288	P008663	𛶃 𛻐 𛹜 𜄱	M032 M128~da M096 M288	[1, 2]
2	4	P008438	𛶃 𜋾 𛿺 𜄱	M032 M387 M218 M288	P008688	𜊩 𜀈 𛿺 𜄱	M371 M219 M218 M288	[0, 1]
2	4	P008438	𛶃 𜋾 𛿺 𜄱	M032 M387 M218 M288	P008688	𜂼 𜂣 𛿺 𜄱	M262 M259 M218 M288	[0, 1]
2	4	P008438	𛶃 𜋾 𛿺 𜄱	M032 M387 M218 M288	P008914	𜋾 𜂣 𛿺 𜄱	M387 M259 M218 M288	[0, 1]
2	4	P008438	𛶃 𜋾 𛿺 𜄱	M032 M387 M218 M288	P009224	𜌎 𜌎 𛷪 𜄱	M387~i M387~i M054 M288	[0, 2]
2	4	P008438	𛶃 𜋾 𛿺 𜄱	M032 M387 M218 M288	P009336	𜁿 𜃁 𛿺 𜄱	M250~p M263 M218 M288	[0, 1]
2	4	P008438	𛶃 𜋾 𛿺 𜄱	M032 M387 M218 M288	P009343	𛻃 𛶌 𛿺 𜄱	M124 M034~a M218 M288	[0, 1]
2	4	P008447	𜌓 𜂼 𜂣 𛿺	M388 M262 M259 M218	P008490	𜌓 𜂂 𛵅 𛿺	M388 M251~c M004 M218	[1, 2]
2	4	P008447	𜌓 𜂼 𜂣 𛿺	M388 M262 M259 M218	P008644	𜌓 𛷼 𜋾 𛿺	M388 M057~b M387 M218	[1, 2]
2	4	P008447	𜌓 𜂼 𜂣 𛿺	M388 M262 M259 M218	P009181	𜌓 𛸘 𜅘 𛿺	M388 M066~a M295 M218	[1, 2]
2	4	P008447	𜌓 𜂼 𜂣 𛿺	M388 M262 M259 M218	P009242	𜌓 𜉇 𛷽 𛿺	M388 M347 M057~b1 M218	[1, 2]
2	4	P008447	𜌓 𜂼 𜂣 𛿺	M388 M262 M259 M218	P009262	𜌓 𛻌 𜋿 𛿺	M388 M128 M387~a M218	[1, 2]
2	4	P008447	𜌓 𜂼 𜂣 𛿺	M388 M262 M259 M218	P234794	𜌓 𜋺 𛻛 𛿺	M388 M386~a M131 M218	[1, 2]
2	4	P008447	𜌓 𜂼 𜂣 𛿺	M388 M262 M259 M218	P272825	𜌓 𛵓 𛵅 𛿺	M388 M009 M004 M218	[1, 2]
2	4	P008448	𛼢 𜋅 𜉇 𜊩	M146 M377~e M347 M371	P272825	𜆡 𜂼 𜉇 𜊩	M305 M262 M347 M371	[0, 1]
2	4	P008448	𛷼 𜀱 𛷸 𜊊	M057~b M240~a M057~a M367	P008688	𛷶 𜍂 𛷶 𜄱	M057 M455 M057 M288	[1, 3]
2	4	P008448	𛷼 𜀱 𛷸 𜊊	M057~b M240~a M057~a M367	P008940	𛷶 𜀰 𛶃 𛷌	M057 M240 M032 M048~d	[2, 3]
2	4	P008448	𛵅 𜌕 𛸗 𜊘	M004 M390 M066 M369	P009356	𛵅 𛹪 𛸗 𜃁	M004 M101 M066 M263	[1, 3]
2	4	P008448	𛵅 𜌕 𛸗 𜊘	M004 M390 M066 M369	P009373	𛵅 𜀁 𛸗 𜃆	M004 M218+M288~f M066 M263~b1	[1, 3]
2	4	P008448	𜋅 𜉇 𜉚 𜈽	M377~e M347 M352~n M346	P009028	𜋅 𜉇 𛹣 𜅸	M377~e M347 M096~d M297	[2, 3]
2	4	P008452	𛸗 𜉚 𜀞 𛿈	M066 M352~n M226~c M207	P008621	𛸗 𜉜 𛿺 𛿺	M066 M352~o M218 M218	[2, 3]
2	4	P008452	𛸗 𜉚 𜀞 𛿈	M066 M352~n M226~c M207	P009190	𛸗 𜉚 𛷸 𛽍	M066 M352~n M057~a M153+M342	[2, 3]
2	4	P008452	𛸗 𜉚 𜀞 𛿈	M066 M352~n M226~c M207	P009375	𛸗 𜉚 𜉇 𜅸	M066 M352~n M347 M297	[2, 3]
2	4	P008452	𛸗 𜉚 𜀞 𛿈	M066 M352~n M226~c M207	P009412	𛸗 𜉜 𜉇 𛿺	M066 M352~o M347 M218	[2, 3]
2	4	P008452	𛸗 𜉚 𜀞 𛿈	M066 M352~n M226~c M207	P009439	𛸗 𜉚 𜇔 𜅸	M066 M352~n M315 M297	[2, 3]
2	4	P008454	𜌓 𛷸 𛵹 𜄱	M388 M057~a M029~b M288	P008644	𜌓 𛷼 𜋾 𛿺	M388 M057~b M387 M218	[2, 3]
2	4	P008454	𜌓 𛷸 𛵹 𜄱	M388 M057~a M029~b M288	P008663	𜌓 𛶃 𛹜 𜄱	M388 M032 M096 M288	[1, 2]
2	4	P008461	𜇪 𜂣 𛿺 𛶔	M318~a M259 M218 M036+N30D	P008479	𛴺 𜂣 𛿺 𜄐	M001 M259 M218 M278~e	[0, 3]
2	4	P008461	𜇪 𜂣 𛿺 𛶔	M318~a M259 M218 M036+N30D	P008688	𜂼 𜂣 𛿺 𜄱	M262 M259 M218 M288	[0, 3]
2	4	P008461	𜇪 𜂣 𛿺 𛶔	M318~a M259 M218 M036+N30D	P008914	𜋾 𜂣 𛿺 𜄱	M387 M259 M218 M288	[0, 3]
2	4	P008461	𜇪 𜂣 𛿺 𛶔	M318~a M259 M218 M036+N30D	P009014	𛵓 𜂣 𛿺 𜃁	M009 M259 M218 M263	[0, 3]
2	4	P008461	𜇪 𜂣 𛿺 𛶔	M318~a M259 M218 M036+N30D	P009252	𜇩 𛵅 𛿺 𜆡	M318 M004 M218 M305	[1, 3]
2	4	P008468	𛿺 𜂦 𛵓 𜊩	M218 M259~3 M009 M371	P008490	𛻃 𜌕 𛵓 𜊩	M124 M390 M009 M371	[0, 1]
2	4	P008468	𛿺 𜂦 𛵓 𜊩	M218 M259~3 M009 M371	P009183	𛻃 𛷋 𛵓 𜊩	M124 M048~c M009 M371	[0, 1]
2	4	P008468	𛿺 𜂦 𛵓 𜊩	M218 M259~3 M009 M371	P009257	𛻃 𜇭 𛵓 𜊩	M124 M318~a3 M009 M371	[0, 1]
2	4	P008468	𛿺 𜂦 𛵓 𜊩	M218 M259~3 M009 M371	P009257	𛻃 𜇭 𛵓 𜊩	M124 M318~a3 M009 M371	[0, 1]
2	4	P008468	𛿺 𜂦 𛵓 𜊩	M218 M259~3 M009 M371	P009412	𛿺 𜂣 𜃁 𜈩	M218 M259 M263 M329	[2, 3]
2	4	P008468	𛿺 𜂦 𛵓 𜊩	M218 M259~3 M009 M371	P272825	𜆡 𜌓 𛵓 𜊩	M305 M388 M009 M371	[0, 1]
2	4	P008477	𛾴 𛸗 𜉜 𛻞	M203~c M066 M352~o M131~d	P008621	𛹸 𛸗 𜉜 𛹜	M103 M066 M352~o M096	[0, 3]
2	4	P008477	𛾴 𛸗 𜉜 𛻞	M203~c M066 M352~o M131~d	P368483	𛹻 𛸗 𜉜 𛹜	M103~3 M066 M352~o M096	[0, 3]
2	4	P008477	𛻃 𛷶 𛹧 𜊩	M124 M057 M099 M371	P008490	𛻃 𜌕 𛵓 𜊩	M124 M390 M009 M371	[1, 2]
2	4	P008477	𛻃 𛷶 𛹧 𜊩	M124 M057 M099 M371	P009183	𛻃 𛷋 𛵓 𜊩	M124 M048~c M009 M371	[1, 2]
2	4	P008477	𛻃 𛷶 𛹧 𜊩	M124 M057 M099 M371	P009257	𛻃 𜇭 𛵓 𜊩	M124 M318~a3 M009 M371	[1, 2]
2	4	P008477	𛻃 𛷶 𛹧 𜊩	M124 M057 M099 M371	P009257	𛻃 𜇭 𛵓 𜊩	M124 M318~a3 M009 M371	[1, 2]
2	4	P008479	𛴺 𜂣 𛿺 𜄐	M001 M259 M218 M278~e	P008688	𜂼 𜂣 𛿺 𜄱	M262 M259 M218 M288	[0, 3]
2	4	P008479	𛴺 𜂣 𛿺 𜄐	M001 M259 M218 M278~e	P008914	𜋾 𜂣 𛿺 𜄱	M387 M259 M218 M288	[0, 3]
2	4	P008479	𛴺 𜂣 𛿺 𜄐	M001 M259 M218 M278~e	P009014	𛵓 𜂣 𛿺 𜃁	M009 M259 M218 M263	[0, 3]
2	4	P008490	𜌓 𛸗 𜂽 𛵂	M388 M066 M262~1 M003~b	P008490	𜌓 𜀈 𜊩 𛵂	M388 M219 M371 M003~b	[1, 2]
2	4	P008490	𜌓 𛸗 𜂽 𛵂	M388 M066 M262~1 M003~b	P008740	𜌓 𛸗 𜇔 𜂕	M388 M066 M315 M254~a	[2, 3]
2	4	P008490	𜌓 𛸗 𜂽 𛵂	M388 M066 M262~1 M003~b	P009181	𜌓 𛸘 𜅘 𛿺	M388 M066~a M295 M218	[2, 3]
2	4	P008490	𜌓 𛸗 𜂽 𛵂	M388 M066 M262~1 M003~b	P009552	𜌓 𛸗 𛸗 𛷶	M388 M066 M066 M057	[2, 3]
2	4	P008490	𜌓 𛸗 𜂽 𛵂	M388 M066 M262~1 M003~b	P368539	𜌓 𛸘 𜋏 𜊩	M388 M066~a M380 M371	[2, 3]
2	4	P008490	𜀰 𜊩 𛵂 𜌓	M240 M371 M003~b M388	P009460	𜈙 𛵇 𛵂 𜌓	M327 M005 M003~b M388	[0, 1]
2	4	P008490	𛻃 𜌕 𛵓 𜊩	M124 M390 M009 M371	P272825	𜆡 𜌓 𛵓 𜊩	M305 M388 M009 M371	[0, 1]
2	4	P008490	𜌓 𜀈 𜊩 𛵂	M388 M219 M371 M003~b	P009180	𜌓 𛼚 𜊩 𛽇	M388 M145~a M371 M153+M006~a	[1, 3]
2	4	P008490	𜌓 𜀈 𜊩 𛵂	M388 M219 M371 M003~b	P009535	𜌓 𛾾 𜊩 𜈽	M388 M206~b M371 M346	[1, 3]
2	4	P008490	𜌓 𜀈 𜊩 𛵂	M388 M219 M371 M003~b	P009535	𜌓 𛸧 𜊩 𜈽	M388 M072 M371 M346	[1, 3]
2	4	P008490	𜌓 𜂂 𛵅 𛿺	M388 M251~c M004 M218	P008644	𜌓 𛷼 𜋾 𛿺	M388 M057~b M387 M218	[1, 2]
2	4	P008490	𜌓 𜂂 𛵅 𛿺	M388 M251~c M004 M218	P009017	𛻈 𜃟 𛵅 𛿺	M125~a M266~b M004 M218	[0, 1]
2	4	P008490	𜌓 𜂂 𛵅 𛿺	M388 M251~c M004 M218	P009181	𜌓 𛸘 𜅘 𛿺	M388 M066~a M295 M218	[1, 2]
2	4	P008490	𜌓 𜂂 𛵅 𛿺	M388 M251~c M004 M218	P009242	𜌓 𜉇 𛷽 𛿺	M388 M347 M057~b1 M218	[1, 2]
2	4	P008490	𜌓 𜂂 𛵅 𛿺	M388 M251~c M004 M218	P009262	𜌓 𛻌 𜋿 𛿺	M388 M128 M387~a M218	[1, 2]
2	4	P008490	𜌓 𜂂 𛵅 𛿺	M388 M251~c M004 M218	P234794	𜌓 𜋺 𛻛 𛿺	M388 M386~a M131 M218	[1, 2]
2	4	P008490	𛻃 𜅟 𜀘 𜅸	M124 M295~da M223~c M297	P009196	𛻃 𜂣 𛹪 𜅸	M124 M259 M101 M297	[1, 2]
2	4	P008490	𛻃 𜅟 𜀘 𜅸	M124 M295~da M223~c M297	P009382	𛻃 𛵅 𜀗 𛿺	M124 M004 M223~b M218	[1, 3]
2	4	P008516	𛸗 𜀈 𛸗 𜈽	M066 M219 M066 M346	P008516	𛿺 𛶍 𛸗 𜈽	M218 M009~d ≈ M035M09~d ≈ M3 M066 M346	[0, 1]
2	4	P008516	𛿺 𛶍 𛸗 𜈽	M218 M009~d ≈ M035M09~d ≈ M3 M066 M346	P009089	𛿺 𛼢 𛸗 𜄱	M218 M146 M066 M288	[1, 3]
2	4	P008529	𜀶 𜃁 𛷋 𛹜	M240~e M263 M048~c M096	P009383	𛻃 𜋾 𛷌 𛹜	M124 M387 M048~d M096	[0, 1]
2	4	P008543	𛵓 𜇬 𜊩 𜇼	M009 M318~a2 M371 M321	P272825	𜈏 𜇩 𜊩 𛿯	M324~d M318 M371 M217	[0, 3]
2	4	P008598	𜂽 𜆅 𛷸 𜄱	M262~1 M301~a M057~a M288	P008688	𛷶 𜍂 𛷶 𜄱	M057 M455 M057 M288	[0, 1]
2	4	P008598	𜂽 𜆅 𛷸 𜄱	M262~1 M301~a M057~a M288	P008688	𜂼 𜂣 𛿺 𜄱	M262 M259 M218 M288	[1, 2]
2	4	P008598	𜂽 𜆅 𛷸 𜄱	M262~1 M301~a M057~a M288	P008918	𛻃 𛿯 𛷶 𜄱	M124 M217 M057 M288	[0, 1]
2	4	P008598	𜂽 𜆅 𛷸 𜄱	M262~1 M301~a M057~a M288	P009343	𜇣 𛿈 𛷻 𜄱	M317~b M207 M057~a4 M288	[0, 1]
2	4	P008612	𜃁 𛷐 𛹜 𜄲	M263 M048~k M096 M288+N01	P008612	𜂧 𜀼 𛹜 𜄲	M260 M242~b M096 M288+N01	[0, 1]
2	4	P008612	𜃁 𛷐 𛹜 𜄲	M263 M048~k M096 M288+N01	P008688	𜂣 𛷐 𛹜 𜄱	M259 M048~k M096 M288	[0, 3]
2	4	P008618	𜀈 𜋾 𜀰 𛹜	M219 M387 M240 M096	P008644	𜁂 𜋺 𜀶 𛹜	M242~n M386~a M240~e M096	[0, 1]
2	4	P008618	𜀈 𜋾 𜀰 𛹜	M219 M387 M240 M096	P009018	𜄧 𜋺 𜀰 𛹜	M285~c M386~a M240 M096	[0, 1]
2	4	P008618	𜀈 𜋾 𜀰 𛹜	M219 M387 M240 M096	P009031	𜌓 𜋾 𜇶 𛹜	M388 M387 M320 M096	[0, 2]
2	4	P008618	𜀈 𜋾 𜀰 𛹜	M219 M387 M240 M096	P009383	𛻃 𜋾 𛷌 𛹜	M124 M387 M048~d M096	[0, 2]
2	4	P008618	𜀈 𜋾 𜀰 𛹜	M219 M387 M240 M096	P234794	𜋾 𜋾 𜂼 𛹜	M387 M387 M262 M096	[0, 2]
2	4	P008621	𛸗 𜉜 𛿺 𛿺	M066 M352~o M218 M218	P008942	𛸗 𜋾 𛿺 𜄱	M066 M387 M218 M288	[1, 3]
2	4	P008621	𛸗 𜉜 𛿺 𛿺	M066 M352~o M218 M218	P009190	𛸗 𜉚 𛷸 𛽍	M066 M352~n M057~a M153+M342	[2, 3]
2	4	P008621	𛸗 𜉜 𛿺 𛿺	M066 M352~o M218 M218	P009375	𛸗 𜉚 𜉇 𜅸	M066 M352~n M347 M297	[2, 3]
2	4	P008621	𛸗 𜉜 𛿺 𛿺	M066 M352~o M218 M218	P009439	𛸗 𜉚 𜇔 𜅸	M066 M352~n M315 M297	[2, 3]
2	4	P008621	𛼘 𛶱 𛷳 𜄱	M144~a M039~c M056~f M288	P009178	𛷶 𜆨 𛷳 𜄱	M057 M305+M136 M056~f M288	[0, 1]
2	4	P008621	𛼘 𛶱 𛷳 𜄱	M144~a M039~c M056~f M288	P009251	𜌋 𛵈 𛷳 𜄱	M387~h M005~a M056~f M288	[0, 1]
2	4	P008621	𛼘 𛶱 𛷳 𜄱	M144~a M039~c M056~f M288	P368497	𛵂 𜌓 𛷲 𜄱	M003~b M388 M056~e M288	[0, 1]
2	4	P008621	𛵹 𛹧 𜂼 𛹜	M029~b M099 M262 M096	P234794	𜋾 𜋾 𜂼 𛹜	M387 M387 M262 M096	[0, 1]
2	4	P008635	𜋀 𜉫 𛹜 𜄱	M377 M361~b M096 M288	P008663	𜌓 𛶃 𛹜 𜄱	M388 M032 M096 M288	[0, 1]
2	4	P008635	𜋀 𜉫 𛹜 𜄱	M377 M361~b M096 M288	P008663	𛶃 𛻐 𛹜 𜄱	M032 M128~da M096 M288	[0, 1]
2	4	P008635	𜋀 𜉫 𛹜 𜄱	M377 M361~b M096 M288	P008688	𜂣 𛷐 𛹜 𜄱	M259 M048~k M096 M288	[0, 1]
2	4	P008635	𜋀 𜉫 𛹜 𜄱	M377 M361~b M096 M288	P009028	𜋅 𜉇 𛹣 𜅸	M377~e M347 M096~d M297	[1, 3]
2	4	P008635	𜋀 𜉫 𛹜 𜄱	M377 M361~b M096 M288	P009338	𜂣 𜄚 𛹜 𜄱	M259 M281~f M096 M288	[0, 1]
2	4	P008635	𜋀 𜉫 𛹜 𜄱	M377 M361~b M096 M288	P009338	𛸪 𜀯 𛹜 𜄱	M073~b M230~a M096 M288	[0, 1]
2	4	P008644	𜌓 𛷼 𜋾 𛿺	M388 M057~b M387 M218	P008671	𜌓 𛿺 𜌁 𜇶	M388 M218 M387~c M320	[1, 3]
2	4	P008644	𜌓 𛷼 𜋾 𛿺	M388 M057~b M387 M218	P009181	𜌓 𛸘 𜅘 𛿺	M388 M066~a M295 M218	[1, 2]
2	4	P008644	𜌓 𛷼 𜋾 𛿺	M388 M057~b M387 M218	P009242	𜌓 𜉇 𛷽 𛿺	M388 M347 M057~b1 M218	[1, 2]
2	4	P008644	𜌓 𛷼 𜋾 𛿺	M388 M057~b M387 M218	P234794	𜌓 𜋺 𛻛 𛿺	M388 M386~a M131 M218	[1, 2]
2	4	P008644	𜌓 𛷼 𜋾 𛿺	M388 M057~b M387 M218	P272825	𜌓 𛵓 𛵅 𛿺	M388 M009 M004 M218	[1, 2]
2	4	P008663	𜌓 𛶃 𛹜 𜄱	M388 M032 M096 M288	P008663	𛶃 𛻐 𛹜 𜄱	M032 M128~da M096 M288	[0, 1]
2	4	P008663	𜌓 𛶃 𛹜 𜄱	M388 M032 M096 M288	P008688	𜂣 𛷐 𛹜 𜄱	M259 M048~k M096 M288	[0, 1]
2	4	P008663	𜌓 𛶃 𛹜 𜄱	M388 M032 M096 M288	P008711	𛼌 𛶃 𜉈 𜄱	M139 M032 M348 M288	[0, 2]
2	4	P008663	𜌓 𛶃 𛹜 𜄱	M388 M032 M096 M288	P009338	𜂣 𜄚 𛹜 𜄱	M259 M281~f M096 M288	[0, 1]
2	4	P008663	𜌓 𛶃 𛹜 𜄱	M388 M032 M096 M288	P009338	𛸪 𜀯 𛹜 𜄱	M073~b M230~a M096 M288	[0, 1]
2	4	P008663	𜌓 𛶃 𛹜 𜄱	M388 M032 M096 M288	P009535	𜌓 𜆛 𛹞 𜈽	M388 M304 M096~2 M346	[1, 3]
2	4	P008663	𜌓 𛶃 𛹜 𜄱	M388 M032 M096 M288	P368521	𜌓 𛽆 𛹜 𛹧	M388 M153 M096 M099	[1, 3]
2	4	P008663	𛶃 𛻐 𛹜 𜄱	M032 M128~da M096 M288	P008688	𜂣 𛷐 𛹜 𜄱	M259 M048~k M096 M288	[0, 1]
2	4	P008663	𛶃 𛻐 𛹜 𜄱	M032 M128~da M096 M288	P009338	𜂣 𜄚 𛹜 𜄱	M259 M281~f M096 M288	[0, 1]
2	4	P008663	𛶃 𛻐 𛹜 𜄱	M032 M128~da M096 M288	P009338	𛸪 𜀯 𛹜 𜄱	M073~b M230~a M096 M288	[0, 1]
2	4	P008666	𜂂 𛵓 𜊩 𜄱	M251~c M009 M371 M288	P009343	𛼲 𜉞 𜊩 𜄱	M149~a2 M352~s M371 M288	[0, 1]
2	4	P008671	𜌓 𛿺 𜌁 𜇶	M388 M218 M387~c M320	P009017	𜌓 𛹆 𛸘 𜇶	M388 M080~a M066~a M320	[1, 2]
2	4	P008671	𜌓 𛿺 𜌁 𜇶	M388 M218 M387~c M320	P009262	𜌓 𛻌 𜋿 𛿺	M388 M128 M387~a M218	[1, 3]
2	4	P008671	𜌓 𛿺 𜌁 𜇶	M388 M218 M387~c M320	P009535	𜌓 𛿺 𜀈 𜈽	M388 M218 M219 M346	[2, 3]
2	4	P008688	𛷶 𜍂 𛷶 𜄱	M057 M455 M057 M288	P008918	𛻃 𛿯 𛷶 𜄱	M124 M217 M057 M288	[0, 1]
2	4	P008688	𛷶 𜍂 𛷶 𜄱	M057 M455 M057 M288	P009178	𛷶 𜆨 𛷳 𜄱	M057 M305+M136 M056~f M288	[1, 2]
2	4	P008688	𛷶 𜍂 𛷶 𜄱	M057 M455 M057 M288	P009343	𜇣 𛿈 𛷻 𜄱	M317~b M207 M057~a4 M288	[0, 1]
2	4	P008688	𛷐 𜋺 𛸗 𜄱	M048~k M386~a M066 M288	P009089	𛿺 𛼢 𛸗 𜄱	M218 M146 M066 M288	[0, 1]
2	4	P008688	𜊩 𜀈 𛿺 𜄱	M371 M219 M218 M288	P008688	𜂼 𜂣 𛿺 𜄱	M262 M259 M218 M288	[0, 1]
2	4	P008688	𜊩 𜀈 𛿺 𜄱	M371 M219 M218 M288	P008914	𜋾 𜂣 𛿺 𜄱	M387 M259 M218 M288	[0, 1]
2	4	P008688	𜊩 𜀈 𛿺 𜄱	M371 M219 M218 M288	P008942	𛸗 𜋾 𛿺 𜄱	M066 M387 M218 M288	[0, 1]
2	4	P008688	𜊩 𜀈 𛿺 𜄱	M371 M219 M218 M288	P009336	𜁿 𜃁 𛿺 𜄱	M250~p M263 M218 M288	[0, 1]
2	4	P008688	𜊩 𜀈 𛿺 𜄱	M371 M219 M218 M288	P009343	𛻃 𛶌 𛿺 𜄱	M124 M034~a M218 M288	[0, 1]
2	4	P008688	𜂼 𜂣 𛿺 𜄱	M262 M259 M218 M288	P008942	𛸗 𜋾 𛿺 𜄱	M066 M387 M218 M288	[0, 1]
2	4	P008688	𜂼 𜂣 𛿺 𜄱	M262 M259 M218 M288	P009014	𛵓 𜂣 𛿺 𜃁	M009 M259 M218 M263	[0, 3]
2	4	P008688	𜂼 𜂣 𛿺 𜄱	M262 M259 M218 M288	P009336	𜁿 𜃁 𛿺 𜄱	M250~p M263 M218 M288	[0, 1]
2	4	P008688	𜂼 𜂣 𛿺 𜄱	M262 M259 M218 M288	P009343	𛻃 𛶌 𛿺 𜄱	M124 M034~a M218 M288	[0, 1]
2	4	P008688	𜂣 𛷐 𛹜 𜄱	M259 M048~k M096 M288	P009338	𛸪 𜀯 𛹜 𜄱	M073~b M230~a M096 M288	[0, 1]
2	4	P008688	𜂣 𛷐 𛹜 𜄱	M259 M048~k M096 M288	P009343	𛾄 𛷎 𛺏 𜄱	M175+M288 M048~g M110~b M288	[0, 2]
2	4	P008689	𜌓 𛺎 𛿺 𛾿	M388 M110~a M218 M206~d	P009535	𜌓 𜍙 𛿺 𜈽	M388 M491 M218 M346	[1, 3]
2	4	P008733	𛾢 𜋾 𜁻 𛿺	M195 M387 M250~ba M218	P009217	𛾢 𜋾 𜊺 𜊽	M195 M387 M375~e M376	[2, 3]
2	4	P008740	𜌓 𛸗 𜇔 𜂕	M388 M066 M315 M254~a	P008789	𜌓 𛷌 𜇔 𜌄	M388 M048~d M315 M387~ee	[1, 3]
2	4	P008740	𜌓 𛸗 𜇔 𜂕	M388 M066 M315 M254~a	P009181	𜌓 𛸘 𜅘 𛿺	M388 M066~a M295 M218	[2, 3]
2	4	P008740	𜌓 𛸗 𜇔 𜂕	M388 M066 M315 M254~a	P009552	𜌓 𛸗 𛸗 𛷶	M388 M066 M066 M057	[2, 3]
2	4	P008740	𜌓 𛸗 𜇔 𜂕	M388 M066 M315 M254~a	P368539	𜌓 𛸘 𜋏 𜊩	M388 M066~a M380 M371	[2, 3]
2	4	P008740	𛵸 𜋅 𜉇 𜊩	M029~a M377~e M347 M371	P272825	𜆡 𜂼 𜉇 𜊩	M305 M262 M347 M371	[0, 1]
2	4	P008740	𛵸 𜋅 𜉇 𜊩	M029~a M377~e M347 M371	P272825	𛵹 𛹥 𜇩 𜊩	M029~b M097~h M318 M371	[1, 2]
2	4	P008789	𜌓 𛷌 𜇔 𜌄	M388 M048~d M315 M387~ee	P009201	𜌓 𛷋 𜀰 𛷪	M388 M048~c M240 M054	[2, 3]
2	4	P008797	𜆡 𛾾 𛾾 𛷳	M305 M206~b M206~b M056~f	P008973	𜆡 𜌓 𛷪 𛷳	M305 M388 M054 M056~f	[1, 2]
2	4	P008860	𛻃 𜀰 𜋺 𜀰	M124 M240 M386~a M240	P368490	𜀰 𜌕 𜋺 𜀰	M240 M390 M386~a M240	[0, 1]
2	4	P008914	𜋾 𜂣 𛿺 𜄱	M387 M259 M218 M288	P008942	𛸗 𜋾 𛿺 𜄱	M066 M387 M218 M288	[0, 1]
2	4	P008914	𜋾 𜂣 𛿺 𜄱	M387 M259 M218 M288	P009014	𛵓 𜂣 𛿺 𜃁	M009 M259 M218 M263	[0, 3]
2	4	P008914	𜋾 𜂣 𛿺 𜄱	M387 M259 M218 M288	P009015	𜌁 𜅸 𛹩 𜄱	M387~c M297 M099~b M288	[1, 2]
2	4	P008914	𜋾 𜂣 𛿺 𜄱	M387 M259 M218 M288	P009224	𜌎 𜌎 𛷪 𜄱	M387~i M387~i M054 M288	[1, 2]
2	4	P008914	𜋾 𜂣 𛿺 𜄱	M387 M259 M218 M288	P009251	𜌋 𛵈 𛷳 𜄱	M387~h M005~a M056~f M288	[1, 2]
2	4	P008914	𜋾 𜂣 𛿺 𜄱	M387 M259 M218 M288	P009336	𜁿 𜃁 𛿺 𜄱	M250~p M263 M218 M288	[0, 1]
2	4	P008914	𜋾 𜂣 𛿺 𜄱	M387 M259 M218 M288	P009343	𛻃 𛶌 𛿺 𜄱	M124 M034~a M218 M288	[0, 1]
2	4	P008918	𛻃 𛿯 𛷶 𜄱	M124 M217 M057 M288	P009343	𛻃 𛶌 𛿺 𜄱	M124 M034~a M218 M288	[1, 2]
2	4	P008918	𛻃 𛿯 𛷶 𜄱	M124 M217 M057 M288	P009343	𜇣 𛿈 𛷻 𜄱	M317~b M207 M057~a4 M288	[0, 1]
2	4	P008942	𛸗 𜋾 𛿺 𜄱	M066 M387 M218 M288	P009224	𜌎 𜌎 𛷪 𜄱	M387~i M387~i M054 M288	[0, 2]
2	4	P008942	𛸗 𜋾 𛿺 𜄱	M066 M387 M218 M288	P009336	𜁿 𜃁 𛿺 𜄱	M250~p M263 M218 M288	[0, 1]
2	4	P008942	𛸗 𜋾 𛿺 𜄱	M066 M387 M218 M288	P009343	𛻃 𛶌 𛿺 𜄱	M124 M034~a M218 M288	[0, 1]
2	4	P008952	𛷽 𛹧 𜌕 𜊩	M057~b1 M099 M390 M371	P009382	𛷿 𛹧 𜊩 𛼍	M057~e M099 M371 M139~a1	[2, 3]
2	4	P008960	𛵮 𜇫 𜇫 𜊩	M024 M318~a1 M318~a1 M371	P009257	𛻃 𜇭 𛵓 𜊩	M124 M318~a3 M009 M371	[0, 2]
2	4	P008960	𛵮 𜇫 𜇫 𜊩	M024 M318~a1 M318~a1 M371	P009257	𛻃 𜇭 𛵓 𜊩	M124 M318~a3 M009 M371	[0, 2]
2	4	P008960	𛵮 𜇫 𜇫 𜊩	M024 M318~a1 M318~a1 M371	P272825	𛵹 𛹥 𜇩 𜊩	M029~b M097~h M318 M371	[0, 1]
2	4	P008973	𜆡 𜌓 𛷪 𛷳	M305 M388 M054 M056~f	P008973	𜆡 𜌓 𜂕 𜋐	M305 M388 M254~a M380~b	[2, 3]
2	4	P008973	𜆡 𜌓 𛷪 𛷳	M305 M388 M054 M056~f	P009228	𜆡 𜌓 𛵓 𛵅	M305 M388 M009 M004	[2, 3]
2	4	P008973	𜆡 𜌓 𛷪 𛷳	M305 M388 M054 M056~f	P272825	𜆡 𜌓 𜉚 𛹥	M305 M388 M352~n M097~h	[2, 3]
2	4	P008973	𜆡 𜌓 𛷪 𛷳	M305 M388 M054 M056~f	P272825	𜆡 𜌓 𛵓 𜊩	M305 M388 M009 M371	[2, 3]
2	4	P008973	𜆡 𜌓 𜂕 𜋐	M305 M388 M254~a M380~b	P009228	𜆡 𜌓 𛵓 𛵅	M305 M388 M009 M004	[2, 3]
2	4	P008973	𜆡 𜌓 𜂕 𜋐	M305 M388 M254~a M380~b	P272825	𜆡 𜌓 𜉚 𛹥	M305 M388 M352~n M097~h	[2, 3]
2	4	P008973	𜆡 𜌓 𜂕 𜋐	M305 M388 M254~a M380~b	P272825	𜆡 𜌓 𛵓 𜊩	M305 M388 M009 M371	[2, 3]
2	4	P008987	𛵅 𜃁 𛿺 𜃃	M004 M263 M218 M263~a	P009014	𛵓 𜂣 𛿺 𜃁	M009 M259 M218 M263	[0, 1]
2	4	P008987	𛵅 𜃁 𛿺 𜃃	M004 M263 M218 M263~a	P009156	𛹥 𛵅 𛿺 𜃁	M097~h M004 M218 M263	[0, 1]
2	4	P008987	𛵅 𜃁 𛿺 𜃃	M004 M263 M218 M263~a	P009336	𜁿 𜃁 𛿺 𜄱	M250~p M263 M218 M288	[0, 3]
2	4	P008987	𛵅 𜃁 𛿺 𜃃	M004 M263 M218 M263~a	P009356	𛵅 𛹪 𛸗 𜃁	M004 M101 M066 M263	[1, 2]
2	4	P008987	𛵅 𜃁 𛿺 𜃃	M004 M263 M218 M263~a	P009373	𛵅 𜀁 𛸗 𜃆	M004 M218+M288~f M066 M263~b1	[1, 2]
2	4	P008992	𜌁 𜌁 𛷪 𜃕	M387~c M387~c M054 M265~2	P234794	𜋾 𜋾 𜂼 𛹜	M387 M387 M262 M096	[2, 3]
2	4	P009014	𛵓 𜂣 𛿺 𜃁	M009 M259 M218 M263	P009156	𛹥 𛵅 𛿺 𜃁	M097~h M004 M218 M263	[0, 1]
2	4	P009015	𜌁 𜅸 𛹩 𜄱	M387~c M297 M099~b M288	P009224	𜌎 𜌎 𛷪 𜄱	M387~i M387~i M054 M288	[1, 2]
2	4	P009015	𜌁 𜅸 𛹩 𜄱	M387~c M297 M099~b M288	P009251	𜌋 𛵈 𛷳 𜄱	M387~h M005~a M056~f M288	[1, 2]
2	4	P009017	𛻈 𜃟 𛵅 𛿺	M125~a M266~b M004 M218	P272825	𜌓 𛵓 𛵅 𛿺	M388 M009 M004 M218	[0, 1]
2	4	P009017	𜌓 𛹆 𛸘 𜇶	M388 M080~a M066~a M320	P009257	𜌓 𜇶 𛸗 𜉈	M388 M320 M066 M348	[1, 3]
2	4	P009017	𜌓 𛹆 𛸘 𜇶	M388 M080~a M066~a M320	P009552	𜌓 𛸗 𛸗 𛷶	M388 M066 M066 M057	[1, 3]
2	4	P009028	𜋅 𜉇 𛹣 𜅸	M377~e M347 M096~d M297	P009028	𜋀 𜂗 𜊩 𜅸	M377 M254~c M371 M297	[1, 2]
2	4	P009028	𜋀 𜂗 𜊩 𜅸	M377 M254~c M371 M297	P498539	𛷼 𛿺 𜊩 𜅸	M057~b M218 M371 M297	[0, 1]
2	4	P009031	𛾰 𜌓 𛺌 𛹜	M201 M388 M109 M096	P009467	𜋀 𜌓 𛸅 𛹜	M377 M388 M059 M096	[0, 2]
2	4	P009031	𜌓 𜋾 𜇶 𛹜	M388 M387 M320 M096	P009211	𜌓 𜋾 𜀏 𛽍	M388 M387 M221 M153+M342	[2, 3]
2	4	P009031	𜌓 𜋾 𜇶 𛹜	M388 M387 M320 M096	P009383	𜌓 𜌕 𛻌 𛹜	M388 M390 M128 M096	[1, 2]
2	4	P009031	𜌓 𜋾 𜇶 𛹜	M388 M387 M320 M096	P009383	𛻃 𜋾 𛷌 𛹜	M124 M387 M048~d M096	[0, 2]
2	4	P009031	𜌓 𜋾 𜇶 𛹜	M388 M387 M320 M096	P234794	𜋾 𜋾 𜂼 𛹜	M387 M387 M262 M096	[0, 2]
2	4	P009088	𛵮 𜇫 𜇫 𜊩	M024 M318~a1 M318~a1 M371	P009257	𛻃 𜇭 𛵓 𜊩	M124 M318~a3 M009 M371	[0, 2]
2	4	P009088	𛵮 𜇫 𜇫 𜊩	M024 M318~a1 M318~a1 M371	P009257	𛻃 𜇭 𛵓 𜊩	M124 M318~a3 M009 M371	[0, 2]
2	4	P009088	𛵮 𜇫 𜇫 𜊩	M024 M318~a1 M318~a1 M371	P272825	𛵹 𛹥 𜇩 𜊩	M029~b M097~h M318 M371	[0, 1]
2	4	P009088	𜋀 𛸗 𜆄 𛷶	M377 M066 M301 M057	P009552	𜌓 𛸗 𛸗 𛷶	M388 M066 M066 M057	[0, 2]
2	4	P009089	𜉚 𛵓 𜊩 𜄱	M352~n M009 M371 M288	P009343	𛼲 𜉞 𜊩 𜄱	M149~a2 M352~s M371 M288	[0, 1]
2	4	P009089	𛿺 𛼢 𛸗 𜄱	M218 M146 M066 M288	P009343	𛿺 𜅥 𛼲 𜄱	M218 M295~i M149~a2 M288	[1, 2]
2	4	P009156	𛹥 𛵅 𛿺 𜃁	M097~h M004 M218 M263	P009252	𜇩 𛵅 𛿺 𜆡	M318 M004 M218 M305	[0, 3]
2	4	P009178	𛷶 𜆨 𛷳 𜄱	M057 M305+M136 M056~f M288	P009251	𜌋 𛵈 𛷳 𜄱	M387~h M005~a M056~f M288	[0, 1]
2	4	P009178	𛷶 𜆨 𛷳 𜄱	M057 M305+M136 M056~f M288	P368497	𛵂 𜌓 𛷲 𜄱	M003~b M388 M056~e M288	[0, 1]
2	4	P009180	𜌁 𜌁 𛷪 𜌓	M387~c M387~c M054 M388	P234794	𜋾 𜋾 𜂼 𛹜	M387 M387 M262 M096	[2, 3]
2	4	P009180	𜌓 𛼚 𜊩 𛽇	M388 M145~a M371 M153+M006~a	P009535	𜌓 𛾾 𜊩 𜈽	M388 M206~b M371 M346	[1, 3]
2	4	P009180	𜌓 𛼚 𜊩 𛽇	M388 M145~a M371 M153+M006~a	P009535	𜌓 𛸧 𜊩 𜈽	M388 M072 M371 M346	[1, 3]
2	4	P009181	𜌓 𛸘 𜅘 𛿺	M388 M066~a M295 M218	P009242	𜌓 𜉇 𛷽 𛿺	M388 M347 M057~b1 M218	[1, 2]
2	4	P009181	𜌓 𛸘 𜅘 𛿺	M388 M066~a M295 M218	P009262	𜌓 𛻌 𜋿 𛿺	M388 M128 M387~a M218	[1, 2]
2	4	P009181	𜌓 𛸘 𜅘 𛿺	M388 M066~a M295 M218	P009466	𜋾 𛸗 𜃁 𛿺	M387 M066 M263 M218	[0, 2]
2	4	P009181	𜌓 𛸘 𜅘 𛿺	M388 M066~a M295 M218	P009552	𜌓 𛸗 𛸗 𛷶	M388 M066 M066 M057	[2, 3]
2	4	P009181	𜌓 𛸘 𜅘 𛿺	M388 M066~a M295 M218	P234794	𜌓 𜋺 𛻛 𛿺	M388 M386~a M131 M218	[1, 2]
2	4	P009181	𜌓 𛸘 𜅘 𛿺	M388 M066~a M295 M218	P272825	𜌓 𛵓 𛵅 𛿺	M388 M009 M004 M218	[1, 2]
2	4	P009181	𜌓 𛸘 𜅘 𛿺	M388 M066~a M295 M218	P368478	𛹈 𜌓 𜅘 𛿺	M080~c M388 M295 M218	[0, 1]
2	4	P009181	𜌓 𛸘 𜅘 𛿺	M388 M066~a M295 M218	P368539	𜌓 𛸘 𜋏 𜊩	M388 M066~a M380 M371	[2, 3]
2	4	P009183	𛻃 𛷋 𛵓 𜊩	M124 M048~c M009 M371	P272825	𜆡 𜌓 𛵓 𜊩	M305 M388 M009 M371	[0, 1]
2	4	P009183	𛼰 𜌓 𛼚 𜃁	M149~a M388 M145~a M263	P009185	𛼲 𜌓 𛿺 𜅦	M149~a2 M388 M218 M295~k	[2, 3]
2	4	P009183	𛼰 𜌓 𛼚 𜃁	M149~a M388 M145~a M263	P368483	𜅏 𜌓 𛻘 𜃁	M292~f M388 M129 M263	[0, 2]
2	4	P009190	𛸗 𜉚 𛷸 𛽍	M066 M352~n M057~a M153+M342	P009375	𛸗 𜉚 𜉇 𜅸	M066 M352~n M347 M297	[2, 3]
2	4	P009190	𛸗 𜉚 𛷸 𛽍	M066 M352~n M057~a M153+M342	P009412	𛸗 𜉜 𜉇 𛿺	M066 M352~o M347 M218	[2, 3]
2	4	P009190	𛸗 𜉚 𛷸 𛽍	M066 M352~n M057~a M153+M342	P009439	𛸗 𜉚 𜇔 𜅸	M066 M352~n M315 M297	[2, 3]
2	4	P009224	𜌎 𜌎 𛷪 𜄱	M387~i M387~i M054 M288	P009251	𜌋 𛵈 𛷳 𜄱	M387~h M005~a M056~f M288	[1, 2]
2	4	P009224	𜌎 𜌎 𛷪 𜄱	M387~i M387~i M054 M288	P234794	𜋾 𜋾 𜂼 𛹜	M387 M387 M262 M096	[2, 3]
2	4	P009228	𜆡 𜌓 𛵓 𛵅	M305 M388 M009 M004	P272825	𜆡 𜌓 𜉚 𛹥	M305 M388 M352~n M097~h	[2, 3]
2	4	P009242	𜌓 𜉇 𛷽 𛿺	M388 M347 M057~b1 M218	P009262	𜌓 𛻌 𜋿 𛿺	M388 M128 M387~a M218	[1, 2]
2	4	P009242	𜌓 𜉇 𛷽 𛿺	M388 M347 M057~b1 M218	P234794	𜌓 𜋺 𛻛 𛿺	M388 M386~a M131 M218	[1, 2]
2	4	P009242	𜌓 𜉇 𛷽 𛿺	M388 M347 M057~b1 M218	P272825	𜌓 𛵓 𛵅 𛿺	M388 M009 M004 M218	[1, 2]
2	4	P009251	𜌋 𛵈 𛷳 𜄱	M387~h M005~a M056~f M288	P368497	𛵂 𜌓 𛷲 𜄱	M003~b M388 M056~e M288	[0, 1]
2	4	P009257	𜌓 𜇶 𛸗 𜉈	M388 M320 M066 M348	P009552	𜌓 𛸗 𛸗 𛷶	M388 M066 M066 M057	[1, 3]
2	4	P009257	𛻃 𜇭 𛵓 𜊩	M124 M318~a3 M009 M371	P272825	𜆡 𜌓 𛵓 𜊩	M305 M388 M009 M371	[0, 1]
2	4	P009257	𛻃 𜇭 𛵓 𜊩	M124 M318~a3 M009 M371	P272825	𜆡 𜌓 𛵓 𜊩	M305 M388 M009 M371	[0, 1]
2	4	P009262	𜌓 𛻌 𜋿 𛿺	M388 M128 M387~a M218	P234794	𜌓 𜋺 𛻛 𛿺	M388 M386~a M131 M218	[1, 2]
2	4	P009262	𜌓 𛻌 𜋿 𛿺	M388 M128 M387~a M218	P272825	𜌓 𛵓 𛵅 𛿺	M388 M009 M004 M218	[1, 2]
2	4	P009298	𜄩 𜋅 𜉇 𜊩	M285~d M377~e M347 M371	P272825	𜆡 𜂼 𜉇 𜊩	M305 M262 M347 M371	[0, 1]
2	4	P009336	𜁿 𜃁 𛿺 𜄱	M250~p M263 M218 M288	P009343	𛻃 𛶌 𛿺 𜄱	M124 M034~a M218 M288	[0, 1]
2	4	P009337	𜆛 𜌓 𜄥 𜄱	M304 M388 M285~b M288	P368497	𛵂 𜌓 𛷲 𜄱	M003~b M388 M056~e M288	[0, 2]
2	4	P009338	𛹺 𜂕 𜌁 𜄱	M103~2 M254~a M387~c M288	P009553	𛾇 𜄱 𜋾 𜄱	M175+M377+M377 M288 M387 M288	[0, 1]
2	4	P009338	𜂣 𜄚 𛹜 𜄱	M259 M281~f M096 M288	P009338	𛸪 𜀯 𛹜 𜄱	M073~b M230~a M096 M288	[0, 1]
2	4	P009356	𜂣 𜀀 𛸗 𜀫	M259 M218+M288 M066 M228~ga	P009373	𛵅 𜀁 𛸗 𜃆	M004 M218+M288~f M066 M263~b1	[0, 3]
2	4	P009382	𛷿 𛹧 𜊩 𛼍	M057~e M099 M371 M139~a1	P498539	𛷼 𛿺 𜊩 𜅸	M057~b M218 M371 M297	[1, 3]
2	4	P009383	𛻃 𜋾 𛷌 𛹜	M124 M387 M048~d M096	P009383	𛻃 𛶃 𜀼 𛹝	M124 M032 M242~b M096~1	[1, 2]
2	4	P009383	𛻃 𜋾 𛷌 𛹜	M124 M387 M048~d M096	P234794	𜋾 𜋾 𜂼 𛹜	M387 M387 M262 M096	[0, 2]
2	4	P009383	𛿺 𜂣 𛽆 𜊭	M218 M259 M153 M371~d	P009412	𛿺 𜂣 𜃁 𜈩	M218 M259 M263 M329	[2, 3]
2	4	P009412	𛸗 𜉜 𜉇 𛿺	M066 M352~o M347 M218	P009439	𛸗 𜉚 𜇔 𜅸	M066 M352~n M315 M297	[2, 3]
2	4	P009535	𜌓 𛿺 𜀈 𜈽	M388 M218 M219 M346	P009535	𜌓 𛾾 𜊩 𜈽	M388 M206~b M371 M346	[1, 2]
2	4	P009535	𜌓 𛿺 𜀈 𜈽	M388 M218 M219 M346	P009535	𜌓 𜍙 𛿺 𜈽	M388 M491 M218 M346	[1, 2]
2	4	P009535	𜌓 𛿺 𜀈 𜈽	M388 M218 M219 M346	P009535	𜌓 𜆛 𛹞 𜈽	M388 M304 M096~2 M346	[1, 2]
2	4	P009535	𜌓 𛿺 𜀈 𜈽	M388 M218 M219 M346	P009535	𜌓 𛵁 𛵳 𜈽	M388 M003 M026~a M346	[1, 2]
2	4	P009535	𜌓 𛿺 𜀈 𜈽	M388 M218 M219 M346	P009535	𜌓 𛸧 𜊩 𜈽	M388 M072 M371 M346	[1, 2]
2	4	P009535	𜌓 𛿺 𜀈 𜈽	M388 M218 M219 M346	P009535	𜌓 𛻃 𛹤 𜈽	M388 M124 M097~f M346	[1, 2]
2	4	P009535	𜌓 𛾾 𜊩 𜈽	M388 M206~b M371 M346	P009535	𜌓 𜍙 𛿺 𜈽	M388 M491 M218 M346	[1, 2]
2	4	P009535	𜌓 𛾾 𜊩 𜈽	M388 M206~b M371 M346	P009535	𜌓 𜆛 𛹞 𜈽	M388 M304 M096~2 M346	[1, 2]
2	4	P009535	𜌓 𛾾 𜊩 𜈽	M388 M206~b M371 M346	P009535	𜌓 𛵁 𛵳 𜈽	M388 M003 M026~a M346	[1, 2]
2	4	P009535	𜌓 𛾾 𜊩 𜈽	M388 M206~b M371 M346	P009535	𜌓 𛻃 𛹤 𜈽	M388 M124 M097~f M346	[1, 2]
2	4	P009535	𜌓 𜍙 𛿺 𜈽	M388 M491 M218 M346	P009535	𜌓 𜆛 𛹞 𜈽	M388 M304 M096~2 M346	[1, 2]
2	4	P009535	𜌓 𜍙 𛿺 𜈽	M388 M491 M218 M346	P009535	𜌓 𛵁 𛵳 𜈽	M388 M003 M026~a M346	[1, 2]
2	4	P009535	𜌓 𜍙 𛿺 𜈽	M388 M491 M218 M346	P009535	𜌓 𛸧 𜊩 𜈽	M388 M072 M371 M346	[1, 2]
2	4	P009535	𜌓 𜍙 𛿺 𜈽	M388 M491 M218 M346	P009535	𜌓 𛻃 𛹤 𜈽	M388 M124 M097~f M346	[1, 2]
2	4	P009535	𜌓 𜆛 𛹞 𜈽	M388 M304 M096~2 M346	P009535	𜌓 𛵁 𛵳 𜈽	M388 M003 M026~a M346	[1, 2]
2	4	P009535	𜌓 𜆛 𛹞 𜈽	M388 M304 M096~2 M346	P009535	𜌓 𛸧 𜊩 𜈽	M388 M072 M371 M346	[1, 2]
2	4	P009535	𜌓 𜆛 𛹞 𜈽	M388 M304 M096~2 M346	P009535	𜌓 𛻃 𛹤 𜈽	M388 M124 M097~f M346	[1, 2]
2	4	P009535	𜌓 𜆛 𛹞 𜈽	M388 M304 M096~2 M346	P368521	𜌓 𛽆 𛹜 𛹧	M388 M153 M096 M099	[1, 3]
2	4	P009535	𜌓 𛵁 𛵳 𜈽	M388 M003 M026~a M346	P009535	𜌓 𛸧 𜊩 𜈽	M388 M072 M371 M346	[1, 2]
2	4	P009535	𜌓 𛵁 𛵳 𜈽	M388 M003 M026~a M346	P009535	𜌓 𛻃 𛹤 𜈽	M388 M124 M097~f M346	[1, 2]
2	4	P009535	𜌓 𛸧 𜊩 𜈽	M388 M072 M371 M346	P009535	𜌓 𛻃 𛹤 𜈽	M388 M124 M097~f M346	[1, 2]
2	4	P009552	𜌓 𛸗 𛸗 𛷶	M388 M066 M066 M057	P368539	𜌓 𛸘 𜋏 𜊩	M388 M066~a M380 M371	[2, 3]
2	4	P234794	𜌓 𜋺 𛻛 𛿺	M388 M386~a M131 M218	P272825	𜌓 𛵓 𛵅 𛿺	M388 M009 M004 M218	[1, 2]
2	4	P234794	𜌓 𜋺 𛻛 𛿺	M388 M386~a M131 M218	P272825	𛵔 𜌓 𛻛 𛿺	M009~a M388 M131 M218	[0, 1]
2	4	P272825	𜆡 𜂼 𜉇 𜊩	M305 M262 M347 M371	P272825	𜆡 𜌓 𛵓 𜊩	M305 M388 M009 M371	[1, 2]
2	4	P272825	𛵔 𜌓 𛻛 𛿺	M009~a M388 M131 M218	P368478	𛹈 𜌓 𜅘 𛿺	M080~c M388 M295 M218	[0, 2]
2	4	P272825	𜀈 𜆡 𜌓 𜂕	M219 M305 M388 M254~a	P368601	𛴺 𜆡 𜌓 𛿺	M001 M305 M388 M218	[0, 3]
2	4	P272825	𜆡 𜌓 𜉚 𛹥	M305 M388 M352~n M097~h	P272825	𜆡 𜌓 𛵓 𜊩	M305 M388 M009 M371	[2, 3]
