GA	G	shows	short	english	see / vs	speak	prove	gardiner path	cluster
A1	𓀀	er	man	seated man					
A2	𓀁	I	mon	seated man with hand to mouth					
A3	𓀂	he	min	man sitting on heel					
A4	𓀃	anhail		seated man with hands raised					
A5	𓀄	hide	cover	crouching man hiding behind wall					
A6	𓀆	pour		seated man under vase from which water flows					
A7	𓀉	sit	hinsetz	fatigued man					
A8	𓀊	vow	Hand-rite	man performing hnw-rite					
A9	𓀋	carrier	carry	seated man with  W10 on head					
A10	𓀌	rower		seated man holding oar					
A11	𓀍	warrior		seated man holding  S42 and  S39					
A12	𓀎	bower		soldier with bow and quiver					
A13	𓀏	captors		man with arms tied behind his back					
A14	𓀐	victims		falling man with blood streaming from his head					
A15	𓀒	falling		man falling					
A16	𓀓	bowing		man bowing down					
A17	𓀔	child		child sitting with hand to mouth					
A18	𓀖	chard		child wearing  S3					
A19	𓀗	hiero		bent man leaning on staff					
A20	𓀘	hero		man leaning on forked staff					
A21	𓀙	Arier		man holding staff with handkerchief					
A22	𓀚	arian		statue of man with staff and  S42					
A23	𓀛	arian		king with staff and  T3					
A24	𓀜	act		man striking with both hands					
A25	𓀝	do		man striking, with left arm hanging behind back					
A26	𓀞	give		man with one arm pointing forward					
A27	𓀟	run		hastening man					
A28	𓀠	quer		man with hands raised on either side					
A29	𓀡	queer		man upside down					
A30	𓀢	hail		man with hands raised in front					
A31	𓀣	clap		man with hands raised behind him					
A32	𓀤	dance		man dancing with arms to the back					
A33	𓀦	 walk		man with stick and bundle on shoulder					
A34	𓀧	kelter?		man pounding in a mortar					
A35	𓀨	bauer		man building wall					
A36	𓀩	kelt	brauer	man kneading into vessel					
A37	𓀪	kulth		man in vessel					
A38	𓀫	qush		man holding necks of two emblematic animals with panther heads					
A39	𓀬	Kish	zirc	man on two giraffes					
A40	𓀭	IO		seated god					
A41	𓀮	Amun		king with uraeus					
A42	𓀯	god	royal child	king with uraeus and  S45					
A43	𓀲	Satis	Scotty	king wearing  S1	𓋴 𓍿 𓏏 𓄝 𓏏 𓀲				
A44	𓀴	potentate		king wearing  S1 with  S45	𓏣 𓅓 𓀜 𓁹 𓆑 				
A45	𓀵	Herrscher	ruler	king wearing  S3	𓋾 𓈎 𓄿 𓀵				
A47	𓀸	shepherd		shepherd seated and wrapped in mantle, holding stick					
A48	𓀹	statue	scouter	beardless man seated and holding knife	𓋴 𓌬 𓐝 𓀹	guidance			
A49	𓀺	guard	ward	seated Syrian holding stick					
A49	𓀺	Fahrer		seated Syrian holding stick	𓇋 𓂋 𓏮 𓀺	purpose			
A50	𓀻	cinnamon	amun	noble on chair		cinamon			
A50	𓀻	Special	spice	noble on chair	𓈙 𓊪 𓋴 𓋴 𓀻 𓏥				
A51	𓀼	Amon		noble on chair with  S45					
A52	𓀽	sacher	spiritus	noble squatting with  S45	𓊃 𓂝 𓎛 𓃶 𓀽|	𓅜 𓏤 𓀽|			
A53	𓀾	statut		standing mummy					
A54	𓀿	mummy		lying mummy					
A55	𓁀	corpse		mummy on bed					
A56	𓁁			seated man holding stick					
A57	𓁂	an offering the King gives|		man holding  R4					
A58	𓁃	spatan	digger	man applying hoe to ground					
A59	𓁄	Elder of the portal		man threatening with stick					
A60	𓁅			man sowing seeds					
A61	𓁆			man looking over his shoulder					
A62	𓁇	Asiatic		Asiatic					
A63	𓁈			king on throne holding staff					
A64	𓁉			man sitting on heels holding forward  W10					
A65	𓁊			man wearing tunic with fringes and holding mace					
A66	𓁋			man holding  Y8					
A67	𓁌	Zwerg	dwarf	dwarf					
A68	𓁍			man holding up knife					
A69	𓁎			seated man with raised right arm and left arm hanging down 					
B1	𓁐	ta	Thea	seated woman					
B2	𓁑	IA	Genie	pregnant woman					
B3	𓁒	mess		woman giving birth					
B4	𓁔	Maria		combination of  B3 and  F31					
B5	𓁕			woman suckling child					
B6	𓁖			woman on chair with child on lap					
B7	𓁗			queen wearing diadem and holding flower					
B8	𓁘			woman holding  M9					
B9	𓁙			woman holding  Y8					
C1	𓁛	Sahara		god with  N6					
C2	𓁜	Shora	Re	god with head of falcon with sun on head and holding  S34					
C3	𓁟			god with head of ibis					
C4	𓁠			god with head of ram					
C5	𓁡			god with head of ram holding  S34					
C6	𓁢			god with head of jackal					
C7	𓁣			god with head of Seth-animal					
C8	𓁤			ithyphallic god with  S9, uplifted arm and  S45					
C9	𓁥			goddess with sun and horns					
C10	𓁦			goddess with fe					
C11	𓁨			god with arms supporting (the sky) and  M4 on head					
C12	𓁩			god with  S9 and  S40					
C13	𓁪			 C12 reversed					
C14	𓁫			god with  S9 and  T16a					
C15	𓁬			 C14 reversed					
C16	𓁭			god wearing  S3 with  S34					
C17	𓁮			god with head of falcon and  S9					
C18	𓁯			squatting god					
C19	𓁰			mummy-shaped god					
C20	𓁱			mummy-shaped god in shrine					
C21	𓁲 			Bes 					
C22	𓁳			god with head of falcon and moon disk 					
C23	𓁴			goddess with head of feline and  N6					
C24	𓁵			god wearing  S3 with  S40					
D1	𓁶	1st		head in profile					
D2	𓁷	ob		face					
D3	𓁸	hair		hair					
D4	𓁹	eye	meye	eye					
D5	𓁺	grey		eye touched up with paint					
D6	𓁻	vein	veyn	eye with painted upper lid					
D7	𓁼	weinen	weyn	eye with painted lower lid					
D8	𓁽	shine	sheyn	eye enclosed in  N18					
D9	𓁿	ray	reye	eye with flowing tears					
D10	𓂀	fine	feyn	wḏꜣt-eye					
D11	𓂁			left part of white of  D10					
D12	𓂂			pupil of eye					
D13	𓂃			eye-brow					
D14	𓂄			right part of white of  D10					
D15	𓂅			diagonal marking of  D10					
D16	𓂆			vertical marking of  D10					
D17	𓂇			combination of  D16 and  D15					
D18	𓂈	ear		ear					
D19	𓂉	face	bug	nose, eye and cheek					
D20	𓂊	nose	nez	nose, eye and cheek in semi-cursive form					
D21	𓂋	mouth	R	mouth					
D22	𓂌	2//3		mouth with two strokes					
D23	𓂍	3//4		mouth with three strokes					
D24	𓂎	lip		upper lip with teeth		lip			
D25	𓂏	lips		lips with teeth		lips ps:   πτύ			
D26	𓂐	pour sprit	spit	liquid issuing from lips		pspur?			
D27	𓂑	tit		small breast					
D28	𓂓	ka		arms in kꜣ-posture					
D29	𓂔			combination of  D28 and  R12					
D30	𓂕			 D28 with tail		kau?			
D32	𓂘	patch		arms embracing					
D33	𓂙	crew	cru	arms rowing		cru, ru, aru			
D34	𓂚	archer	arxer	arms holding shield and battle-axe		arro, uerre, warr	guerre, warrior, care, fight, war, be wary		
D34	𓂚	bow+arrow	bower	arms holding shield and battle-axe		bo			
D35	𓂜	not	no	arms in gesture of negation		no 			
D36	𓂝	arm	O	forearm		o 			
D37	𓂞	darreichen	reach	forearm with  X8					
D38	𓂟	present	pre	forearm with rounded loaf					
D39	𓂠	reichen	reach	forearm with  W24					
D40	𓂡	tuen	do-er	forearm with stick					
D41	𓂢	elle	tel	forearm with palm down and bent upper arm					
D42	𓂣	arm	A	forearm with palm down and straight upper arm					
D43	𓂤	Guard	guad	forearm with  S45					
D44	𓂥	grap	krb	forearm with  S42					
D45	𓂦	sacret	secret	arm with nḥbt-wand					
D46	𓂧	Leder	hand	hand					
D47	𓂩	balm	palm	hand with palm up					
D48	𓂪	han-d	han-d	hand without thumb					
D48A	𓂫								
D49	𓂬	fist		fist					
D50	𓂭	point	10k	finger vertically					
D50_2	𓂮		20k						
D50_3	𓂯		30k						
D50_4	𓂰		40k						
D50_5	𓂱		50k						
D50_6	𓂲		60k						
D50_7	𓂳		70k						
D50_8	𓂴		80k						
D50_9	𓂵		90k						
D50_V	𓂶								
D51	𓂷	finger		finger horizontally					
D52	𓂸	pen	hannis	phallus					
D52S	𓂹	penis							
D53	𓂺	essence		liquid issuing from phallus					
D54	𓂻	go 	irern	legs walking					
D54A	𓂼								
D55	𓂽	turn		legs walking backwards					
D56	𓂾	pod	foot	leg					
D57	𓂿	fight	ft	combination of  D56 and  T30					
D58	𓃀	Bein	b 	foot					
D59	𓃁	po 	bo	combination of  D58 and  D36					
D60	𓃂	pour	pure	 D58 under vase from which water flows					
D61	𓃃	area		three toes oriented leftward					
D62	𓃄			three toes oriented rightward					
D63	𓃅	tory	2	two toes oriented leftward					
D64	𓃆	palm		hand with palm down					
D65	𓃇	pony		lock of hair					
D66	𓃈	pen		arm with reed pen					
D67	𓃉	punkt		dot see sora ore and ring  po?					
E1	𓃒	bull		bull					
E2	𓃓	api		bull charging					
E3	𓃔	calf		calf					
E4	𓃕	sacred cow		sacred ḥsꜣt-cow					
E5	𓃖	cow		cow suckling calf					
E6	𓃗	horse		horse					
E7	𓃘	donkey		donkey					
E8	𓃙	kid		kid					
E8A	𓃚								
E9	𓃛	eve	gen	newborn bubalis or hartebeest					
E10	𓃜	bovine		mature bovine lying down					
E11	𓃝	ram		ram					
E11A	𓃞			ram					
E12	𓃟	pig		pig					
E13	𓃠	cat		cat					
E14	𓃡	dog		dog (saluki)					
E15	𓃢	sith		lying canine					
E16	𓃣			lying canine on shrine					
E17	𓃤			lying canine on shrine with  S45					
E18	𓃥	fox	jackal	jackal					
E18A	𓃦			jackal looking back					
E19	𓃧			wolf on  R12 with šdšd					
E19A	𓃨			combination of  E19 and  T3					
E20	𓃩	seth		Seth-animal					
E20A	𓃪			combination of  E20 and  V30					
E21	𓃫			lying Seth-animal					
E22	𓃬	lion		lion					
E23	𓃭	leo		lying lion					
E24	𓃮	pard		panther					
E25	𓃯	hippo		hippopotamus					
E26	𓃰	elephant		elephant					
E27	𓃱	giraffe		giraffe					
E28	𓃲	oryx		oryx					
E29	𓃳			combination of  E28,  N24 and some type of jar 					
E29A	𓃴	gazelle		gazelle					
E30	𓃵	aries		ibex					
E31	𓃶	sanket		goat with collar					
E32	𓃷	 monkey	baboon	baboon					
E33	𓃸	ape	monkey	monkey					
E34	𓃹	hase		hare					
E34A	𓃺	hare							
E35	𓃻	baboon	monkey	baboon					
E35A	𓃼			combination of  E36,  V36 and  V30 					
E36	𓃽	cow2		long-horned bull					
F1	𓃾	ox		head of ox					
F1A	𓃿								
F2	𓄀	ox		head of charging ox					
F3	𓄁	hip		head of hippopotamus					
F4	𓄂	part	cat	forepart of lion					
F5	𓄃	hartebeest		head of bubalis or hartebeest					
F6	𓄄	Biest		forepart of bubalis or hartebeest					
F7	𓄅	ram		head of ram					
F8	𓄆			forepart of ram					
F9	𓄇	pard	parth	head of leopard					
F10	𓄈	mac		head and neck of animal					
F11	𓄉	neck		head and neck of animal					
F12	𓄊	hals	us	head and neck of canine					
F13	𓄋	kopp	op	horns					
F13	𓄋	wpt	wpt	open	opus? (Sinuhe: wpt transcribed as "job")				
F14	𓄌	oppo		combination of  F13 and  M4					
F15	𓄍			combination of  F14 and  N5					
F15A	𓄎								
F16	𓄏	po 		horn					
F17	𓄐	pull		combination of  F16 with vase from which water flows					
F18	𓄑	tusk	Zahn	tusk					
F19	𓄒	jaw		lower jaw-bone of ox					
F20	𓄓	Zunge	waitch	tongue, longue, lingue	(l)ONGUE				
F21	𓄔	Ohr	ear	ear of bovine					
F21A	𓄕								
F22	𓄖	hock	Heck	hind-quarters of lion					
F23	𓄗	leg	hax	foreleg of ox					
F24	𓄘		axe	 F23 reversed					
F25	𓄙	burro	re	leg of ox					
F26	𓄚	xe	ind	skin of goat					
F27	𓄛	deer	tier	skin of cow with bent tail					
F28	𓄜	tier	deer	skin of cow with straight tail					
F29	𓄝		shot	'cow''s skin pierced by arrow'					
F30	𓄞	sheath	Scheide	water-skin					
F31	𓄟	Nesseln	mes	three skins tied together					
F31A	𓄠	nais	nes						
F32	𓄡	scrot	scot	'animal''s belly'					
F33	𓄢	tail		tail					
F34	𓄣	heart	Herz	heart					
F35	𓄤	gut	schönefair	heart, guts and windpipe	nfr gut				
F36	𓄥	soma		lung and windpipe					
F37	𓄦	Grat	postjet	backbone and ribs and spinal cord, spine					
F37A	𓄧	cord	grat						
F38	𓄨	coord		backbone and ribs					
F39	𓄪	cord	spinal cord, spine						
F39A	𓄩	spine							
F40	𓄫	length	lang	backbone and spinal cords					
F41	𓄬	Gral	Post.Grat	vertebrae					
F42	𓄭	rib		rib					
F43	𓄮	ribs		ribs					
F44	𓄯	haxen	ation	leg-bone with meat					
F45	𓄰	uterus	cat	uterus					
F45A	𓄱	cattle	chatte						
F46	𓄲	Over	turn	intestine					
F46A	𓄳	uber							
F46B	𓄴	über							
F47	𓄵	ofer	törn	intestine					
F48	𓄶			intestine					
F49	𓄷			intestine					
F50	𓄸	govern	gover	combination of  F46 and  S29					
F51	𓄹	Scham	Bein	piece of flesh					
F51A	𓄺	bones	Beine						
F51B	𓄻								
F51C	𓄼	Zahn	Sünd						
F52	𓄽	shit	poo	excrement					
F53	𓄾			divine rod with  F7					
G1	𓄿	Air	er	Egyptian vulture					
G2	𓅀	Geier	äaar	two Egyptian vultures					
G3	𓅁	Mair		combination of  G1 and  U1					
G4	𓅂	Fang	ng	buzzard					
G5	𓅃	bus-	har	falcon					
G5A	𓅄	Horus	hor						
G6	𓅅	Harald	herold	combination of  G5 and  S45					
G7	𓅆	Star		falcon on  R12					
GX	𓅇			falcon in boat					
GXA	𓅈			falcon in boat					
G8	𓅉			falcon on  S12					
G9	𓅊			falcon with  N5 on head					
G10	𓅋			falcon in Sokar barque					
G11	𓅌			image of falcon					
G11A	𓅍			image of falcon on  R12					
G12	𓅎			combination of  G11 and  S45					
G13	𓅏			image of falcon with  S9					
G14	𓅐	Mutter	mu	vulture			Mutti Masche=mesh[Netz]		
G15	𓅑	Mut	mut	combination of  G14 and  S45					
G16	𓅒	Nepthun	nebty	vulture and cobra e					
G17	𓅓	bird	br	owl					
G17	𓅓	owl	m 						
G18	𓅔	among		two owls					
G19	𓅕			combination of  G17 and  D37					
G20	𓅖	from	for	combination of  G17 and  D36					
G20X	𓅗			combination of  G17 and  D21					
G21	𓅘	Puter		guinea-fowl					
G22	𓅙			hoopoe					
G23	𓅚	derb	depp	lawping					
G24	𓅛	Recht	rekh	lawping with twisted wings					
G25	𓅜	ach	ax 	northern bald ibis					
G26	𓅝	Thoth	The	sacred ibis on  R12					
G26A	𓅞	Tot	tod	sacred ibis					
G27	𓅟	flamingo	dashred	flamingo					
G28	𓅠	find	fai	glossy ibis					
G29	𓅡	Pfau	bv	saddle-billed stork		pf pv bv bf p ph ff		leopard Opfer:offer	
G30	𓅢	Pfauer	power	three saddle-billed storks					
G31	𓅣	Bennu	heron	heron					
G32	𓅤	benhurun		heron on perch					
G33	𓅥	Reiher 	egret	cattle egret					
G34	𓅦	ellen-tellen-lang	ostrich	ostrich					
G35	𓅧	cormorant	com 	cormorant					
G36	𓅨	swalbird	very	swallow  					
G36A	𓅩	swallow	ver	swallow (low)					
G37	𓅪	full	val	sparrow					
G37S	𓅫	voll	vol	sparrow (low)					
G38	𓅬	goosen	sen	white-fronted goose					
G39	𓅭	duck	sn	pintail					
G40	𓅮	flieh	fle	pintail flying					
G41	𓅯	fly	flu	pintail alighting					
G42	𓅰	Mastente		widgeon					
G43	𓅱	hun	u	quail chick					
G44	𓅲		hunt	combination of  G43 and  X1					
G45	𓅳	hen	en	two quail chicks					
G46	𓅴	Hahn	han 	combination of  G43 and  D36					
G46A	𓅵			combination of  G43 and  D37					
G46B	𓅶			combination of  G43 and  U1					
G47	𓅷	chick	chi	duckling					
G48	𓅸	nest		three ducklings in nest					
G49	𓅹			three ducklings in pool					
G50	𓅺			two plovers					
G51	𓅻	catchfish		bird pecking at fish					
G52	𓅼			goose picking up grain					
G53	𓅽	BaBird	BarBar	human-headed bird with  R7					
G54	𓅾	goose	oos	plucked bird					
H1	𓅿	duck	head	head of pintail					
H2	𓆀	cormorant	kom	head of crested bird					
H3	𓆁	spoonbill		head of spoonbill					
H4	𓆂	Riten		head of vulture					
H5	𓆃	Flüg	wing	wing					
H6	𓆄	feather	Schu	feather					
H6A	𓆅	fe	Schur	‘fe’					
H7	𓆆	claw		claw					
H8	𓆇	egg	ei	egg	Tei = Theia				
I1	𓆈	Echse	exe	gecko					
I2	𓆉	turtle		turtle					
I3	𓆊	crocodile	merit	crocodile					
I4	𓆋	Sobek	sbk	crocodile on shrine  ↔ suspekt?					
I5	𓆌	Speck	spk	crocodile with curved tail ↔ spekter👀					
I5A	𓆍	Fresser	tamerit						
I6	𓆎	Kermit	kmt	crocodile scales					
I7	𓆏	frog	hequa	frog					
I8	𓆐	tadpole	quappe	tadpole					
I9	𓆑	snake	sn	horned viper					
I9	𓆑	phyton	viper	horned viper					
I9A	𓆒								
I10	𓆓	schlange	dj	cobra					
I11	𓆔			cobra with fe					
I11A	𓆕			two cobras					
I11B	𓆖	steata	steady	combination of  I10,  X1 and  N18					
I12	𓆗		𓇴 cob.ra	erect cobra					
I13	𓆘			erect cobra on  V30					
I14	𓆙	Schlangen	schl	snake					
I15	𓆚			snake					
K1	𓆛	fin Fish 	in 	tilapia		fin			
K2	𓆜	Bunter Fisch	fish 	barbel		fun phun bunt			
K3	𓆝	butt		mullet		butt			
K4	𓆞	nuckel	cl	elephant-snout fish		clutt? cl kl   (nt snout?)	clever klar clavicle kult killed curl? Naht Nutte?  		
K5	𓆟 	fish	Fisch	Petrocephalus bane		nahr?	Ernährung		
K6	𓆠	scab	scale	fish scale					
K7	𓆡			puffer					
K8	𓆢	Narmer	cat fish	catfish					
L1	𓆣	Käfer	kfr	dung beetle					
L2	𓆤	Biene	bee, debora	bee					
L2A	𓆥	Jupiter	shubit #nswt-bjtj Nesu Bity pronoun	combination of  M23,  L2 and two  X1					
L3	𓆦	fly		fly			summsen:asinnen[insecten]↔Asseln↔zand=fly		
L4	𓆧			locust					
L5	𓆨			centipede					
L6	𓆩			shell					
L6a	𓆩			 L6 reversed					
L7	𓆫			scorpion!					
M1X	𓆬								
M1	𓆭	abre	arbra	tree					
M1	𓆭	ju.niper	jew	tree					
M1A	𓆮			combination of  M1 and  M3					
M1B	𓆯								
M2	𓆰	herb		plant					
M3	𓆱	stock	ast	branch					
M3A	𓆲								
M4	𓆳	Jana	ja	palm branch					
M5	𓆴	Jahrtit	tit	combination of  M4 and  X1					
M6	𓆵	Jahr	jar	combination of  M4 and  D21					
M7	𓆶			combination of  M4 and  Q3					
M8	𓆷	Morast	Moor.aSPa	pool with lotus flowers					
M9	𓆸	Sehr schön Lotus	seschn	lotus flower					
M10	𓆹		tør	lotus bud with straight stem					
M10A	𓆺								
M11	𓆻			flower on long twisted stalk					
M12	𓆼	Tau.greif	tau	lotus plant					
M13	𓇅	(g)rein	reed	papyrus					
M13A	𓇅	(sc)writ	rich	reed					
M14	𓇆	reach	ridj	combination of  M13 and  I10					
M15	𓇇		har	clump of papyrus with buds					
M15A	𓇈		hurr						
M16	𓇉		hor	clump of papyrus					
M16A	𓇊		hur						
M17	𓇋	feather	e 	reed					
M17	𓇋	feather	I 	reed					
M17A	𓇌	y	ee	justice					
M17A	𓇌	ey 	ii						
M18	𓇍	komm	come	combination of  M17 and  D54					
M19	𓇎		oabt?	heaped conical cakes between  M17 and  U36					
M20	𓇏	past.even	past.even	field of reeds					
M21	𓇐	pasture	ebene	reeds with root					
M22	𓇑	Segge	sese	rush			this, these, hither		
M22_2	𓇒	hier							
M23	𓇓	Shu	su 	sedge, Segge, suggar, nature			Sultan		
M24	𓇔	Sur.Süd	sudan	combination of  M23 and  D21					
M25	𓇕			combination of  M26 and  D21					
M26_R	𓇖	moisture							
M26	𓇗	mus(ter/i)	Mus-tree						
M27A	𓇘	south							
M28	𓇚	Mauerblüm		combination of  M26 and  V20					
M29	𓇛	Schote	nieds	pod		n.t n.d		n.t n.d	
M29	𓇛	nuts	nash	pod		n.s n.c 		n.s n.c 	
M30	𓇜	ben.root	root.fruit	root		r.t		r.t	
M31	𓇝	rhizome	rt	rhizome		r.z r.ts		r.z r.ts	
M31X	𓇞	Reis	rice			r.c		r.c	
M32	𓇟	Rispe	rs	rhizome		r.s r.th		r.s r.th	
M33	𓇠	grains	grn	grains horizontally		grn krn		grn krn	
M33A	𓇡	Körner	korn			grs		grs	
M33B	𓇢		krn						
M34	𓇣	emmer		ear of emmer				ear	
M35	𓇤	pile	heap	heap of grain				eap	
M36	𓇥	Korb	ohr	bundle of flax showing bolls				ohr	
M37	𓇦	flax	fl	bundle of flax				flo fla fle flu	
M37A	𓇧	elfen	lf	wide bundle of flax				elf	
M38	𓇨 	Frucht	fruit					fru	
M40	𓇩	bundles	ENCY	bundle of reeds				bu’les ba’las	
M40X	𓇪	fascies	FACION	~ P11 X__ post	Aa28 𓐪  P11𓊧			pha fa.cion	
M41	𓇫			piece of wood				wash wo	
M42	𓇬	Sonn’blume	SAN	flower				san sen	
M43	𓇭	Tenne	ten	vine on trellis				then ten	
M44	𓇮	Pik.Dorn	thorn	thorn  		pik trn drn			
N1	𓇯	air	air	sky				air	
N2	𓇰	Zucker	Sokr	sky with sceptre				soc.er	
N3	𓇱	Don.ner	thunder	sky with sceptre				thnd.ern	
N4	𓇲	rain	rain	sky with rain				rain	
N5	𓇳	Sonn’rad	ra 	sun		ra re s.n sh.n	sun, solar	sn ra	
N6	𓇴	Cob.ra		sun with uraeus				shn	
N7	𓇵			combination of  N5 and  T28					
N8	𓇶	ray	dray	sunshine				‘nday?	
N9	𓇷	new	anew	moon with lower half obscured		‘ne	Ennead	‘ne new	
N10	𓇸	neu		moon with lower section obscured				neu(mond)	
N11	𓇹	mon		crescent moon				mon moon	mound mount mons
N12	𓇺	mond		crescent moon				mnd	mono Montage
N13	𓇻			combination of  N11 and  N14		da?		d*?	
N14	𓇼	Doan	an 	star 	𓋴𓃀𓄿𓇼	duan 		duan	
N15	𓇽	Du’ort	dort	star in circle, Nirvana vs 		du’ort dirt dort (vs hier)		den don d’an	
N16	𓇾	Länder	ter	land with grains		ter der dra tra		len.der ter 	
N17	𓇿		ta 	land				tar	
N18	𓈀	tract	tr	sandy tract				trc	
N18A	𓈂		stan					?	
N19	𓈃	two2i	taui	two sandy tracts				trc	
N20	𓈄	turn	trn	tongue of land		dr tr ter turn tre dreh		tr	
N21	𓈅	dreh	dr 	short tongue of land		dr tr ter turn tre dreh		dr	
N22	𓈆	tar		broad tongue of land		tar		tar	
N23	𓈇	Taur	ta 	irrigation canal		tau taur taun town tou ta	town! Taur[bull]	tau	
N24	𓈈	staat	sta	irrigation canal system		sta		sta staat	
N25	𓈉	desert	dash.red	three hills		za sa Zat ßat sert		s’t srt dsrt dsr thr	
N25A	𓈊	Sattel		?				sa.thl	
N26	𓈋	tell	Tal	two hills vs Kuhle, tell vs Tal		tl		tl hl khl	
N27	𓈌	hori.zone	Akhe’son	sun over mountain				khr hr	
N28	𓈍	krohn	KuRoN	rays of sun over hill				krt krn	
N29	𓈎	quart		slope of hill = X7𓏘				qrt qrd grd	
N30	𓈏	YARD.tell		mound of earth				jrd yrd	
N31	𓈐	Pass	path	road with shrubs				‘rd pth rth 	
N32	𓈑	rish		lump of clay		R*TH,R*S		rsh rs 	
N33	𓈒	sora	ore	grain, zero, 				sr sra	
N33A	𓈓	three	3	trei.drai		DRA drei tre three tur		thra	
N34	𓈔	scale	tsa	ingot of metal			Beil?	tsa *tza *ts tsc sc	
N34A	𓈕	Skalpa	chop	-> scab K6				sch ch chop	
N35	𓈖	Noon	n 	ripple of water			now, nun, nous, ……		
N35A	𓈗	Meer	mar	Ozean		mar, mer, meer, mier?	antschmeer : einschmieren QED		
N36	𓈘	river	weave	canal					
N37	𓈙	losh	sch 	pool					
N37A	𓈚	lock							
N38	𓈛	Loch		deep pool					
N39	𓈜	lake	lush	pool with water					
N40	𓈝	steuer	steer	combination of  N37 and  D54					
N41	𓈞	Brunnen	Brünn	well with ripple of water		Brünett Braut			
N42	𓈟	BRN	inn	well with line of water		Berenike+			
N46	~𓈌								
NL1	𓈠			sign of first nome of Lower Egypt					
NL2	𓈡			sign of second nome of Lower Egypt					
NL3	𓈢			sign of third nome of Lower Egypt					
NL4	𓈣			sign of fourth nome of Lower Egypt					
NL5	𓈤			sign of fifth nome of Lower Egypt					
NL6	𓈥			sign of sixth nome of Lower Egypt					
NL7	𓈦			sign of seventh nome of Lower Egypt					
NL8	𓈧			sign of eighth nome of Lower Egypt					
NL9	𓈩			sign of ninth nome of Lower Egypt					
NL10	𓈪			sign of tenth nome of Lower Egypt					
NL11	𓈫			sign of eleventh nome of Lower Egypt					
NL12	𓈬			sign of twelfth nome of Lower Egypt					
NL13	𓈭			sign of thirteenth nome of Lower Egypt					
NL14	𓈮			sign of fourteenth nome of Lower Egypt					
NL15	𓈯			sign of fifteenth nome of Lower Egypt					
NL16	𓈰			sign of sixteenth nome of Lower Egypt					
NL17	𓈱			sign of seventeenth nome of Lower Egypt					
NL18	𓈲			sign of eighteenth nome of Lower Egypt					
NL19	𓈳			sign of nineteenth nome of Lower Egypt					
NL20	𓈵			sign of twentieth nome of Lower Egypt					
NU1	𓈶			sign of first nome of Upper Egypt					
NU2	𓈷			sign of second nome of Upper Egypt					
NU3	𓈸			sign of third nome of Upper Egypt					
NU4	𓈹			sign of fourth nome of Upper Egypt					
NU5	𓈺			sign of fifth nome of Upper Egypt					
NU6	𓈻			sign of sixth nome of Upper Egypt					
NU7	𓈼			sign of seventh nome of Upper Egypt					
NU8	𓈽			sign of eighth nome of Upper Egypt					
NU9	𓈾			sign of ninth nome of Upper Egypt					
NU10	𓈿			sign of tenth nome of Upper Egypt					
NU11	𓉀			sign of eleventh nome of Upper Egypt					
NU12	𓉁			sign of twelfth nome of Upper Egypt					
NU13	𓉂			sign of thirteenth nome of Upper Egypt					
NU14	𓉃			sign of fourteenth nome of Upper Egypt					
NU15	𓉆			sign of fifteenth nome of Upper Egypt					
NU16	𓉇			sign of sixteenth nome of Upper Egypt					
NU17	𓉈			sign of seventeenth nome of Upper Egypt					
NU18	𓉉			sign of eighteenth nome of Upper Egypt					
NU18A	𓉊			sign of eighteenth nome of Upper Egypt					
NU19	𓉋			sign of nineteenth nome of Upper Egypt					
NU20	𓉌			sign of twentieth nome of Upper Egypt					
NU21	𓉍			sign of twenty-first nome of Upper Egypt					
NU22	𓉎			sign of twenty-second nome of Upper Egypt					
NU22A	𓉏			sign of twenty-second nome of Upper Egypt					
O1	𓉐	port	tor	house					
O2	𓉑	sanatorium	sanctor	combination of  O1 and  T3					
O2A	𓉒								
O3	𓉓			combination of  O1,  P8,  X3, and  W22					
O4	𓉔	Haus	Hof	shelter			house hearths		
O5	𓉕 			winding wall from upper-left corner					
O5A	𓉖								
O6	𓉗	Hütte	hut	enclosure					
O7	𓉘			combination of  O6 and  X1					
O7A	𓉙								
O7B	𓉚								
O7C	𓉛								
O7D	𓉜								
O7E	𓉝								
O8	𓉞	Hathor		combination of  O7 and  O29					
O8A	𓉟								
O9	𓉠	Nephthys		combination of  O7 and  V30					
O10	𓉡	Hathor		combination of  O6 and  G5					
O10A	𓉢								
O10B	𓉣	habitat	habit						
O10C	𓉤								
O11	𓉥	palace	bolt	palace					
O12	𓉦	bald	balt	combination of  O11 and  D36					
O13	𓉧	Baut	heim	battlemented enclosure					
O14	𓉨	Bau	home	part of battlemented enclosure					
O15	𓉩	Raum?		enclosure with  W10 and  X1					
O16	𓉪	Kultort	Celltor	gateway with serpents					
O17	𓉫	Keller	lar	open gateway with serpents			lar		
O18	𓉬	shrine		shrine in profile					
O19	𓉭			shrine with fence					
O20	𓉮			shrine					
O21	𓉯			façade of shrine					
O21A	𓉰								
O21B	𓉱								
O22	𓉲	feast	fest	booth with pole					
O23	𓉳	frogger fest	feast	double platform					
O24	𓉴	pyramid	para	pyramid					
O25	𓉵			obelisk					
O26	𓉶	pillar		stele		pl fl			
O27	𓉸	hall		hall of columns		hl			
O28	𓉺	flute	pillar?			fl			
O29	𓉼	Pfostent							
O29H	𓉻	Arch	ARC				Archaer		
O30	𓉽	post	pest	support		pst pos.tor			
O31	𓉿	door		door		tyr tür tor dor door			
O32	𓊀	down		gateway		thn? down?			
O33	𓊁	Zaun		façade of palace		cn? Zaun?			
O34	𓊃	zusamm’	z 	bolt		z zsm sm zm zn 			
O35	𓊄	send	ziehnt	combination of  O34 and  D54		snd snt znt 			
O36	𓊅	Zementbau	bau	wall		zmt bau			
O37	𓊊	bäu	beug	falling wall		bäu beug bieg			
O38	𓊋	bend.court	corner	corner of wall		bend.court crt crn			
O39	𓊌	corner.stone	stone	stone					
O40	𓊍	stair	trep	stairway		str strp trp	satrap 		
O41	𓊎	steig?	stieg	double stairway		steig stig zig??			
O42	𓊏	seventh	fence	fence 7    white??		sv sph svn svnc fnc? cho cha cu co	sphinx, 1/7 cubit, chor-chant, court, cugurke		
O43	𓊐	tier		low fence 10?					
O44	𓊑	tire?	office	emblem of Min					
O45	𓊒	Teil		domed building					
O46	𓊓	Turm?		domed building					
O47	𓊔	Tart?	Perl?	enclosed mound		~nekhen	_mut:stein Wismut? carne? lost  egal		
O48	𓊕	Urta	Nekhen	Tyre-1? Troy-1? important!					
O49	𓊖	Ort	UR	urban village, city	N50	ur, ar, Ort, er, ure	Natur!		
O50	𓊗	tempur	times	threshing floor					
O50	𓊗	Thaimes	Eier						
O51	𓊘			pile of grain					
O51A	𓊙								
O52	𓊚								
P1	𓊛	boat	pot	boat		pt pd bd bt			
P1A	𓊜	Tobak	top						
P2	𓊝	bark?		ship under sail		phth			
P3	𓊞		barque	sacred barque					
P4	𓊠	vessel		boat with net		phn Phth vth ves ves.sel			
P5	𓊡	Wind		sail		sail.wind vnd Phnd			
P6	𓊢		Ähre	mast		wend.mast?			
P7	𓊣			combination of  P6 and  D36					
P8	𓊤	‘Ruder	oar	oar					
P9	𓊥	Reusen?		combination of  P8 and  I9					
P10	𓊦		Ruder	steering oar					
P11	𓊧		mend	mooring post    P19 board?	Aa28 𓐪   M40x𓇪 fasc				
Q1	𓊨	seat	sit	seat vs stair		st			
Q2	𓊩	stool	Stuhl	portable seat		stl stul			
Q3	𓊪	phool	p 	pool		phul phoo ph v f o u pan van	Pfuhl		
Q4	𓊫	Pult	rest	head-rest		pult			
Q5	𓊬		chest	chest					
Q6	𓊭	tOmb	coffin	coffin		cfn cfr ->			
Q7	𓊮	fire	burn	brazier		ƥyrn fr br brz pr brn bnth bns brns			
R1	𓊯	reiche Gaben		high table with offerings					
R2	𓊰	Tafel		table with slices of bread					
R3	𓊲	table		low table with offerings		tab tb tbl			
R4	𓊵	taipeh	peace	loaf on mat		tp’ tpt tpth tpx pz pc			
R5	𓊶	Keban	Kaba	narrow censer					
R6	𓊷			broad censer					
R7	𓊸	ING		bowl with smoke					
R8	𓊹	inri	ntr 	GOD cloth on pole		nTr/Natur/IN.RI/Andrew/Android/Indra			
R9	𓊺		nature	combination of  R8 and  V33					
R10	𓊻		Kurie	combination of  R8,  T28 and  N29					
R11	𓊽	post	Djed	reed column					
R12	𓊾	stand	art	standard					
R13	𓊿	Amun	west	falcon and fe					
R14	𓋀	west	shuest	fe					
R15	𓋁	east	left	spear emblem					
R17	𓋄 	Ost		wig on pole					
R18	𓋅	west		combination of  R17 and  N24		Osterfest?			
R19	𓋆	waist	wasted	 S40 with fe					
R20	𓋇	schweisst		flower with horns					
R21	𓋈	Schwest		flower with horns					
R22	𓋉	min		two narrow belemnites					
R23	𓋊	man		two broad belemnites					
R24	𓋋		Neith	two bows tied horizontally		Nord?			
R25	𓋌	Neith		two bows tied vertically			night nice nut nutte		
R26	𓋍			combination of  N17,  F36,  M24a and  M13					
R27	𓋎	Chirho	xr	two arrows crossed over a shield					
R28	𓋏 			Bat Ba’at					
R29	𓋐			niche with serpent					
S1	𓋑			white crown					
S2	𓋒			combination of  S1 and  V30					
S3	𓋓			red crown					
S4	𓋔			combination of  S3 and  V30					
S5	𓋖			double crown					
S6	𓋘			combination of  S5 and  V30					
S7	𓋙			blue crown					
S8	𓋚			ꜣtf-crown					
S9	𓋛	Haas		two plumes					
S10	𓋜			headband					
S11	𓋝	collar	Kette	broad collar					
S12	𓋞	Gold	nobel	collar of beads					
S13	𓋟	nobel	nubia	combination of  S12 and  D58					
S14	𓋠	Nabel		combination of  S12 and  T3					
S15	𓋣	Nippel	nipple	pectoral					
S16	𓋤	nithern	glitzern	pectoral					
S17	𓋥	nettle	nes	pectoral					
S18	𓋧		sanes?	necklace with counterpoise					
S19	𓋨	treasurer	sari?	necklace with seal from side	T1 𓌆				
S20	𓋩	Sakri		necklace with seal from front					
S21	𓋪	ring		ring					
S22	𓋫	scat		shoulder-knot		(s)cat/setht			
S23	𓋬	MaTh.MaTch	mathe	knotted cloth					
S24	𓋭	vice – versa	face	girdle knot					
S25	𓋮	price	preuß	garment with ties					
S26	𓋯	pronz	apron	apron					
S27 	𓋲	manschett	tt						
S28	𓋳	TUCH	Masche	tissu? stuff stoff					
S29	𓋴	Gamma	S 						
S30	𓋵	Agen/ ges’n	ashen	combination of  S29 and  I9			gestern		
S31	𓋶	Masche?		combination of  S29 and  U1					
S32	𓋷	kno.ledge	Lasche	cloth with fringe on the side			knowledge		
S33	𓋸	sandle		sandle					
S34	𓋹	sank		sandle-strap					
S36	𓋺	shade	Schatt	sunshade					
S37	𓋽		shake	fan					
S38	𓋾	hexer	hequa	crook			Hacke hexel		
S39	𓋿	stab		'shepherd''s crook'					
S40	𓌀	ro’sta	ROaSter	sceptre					
S41	𓌁	wa’sta		sceptre with spiral shaft					
S42	𓌂	power	powa	sceptre of authority					
S43	𓌃	staff	stab	walking stick					
S44	𓌄	ti 	the	walking stick with  S45			Mathe,Mutti		
S45	𓌅	dea	te	flagellum					
T1	𓌆	ARAIN 	RAIP?	mace with flat head			raise Teherein = REY QED  rape		
T2	𓌇	ARX	Arr	mace with round head diagonally				arx erz	
T3	𓌈	ERZ	ARZ	mace with round head vertically				atch ach	
T4	𓌉	watch	white	mace with strap				watch	
T5	𓌌	wash	waz	combination of  T3 and  I10				wash 	
T6	𓌎	aze	atze	combination of  T3 and two  I10				ash atze *tze	
T7	𓌏	Axt	axe	axe				axt  age	
T8	𓌐	cept	PhR?	dagger  				dagger dolx	
T9	𓌒	Bolzen	bolt	bow		PDj:bow/pad/patch?	Pfalz?	padag pad bolt	
T9A	𓌓	bowtan		bow				bowtan	
T10	𓌔	bow		bow				bow	
T11	𓌕	send	arrow	composite bow				‘row send arrow	
T11A	𓌖	Arx.zend	arrows	arrow					
T12	𓌗	rigid	ridge	two crossed arrows					
T13	𓌘	rise	rect	bow-string			richt errichten		
T14	𓌙	tangens	ang’	joined pieces of wood					
T15	𓌚	angle	eng	throw stick vertically					
T16	𓌛	sci.mitar	sickel	throw stick slanted					
T16A	𓌜	Sichel	sicle	scimitar					
T17	𓌝	Karre	charriot	scimitar					
T18	𓌞	Fall.sledge	Schlitten	chariot					
T19	𓌟	thun.two	2	crook with package att					
T20	𓌠	un.one	1	harpoon head					
T21	𓌡	harp.oon	1	harpoon head					
T22	𓌢	twin	kin	harpoon					
T23	𓌣		zün?	arrowhead					
T24	𓌤	trap	kett	arrowhead					
T25	𓌥	tax	tex	fishing-net					
T26	𓌦	shutrap		floats					
T27	𓌧	trap		bird-trap					
T28	𓌨	unter	kyr	bird-trap kur					
T29	𓌩	amboss?		'butcher''s block'					
T30	𓌪	knife	cut	combination of  T30 and  T28					
T31	𓌫	Schnitt	snt	knife					
T32	𓌬	escort		knife-sharpener					
T32A	𓌭	gt	sct	combination of  T31 and  D54					
T33	𓌮			knife-sharpener of butcher					
T33A	𓌯			combination of  T33 and  S29					
T34	𓌰	knife	Messer	'butcher''s knife'					
T35	𓌱	knif	mess	'butcher''s knife'					
T36	𓌲	Griff	shield	shield					
U1	𓌳	Sechen	sickle	sickle L!			sehen:look~kl		
U1	𓌳	Mastern		sickle L!		l			
U2	𓌴	neu	kl	sickle (low)		kl	kill kleiner		
U3	𓌵	Mey		combination of  U1 and  D4					
U4	𓌶	mast		combination of  U1 and  Aa11					
U5	𓌷			combination of  U2 and  Aa11					
U6	𓌸	Aimerry		diagonal hoe					
U7	𓌻	Mauer	Taur	horizontal hoe					
U8	𓌼	Meter	MTR	hoe without connecting rope					
U9	𓌽	Gerste		grain-measure with grain					
U10	𓌾		ger	 U9 bene					
U11	𓌿	Häcksel	hexer	combination of  S38 and  U9					
U12	𓍀			combination of  D50 and  U9					
U13	𓍁	plow	Pflug	plough					
U14	𓍂			two joined branches					
U15	𓍃	Schlitten	sli	sledge					
U16	𓍄	sledge	itt	sledge with head of jackal					
U17	𓍅	mess	maß	pick in ground					
U18	𓍆	measure		pick in basin					
U19	𓍇	Schnitz	adze	adze					
U20	𓍈	netz	itz	adze					
U21	𓍉	other	atze	adze on wood					
U22	𓍊	Mönch	mnk	chisel 					
U23	𓍋	Step	stb	chisel   vs   nar+mer? se-mi-nar?					
U24	𓍍	dreh		drill for stone					
U25	𓍎	drill		drill for stone					
U26	𓍏	open	ob	drill for beads			open, Ober		
U27	𓍐	close	zu 	drill for beads					
U28	𓍑	Zund	zand	fire-drill    SenTiMent?			resender=return resentment		
U29	𓍒	Zun 	zan	fire-drill					
U30	𓍔	Zi	ti 	kiln					
U31	𓍕	Beuger	back	'baker''s rake'					
U32	𓍖	THA	THU	pestle and mortar					
U32	𓍖	THY							
U33	𓍘	CIN	thy	pestle					
U34	𓍙	Kurs	KAS	spindle					
U35	𓍚	chasen	kasen	combination of  U34 and  I9					
U36	𓍛	Ham	Herm	club					
U37	𓍜			razor					
U38	𓍝			balance					
U39	𓍞	rise	reiß	post of balance					
U40	𓍟	reiss	rise	hieratic post of balance					
U41	𓍠			plummet					
U50	𓍡	T-Post?							
V1	𓍢	lunte	und	coil of rope					
V2	𓍬	lende	splend	combination of  O34 and  V1					
V2	𓍬								
V3	𓍮	Länder		combination of  O34 and three  V1					
V4	𓍯	Robe	Rho	lasso					
V5	𓍰	rosh	leinen	looped rope					
V6	𓍱	osch	schn	cord with ends upward					
V7	𓍲	rind	xn	cord with ends downward					
V8	𓍵	ocean	Oshn	cord downward					
V9	𓍶	schöner Ring	Omega	round cartouche					
V10	𓍷	Kart.ush	ush	oval cartouche					
V11	𓍸	me 	ma 	end of cartouche					
V12	𓍼	ziehen	ziehnt	string					
V13	𓍿	Zeh	c	rope					
V14	𓎀	zei	cei	rope with tick					
V15	𓎁	ziehen		combination of  V13 and  D54					
V16	𓎂	sammel	shamu	looped cord					
V17	𓎃	Schutz	shou	shelter of papyrus					
V17	𓎃	Charm	sharm	shelter of papyrus					
V18	𓎄	Schelter	shal	shelter of papyrus			Schale		
V19	𓎅	Zelten		hobble with cross-bar					
V20	𓎆	ten		hobble					
V21	𓎓	shen		combination of  V20 and  I10					
V22	𓎔	Flaschen	fl	whip					
V23	𓎕	FULL	fill	whip					
V24	𓎗	fold	weave	cord on stick					
V25	𓎘	scrit	writ	cord on stick with tick					
V26	𓎙	edge	atsh	netting needle ↔ wedge?					
V27	𓎚	adj	etsh	netting needle					
V28	𓎛 	her	H 	wick					
V29	𓎝	WaiHt		swab					
V30	𓎟	ALL/		basket					
V31	𓎡	ju	k 	basket with right handle					
V32	𓎣	narr	ner	frail					
V33	𓎤	baG		bag					
V34	𓎦			bag					
V35	𓎧			bag					
V36	𓎨	end? troll zoll?	grent	receptacle 	vs O28𓉺 flute/pillar 	kent gent grent greend	kennt korner grenz? control hernt? gree_d green-with-envy		
V40	𓎭	ent vs ten?		hobble on its side					
V41	𓎮								
W1	𓎯	Bath-Kat	basket	oil jar with ties					
W2	𓎰	Bastet	vase	oil jar					
W3	𓎱	Festival	val	alabaster basin 节 jié					
W4	𓎲	Feste	fest	combination of  O22 and  W3					
W5	𓎳	priest	feast	combination of  T28 and  W3					
W6	𓎵	vessel		metal vessel					
W7	𓎶	Fußkanne		granite bowl					
W8	𓎷	cone		deformed granite bowl					
W9	𓎸	Kanne	CAN	jug with left handle					
W9A	𓎹	jug	JU	jug with right handle					
W10	𓎺	Eimer	in	cup					
W10A	𓎻	ie	ein	pot with tick					
W11	𓎼	Giebel	G 	round ring stand					
W12	𓎽	Kübel		square ring stand					
W13	𓎾	Bail		earthenware pot					
W14	𓎿	Base	vase	water jar					
W14A	𓏀	Bäder	Fässer	combination of  V28,  W14 and  O34 	V28 W14 O34 				
W15	𓏁	Bad		water jar with water					
W16	𓏂	Kurbad		water jar with water in ring stand					
W17	𓏃			three water jars in rack					
W17A	𓏄	foreign	FHN	three water jars in rack (simplified)					
W18	𓏅			four water jars in rack					
W18A	𓏆	chanty	Kantine	four water jars in rack (simplified)					
W19	𓏇	milk	mi	milk jug in net					
W20	𓏈	juice	jar	milk jug with leaf		jar			
W21	𓏉	irvine	Wein	twin wine jars		jr ir.vine			
W22	𓏊	Ho.beer	beer	beer jug: hol Bier!		eer beer			
W23	𓏋	Her.ber	Herd	jar with handles	F34 𓄣 heart	herb herd herth bar ber pfer bur?< burn?	Ober *herbs Ampfer Herd hearth		
W24	𓏌	Urne	urn	bowl		urn			
W24A	𓏍	hour		three bowls		hourn hour			
W25	𓏎	honour	ohne	combination of  W24 and  D54		honour			
X1	𓏏	D 	T 	flat loaf					
X1	𓏏	Bread	Brot	flat loaf					
X2	𓏐	dough	teig	tall loaf					
X3	𓏑			tall loaf					
X4	𓏒	feast	food	roll of bread					
X4	𓏒	Gucken	Kuchen	roll of bread					
X5	𓏕	guck.LIKE	look	hieratic roll of bread					
X6	𓏖	look	see	round loaf					
X6a 	𓏗	sehen	gucken	round loaf					
X7	𓏘	quart		half-loaf = N29 in klein					
X8	𓏙	DEI	DIU	conical loaf 					
X8A	𓏚	DE	DI	conical loaf 𓏚					
Y1	𓏛		ter	scroll with ties					
Y1V	𓏜	FORE	VOR	vertikal					
Y2	𓏝	state?	TR?	scroll					
Y3	𓏞	Zeichner	zeSchn	'scribe''s outfit with palette on left'					
Y4	𓏟	writer	uter	'scribe''s outfit with palette on right'					
Y5	𓏠	game board	men 	game board					
Y6	𓏡	game piece		game piece					
Y7	𓏢	harp		harp					
Y8	𓏣	sistrum		sistrum					
Z1	𓏤	one	1	stroke					
Z2	𓏥	three	3	three  Z1 horizontally					
Z4	𓏭	ti 	2	two diagonal strokes					
Z4	𓏮	two	2	two diagonal strokes					
Z5	𓏯	kel	l 	curved diagonal stroke					
Z6	𓏱	tuer	die	hieratic substitute for  A13 or  A14		2!!!			
Z7	𓏲	hundred	100	hieratic quail chick					
Z8	𓏳	null	nil	oval					
Z9	𓏴	x	tick	diagonal cross					
Z10	𓏵 	stop	end	wide diagonal cross					
Z11	𓏶	wessen	WES	cross					
Z11	𓏶	whom	HM	cross					
Z12	𓏷	over.up	auf	hieratic striking man					
Z13	𓏹			circle					
Z1X1	𓏺		1	1					
Z1X2	𓏻		2	2					
Z1X3	𓏼		3	3					
Z1X4	𓏽		4	4					
Z1X5	𓏾		5	5					
Z1X6	𓏿		6	6					
Z1X7	𓐀		7	7					
Z1X8	𓐁		8	8					
Z1X9	𓐂		9	9					
Z1XV 	𓐃		V	V					
Z1Y1	𓐄		1	1					
Z1Y2	𓐅		2	2					
Z1Y3	𓐆		3	3					
Z1Y4	𓐇		4	4					
Z1Y5	𓐈		5	5					
Z1Y6	𓐉		6	6					
Z1Y7	𓐊		7	7					
Z1Y8	𓐋		8	8					
Z1Y9	𓐌		9	9					
Aa1	𓐍	kr	khr						
Aa2	𓐎	plain	PlN	basket from above 		pln pn bn bln	blain,beule, plain, pain,bald, band, plantage,planen, Platane		
Aa3	𓐏		P*L	pustule 					
Aa4	𓐐	SEE W10A	inn 	pustule with liquid 					
Aa5	𓐑	ArBrU-Ham	hebrew	pot with two ticks 					
Aa6	𓐒			navigation instrument 					
Aa7	𓐓	square		instrument 					
Aa7A	𓐔			instrument 					
Aa8	𓐕			later equivalent of  Aa7					
Aa9	𓐖	reich.lich		irrigation canal					
Aa9A 	𓐗			instrument 					
Aa10	𓐘	platform?	stiege?	ramp					
Aa11	𓐙	format	mat	platform					
Aa12	𓐚	form		platform					
Aa13	𓐛	rump?		sharp half					
Aa14	𓐜	ramp?		bent half					
Aa15	𓐝	phrt	Part	blunt half					
Aa16	𓐞	hälfte	ramp	short half					
Aa17	𓐟	Halter	ha	lid		halte			
Aa18	𓐠	Schalter		square lid 		*lte			
Aa19	𓐡	Matten	reiten	instrument 		*tten			
Aa20	𓐢	ABRAham	hebrew	bag 		abr/ephr/offer/habr/habiru			
Aa21	𓐣	rich?	barat?	instrument 					
Aa22	𓐤	brecht							
Aa23	𓐥	rach?		high warp between stakes 					
Aa24	𓐦	stake?		low warp between stakes 					
Aa25	𓐧			unknown 					
Aa26	𓐨	sticka		unknown 					
Aa27	𓐩	protect	guard	spindle 					
Aa28	𓐪	posten		level 	M40X𓇪 fasc P11				
Aa29	𓐫			instrument 					
Aa30	𓐬	stt?		frieze 					
Aa31	𓐭			frieze 					
Aa32	𓐮	Scott	shot	archaic bow 					

