𛴀	N01
𛴁	N01@b
𛴂	N01@c
𛴃	N02
𛴄	N08A
𛴅	N08B
𛴆	N14
𛴇	N14@b
𛴈	N14@c
𛴉	N23
𛴊	N24
𛴋	N24@b
𛴌	N24@c
𛴍	N30C
𛴎	N30C@b
𛴏	N30C@c
𛴐	N30D
𛴑	N30D@b
𛴒	N30D@c
𛴓	N34
𛴔	N34@b
𛴕	N39A
𛴖	N39B
𛴗	N39B@b
𛴘	N39B@c
𛴙	N39C
𛴚	N45
𛴛	N45@b
𛴜	N46
𛴝	N48
𛴞	N51
𛴟	N51@b
𛴠	N51@c
𛴡	N51G
𛴢	N54
𛴣	N54@b
𛴤	N54G
𛴥	2·N01
𛴦	2·N01@b
𛴧	2·N14
𛴨	2·N30C
𛴩	2·N30C@b
𛴪	3·N01
𛴫	3·N01@b
𛴬	3·N01@c
𛴭	3·N14
𛴮	4·N01
𛴯	4·N14
𛴰	5·N01
𛴱	5·N14
𛴲	6·N01
𛴳	6·N14
𛴴	7·N01
𛴵	7·N14
𛴶	8·N01
𛴷	8·N14
𛴸	9·N01
𛴹	9·N14
𛴺	M001	M01 M1
𛴻	M001+M379~c	𛴺 𜋋
𛴼	M001+M379~d	𛴺 𜋌
𛴽	M001~b	M01~b
𛴾	M002	M02
𛴿	M002+M379	𛴾 𜋊M02+M379	𛴾 
𛵀	M002~b	M02~b
𛵁	M003	M03
𛵂	M003~b	M03~b
𛵃	M003~b+M379~c	𛵂 𜋋
𛵄	M003~c	M03~c
𛵅	M004	M04
𛵆	M004~x	M04~x
𛵇	M005	M05
𛵈	M005~a	M05~a
𛵉	M006	M06
𛵊	M006@g	M06@g
𛵋	M006@g~1	M06@g~1
𛵌	M006@g~2	M06@g~2
𛵍	M006~b	M06~b
𛵎	M006~b@g	M06~b@g
𛵏	M007~a	M07~a
𛵐	M007~b	M07~b
𛵑	M007~c	M07~c
𛵒	M007~d	M07~d
𛵓	M009	M09
𛵔	M009~a	M09~a
𛵕	M009~c	M09~c
𛶍	M009~d ≈ M035M09~d ≈ M3
𛵖	M009~d+M346+M009~d	  𛶍𜈽 𛶍
𛵗	M009~e	M09~e
𛵘	M009~f	M09~f
𛵙	M009~g	M09~g
𛵚	M009~h	M09~h
𛵛	M009~i	M09~i
𛵜	M010	M10
𛵝	M010~1	M10~1
𛵞	M010~2	M10~2
𛵟	M010~3	M10~3
𛵠	M010~4	M10~4
𛵡	M010~5	M10~5
𛵢	M010~6	M10~6
𛵣	M010~7	M10~7
𛵤	M011	M11
𛵥	M012	M12
𛵦	M013	M13
𛵧	M014~a	M14~a
𛵨	M014~b	M14~b
𛵩	M015	M15
𛵪	M016	M16
𛵫	M017	M17
𛵬	M018	M18
𛵭	M021	M21
𛵮	M024	M24
𛵯	M024~1	M24~1
𛵰	M024~a	M24~a
𛵱	M025	M25
𛵲	M025~a	M25~a
𛵳	M026~a	M26~a
𛵴	M026~b	M26~b
𛵵	M026~d	M26~d
𛵶	M026~h	M26~h
𛵷	M029	M29
𛵸	M029~a	M29~a
𛵹	M029~b	M29~b
𛵺	M029~c	M29~c
𛵻	M029~d	M29~d
𛵼	M029~e	M29~e
𛵽	M029~k	M29~k
𛵾	M029~l 	M29~l
𛵿	M029~l+N08A	𛵾 𛴄
𛶀	M030~a	M30~a
𛶁	M030~c	M30~c
𛶂	M030~g	M30~g
𛶃	M032	M32
𛶄	M032~a	M32~a
𛶅	M032~b	M32~b
𛶆	M032~d	M32~d
𛶇	M032~e	M32~e
𛶈	M033	M33
𛶉	M033~a	M33~a
𛶊	M033~c	M33~c
𛶋	M034	M34
𛶌	M034~a	M34~a
𛶍	M035	M35
𛶎	M036	M36
𛶏	M036+N14	𛶎 𛴆
𛶐	M036+N24	𛶎 𛴊
𛶑	M036+N24+M343~h	𛶎 𛴊 𜈸
𛶒	M036+N30C	𛶎 𛴍
𛶓	M036+N30C+N39C	𛶎 𛴍 𛴙
𛶔	M036+N30D	𛶎 𛴐
𛶕	M036+N30D~1	𛶎 𛴐
𛶖	M036+N30D+M343~h	𛶎 𛴐 𜈸
𛶗	M036+N39B	𛶎 𛴖
𛶘	M036+N39B+M343~h	𛶎 𛴖 𜈸
𛶙	M036+N39C	𛶎 𛴙
𛶚	M036+M010	𛶎 𛵜
𛶛	M036+M035	𛶎 𛶍
𛶜	M036+M343~e	𛶎 𜈷
𛶝	M036+M343~h	𛶎 𜈸
𛶞	M036~a	M36~a
𛶟	M037	M37
𛶠	M037~a	M37~a
𛶡	M038~a	M38~a
𛶢	M038~a1	M38~a1
𛶣	M038~a2	M38~a2
𛶤	M038~b	M38~b
𛶥	M038~b1	M38~b1
𛶦	M038~b2	M38~b2
𛶧	M038~c	M38~c
𛶨	M038~e	M38~e
𛶩	M038~e1	M38~e1
𛶪	M038~f	M38~f
𛶫	M038~h	M38~h
𛶬	M038~i	M38~i
𛶭	M039	M39 ≈ 𛶞
𛶮	M039+N30D	𛶭 𛴐
𛶯	M039~a	M39~a
𛶰	M039~b	M39~b
𛶱	M039~c	M39~c
𛶲	M039~c1	M39~c1
𛶳	M039~c+N30D	𛶱 𛴐
𛶴	M039~ca+N30D	𛶲𛴄𛴐
𛶵	M039~d	M39~d
𛶶	M039~e	M39~e
𛶷	M039~f	M39~f
𛶸	M039~g	M39~g
𛶹	M041	M41
𛶺	M041~c	M41~c
𛶻	M041~d	M41~d
𛶼	M041~e	M41~e
𛶽	M041~f	M41~f
𛶾	M041~g	M41~g
𛶿	M041~j	M41~j
𛷀	M043	M43
𛷁	M043~a	M43~a
𛷂	M044	M44
𛷃	M044~a	M44~a
𛷄	M044~b	M44~b
𛷅	M044~m	M44~m
𛷆	M045~b	M45~b
𛷇	M046	M46
𛷈	M046~1	M46~1
𛷉	M046~a	M46~a
𛷊	M047	M47
𛷋	M048~c	M48~c
𛷌	M048~d	M48~d
𛷍	M048~e	M48~e
𛷎	M048~g	M48~g
𛷏	M048~i	M48~i
𛷐	M048~k	M48~k
𛷑	M049~b	M49~b
𛷒	M049~c	M49~c
𛷓	M049~c1	M49~c1
𛷔	M049~d	M49~d
𛷕	M049~da	M49~da
𛷖	M049~e	M49~e
𛷗	M049~m	M49~m
𛷘	M049~n	M49~n
𛷙	M050~f	M50~f
𛷚	M050~k	M50~k
𛷛	M050~k1	M50~k1
𛷜	M050~k2	M50~k2
𛷝	M050~k3	M50~k3
𛷞	M050~k4	M50~k4
𛷟	M050~m	M50~m
𛷠	M050~n	M50~n
𛷡	M050~p	M50~p
𛷢	M050~q	M50~q
𛷣	M051~a	M51~a
𛷤	M051~b	M51~b
𛷥	M051~c	M51~c
𛷦	M052~a	M52~a
𛷧	M052~b	M52~b
𛷨	M053~a	M53~a
𛷩	M053~b	M53~b
𛷪	M054	M54
𛷫	M054+M365+M054~i	𛷪 𜊅 𛷰
𛷬	M054+M384~i+M054~i	𛷪 𜋳 𛷰
𛷭	M054+M393~f+M054~i	𛷪 𜌛 𛷰
𛷮	M054~b	M54~b
𛷯	M054~c	M54~c
𛷰	M054~i	M54~i
𛷱	M056	M56
𛷲	M056~e	M56~e
𛷳	M056~f	M56~f
𛷴	M056~g	M56~g
𛷵	M056~n	M56~n
𛷶	M057	M57
𛷷	M057+M291	𛷶 𜅇
𛷸	M057~a	M57~a
𛷹	M057~a1	M57~a1
𛷺	M057~a2	M57~a2
𛷻	M057~a4	M57~a4
𛷼	M057~b	M57~b
𛷽	M057~b1	M57~b1
𛷾	M057~d	M57~d
𛷿	M057~e	M57~e
𛸀	M057~f	M57~f
𛸁	M057~i	M57~i
𛸂	M057~n	M57~n
𛸃	M058	M58
𛸄	M058~b	M58~b
𛸅	M059	M59
𛸆	M059+M038~a	𛸅 𛶡
𛸇	M059~a	M59~a
𛸈	M059~b	M59~b
𛸉	M059~d	M59~d
𛸊	M059~f	M59~f
𛸋	M059~f1	M59~f1
𛸌	M059~g	M59~g
𛸍	M061	M61
𛸎	M061~a	M61~a
𛸏	M061~b	M61~b
𛸐	M062	M62
𛸑	M062~b	M62~b
𛸒	M063	M63
𛸓	M063~a	M63~a
𛸔	M064	M64
𛸕	M064~a	M64~a
𛸖	M064~d	M64~d
𛸗	M066	M66
𛸘	M066~a	M66~a
𛸙	M066~a1	M66~a1
𛸚	M066~a2	M66~a2
𛸛	M066~g	M66~g
𛸜	M066~h	M66~h
𛸝	M068~a	M68~a
𛸞	M068~b	M68~b
𛸟	M068~c	M68~c
𛸠	M069~a	M69~a
𛸡	M069~ab	M69~ab
𛸢	M069~ad	M69~ad
𛸣	M069~b	M69~b
𛸤	M069~g	M69~g
𛸥	M071~a	M71~a
𛸦	M071~d	M71~d
𛸧	M072	M72
𛸨	M072~a	M72~a
𛸩	M073~a	M73~a
𛸪	M073~b	M73~b
𛸫	M073~b1	M73~b1
𛸬	M073~c	M73~c
𛸭	M073~d	M73~d
𛸮	M074~a	M74~a
𛸯	M074~b	M74~b
𛸰	M074~d	M74~d
𛸱	M074~f	M74~f
𛸲	M074~g	M74~g
𛸳	M075~a	M75~a
𛸴	M075~ab	M75~ab
𛸵	M075~e	M75~e
𛸶	M075~ff	M75~ff
𛸷	M075~g	M75~g
𛸸	M075~ga	M75~ga
𛸹	M075~h	M75~h
𛸺	M075~k	M75~k
𛸻	M075~m	M75~m
𛸼	M075~o	M75~o
𛸽	M075~o1	M75~o1
𛸾	M075~o2	M75~o2
𛸿	M075~r	M75~r
𛹀	M075~s	M75~s
𛹁	M076~a	M76~a
𛹂	M076~c	M76~c
𛹃	M076~d	M76~d
𛹄	M076~e	M76~e
𛹅	M077	M77
𛹆	M080~a	M80~a
𛹇	M080~b	M80~b
𛹈	M080~c	M80~c
𛹉	M080~ca	M80~ca
𛹊	M080~d	M80~d
𛹋	M080~f	M80~f
𛹌	M081	M81
𛹍	M081~1	M81~1
𛹎	M084	M84
𛹏	M085	M85
𛹐	M086	M86
𛹑	M087	M87
𛹒	M087~b	M87~b
𛹓	M088	M88
𛹔	M089	M89
𛹕	M090	M90
𛹖	M091~a	M91~a
𛹗	M092	M92
𛹘	M093	M93
𛹙	M093~a	M93~a
𛹚	M094~e	M94~e
𛹛	M094~i	M94~i
𛹜	M096	M96
𛹝	M096~1	M96~1
𛹞	M096~2	M96~2
𛹟	M096~3	M96~3
𛹠	M096+M029	𛹜 𛵷 
𛹡	M096+M139	𛹜 𛼌
𛹢	M096~c	M96~c
𛹣	M096~d	M96~d
𛹤	M097~f	M97~f
𛹥	M097~h	M97~h
𛹦	M098	M98
𛹧	M099	M99
𛹨	M099~a	M99~a
𛹩	M099~b	M99~b
𛹪	M101	
𛹫	M101~b	
𛹬	M102~a	
𛹭	M102~c	
𛹮	M102~d	
𛹯	M102~d1	
𛹰	M102~da	
𛹱	M102~e	
𛹲	M102~e(2)	
𛹳	M102~k	
𛹴	M102~k1	
𛹵	M102~k2	
𛹶	M102~l	
𛹷	M102~m	
𛹸	M103	
𛹹	M103~1	
𛹺	M103~2	
𛹻	M103~3	
𛹼	M103~d	
𛹽	M104	
𛹾	M105	
𛹿	M105~a	
𛺀	M105~ab	
𛺁	M105~b	
𛺂	M105~e	
𛺃	M105~g	
𛺄	M106	
𛺅	M106~1	
𛺆	M106+M096~c	𛺄 𛹢
𛺇	M106~1+M288	𛺅	𜄱
𛺈	M106~2+M288	𛺅	𜄱
𛺉	M106~a	
𛺊	M106~b	
𛺋	M107~a	
𛺌	M109	
𛺍	M110	
𛺎	M110~a	
𛺏	M110~b	
𛺐	M110~c	
𛺑	M111	
𛺒	M111~a	
𛺓	M111~b	
𛺔	M111~c	
𛺕	M111~d	
𛺖	M111~e	
𛺗	M111~f	
𛺘	M111~g	
𛺙	M111~h	
𛺚	M111~i	
𛺛	M111~j1	
𛺜	M111~j2	
𛺝	M111~l	
𛺞	M111~m	
𛺟	M111~n	
𛺠	M111~o	
𛺡	M111~o1	
𛺢	M111~p	
𛺣	M112	
𛺤	M112~1	
𛺥	M112~a	
𛺦	M112~aa	
𛺧	M112~b	
𛺨	M112~c	
𛺩	M112~d	
𛺪	M112~e	
𛺫	M112~e1	
𛺬	M112~f	
𛺭	M112~i	
𛺮	M112~n	
𛺯	M112~o	
𛺰	M112~p	
𛺱	M112~q	
𛺲	M112~r	
𛺳	M114	
𛺴	M115	
𛺵	M115~a	
𛺶	M115~b	
𛺷	M117	
𛺸	M120	
𛺹	M122	
𛺺	M122~1	
𛺻	M122~2	
𛺼	M122~3	
𛺽	M122~4	
𛺾	M122~5	
𛺿	M122~6	
𛻀	M123~b	
𛻁	M123~ca	
𛻂	M123~d	
𛻃	M124	
𛻄	M124~a	
𛻅	M124~b	
𛻆	M124~c	
𛻇	M125	
𛻈	M125~a	
𛻉	M125~b	
𛻊	M126	
𛻋	M127+M127	
𛻌	M128	
𛻍	M128~1	
𛻎	M128~ca	
𛻏	M128~d	
𛻐	M128~da	
𛻑	M128~da1	
𛻒	M128~db	
𛻓	M128~dc	
𛻔	M128~dd	
𛻕	M128~de	
𛻖	M128~e	
𛻗	M128~ef	
𛻘	M129	
𛻙	M129~b	
𛻚	M130~b	
𛻛	M131	
𛻜	M131+M388	𛻛 𜌓
𛻝	M131~a	
𛻞	M131~d	
𛻟	M131~e	
𛻠	M131~f	
𛻡	M131~g	
𛻢	M131~h	
𛻣	M131~ia	
𛻤	M131~k	
𛻥	M131~k1	
𛻦	M134	
𛻧	M134~a	
𛻨	M134~b	
𛻩	M134~ba	
𛻪	M134~c	
𛻫	M134~d	
𛻬	M134~e	
𛻭	M134~f	
𛻮	M134~g	
𛻯	M135	
𛻰	M136	
𛻱	M136+M071~a	𛻰 𛸥
𛻲	M136+M353	𛻰 𜉟
𛻳	M136+M365	𛻰 𜊅
𛻴	M136+M387	𛻰 𜋾
𛻵	M136+MXXX	𛻰 𜋒 ≈ M381
𛻶	M136~a	
𛻷	M136~b	
𛻸	M136~c	
𛻹	M136~d	
𛻺	M136~e	
𛻻	M136~f	
𛻼	M136~g	
𛻽	M136~h	
𛻾	M136~i	
𛻿	M136~j	
𛼀	M136~k	
𛼁	M136~l	
𛼂	M136~m	
𛼃	M136~n	
𛼄	M136~o	
𛼅	M136~p	
𛼆	M136~q	
𛼇	M136~r	
𛼈	M136~s	
𛼉	M136~t	
𛼊	M136~u	
𛼋	M136~w	
𛼌	M139	
𛼍	M139~a1	
𛼎	M139~a2	
𛼏	M140~a	
𛼐	M141	
𛼑	M141~a	
𛼒	M141~b	
𛼓	M142	
𛼔	M143	
𛼕	M143~a	
𛼖	M143~d	
𛼗	M144	
𛼘	M144~a	
𛼙	M145	
𛼚	M145~a	
𛼛	M145~b	
𛼜	M145~bb	
𛼝	M145~c	
𛼞	M145~d	
𛼟	M145~e	
𛼠	M145~f	
𛼡	M145~n	
𛼢	M146	
𛼣	M146~0	
𛼤	M146~1	
𛼥	M146~2	
𛼦	M146~3	
𛼧	M146~4	
𛼨	M146~d	
𛼩	M146~e	
𛼪	M146~f	
𛼫	M147	
𛼬	M147~a	
𛼭	M147~b	
𛼮	M147~d	
𛼯	M147~e	
𛼰	M149~a	
𛼱	M149~a1	
𛼲	M149~a2	
𛼳	M149~a3	
𛼴	M149~c	
𛼵	M149~d	
𛼶	M149~g	
𛼷	M149~h	
𛼸	M150	
𛼹	M150~a	
𛼺	M151	
𛼻	M151~a	
𛼼	M151~b	
𛼽	M151~c	
𛼾	M151~d	
𛼿	M151~e	
𛽀	M151~f	
𛽁	M152	
𛽂	M152~d	
𛽃	M152~e	
𛽄	M152~f	
𛽅	M152~g	
𛽆	M153	
𛽇	M153+M006~a	𛽆 𛵍
𛽈	M153+M029	𛽆 𛵷
𛽉	M153+M106	𛽆 𛺄
𛽊	M153+M106~a	𛽆 𛺉
𛽋	M153+M205~c	𛽆 𛾻
𛽌	M153+M320+M153	𛽆 𜇶 𛽆
𛽍	M153+M342	𛽆 𜈳
𛽎	M153+M377~e+M153	𛽆 𜋅 𛽆
𛽏	M154~b	
𛽐	M154~s	
𛽑	M155	
𛽒	M155~f	
𛽓	M156	
𛽔	M157	
𛽕	M157+M029	𛽔 𛵷
𛽖	M157+M057	𛽔 𛷶
𛽗	M157+M059	𛽔 𛸅
𛽘	M157+M080~c	𛽔 𛹈
𛽙	M157+M111~f	𛽔 𛺗
𛽚	M157+M111~i	𛽔 𛺚
𛽛	M157+M131	𛽔 𛻛
𛽜	M157+M131~d	𛽔 𛻞
𛽝	M157+M136	𛽔 𛻰
𛽞	M157+M153	𛽔 𛽆
𛽟	M157+M288	𛽔 𜄱
𛽠	M157+M340	𛽔 𜈱
𛽡	M157+M348	𛽔 𜉈
𛽢	M157+M377~e+M377~e	𛽔 𜋅 𜋅
𛽣	M157+M381	𛽔 𜋒
𛽤	M157~a	
𛽥	M157~a+M066	𛽤 𛸗
𛽦	M157~a+M080~c	𛽤 𛹈
𛽧	M157~a+M131	𛽤 𛻛
𛽨	M157~a+M131~a	𛽤 𛻝
𛽩	M157~a+M131~d	𛽤 𛻞
𛽪	M157~a+M342	𛽤 𜈳
𛽫	M157~a+M348	𛽤 𜉈
𛽬	M157~a+M367	𛽤 𜊊
𛽭	M158	
𛽮	M158~b	
𛽯	M158~c	
𛽰	M158~d	
𛽱	M158~e	
𛽲	M158~h	
𛽳	M159	
𛽴	M165	
𛽵	M167~a	
𛽶	M167~a+M131~k	𛽵 𛻤
𛽷	M172	
𛽸	M173	
𛽹	M175	
𛽺	M175+M038~a	𛽹 𛶡
𛽻	M175+M131	𛽹 𛻛
𛽼	M175+M131~d	𛽹 𛻞
𛽽	M175+M136	𛽹 𛻰
𛽾	M175+M136~n	𛽹 𛼃
𛽿	M175+M153	𛽹 𛽆
𛾀	M175+M157	𛽹 𛽔
𛾁	M175+M175	𛽹 𛽹
𛾂	M175+M203~a	𛽹 𛾳
𛾃	M175+M286	𛽹 𜄭
𛾄	M175+M288	𛽹 𜄱
𛾅	M175+M325~d	𛽹 𜈔
𛾆	M175+M376	𛽹 𜊽
𛾇	M175+M377+M377	𛽹 𜋀 𜋀
𛾈	M175+M380	𛽹 𜋏
𛾉	M175+M381	𛽹 𜋒
𛾊	M175+M387~c	𛽹 𜌁
𛾋	M175+M388	𛽹 𜌓
𛾌	M175~b	
𛾍	M176	
𛾎	M176~b	
𛾏	M177	
𛾐	M177~a	
𛾑	M180	
𛾒	M180~a	
𛾓	M180~b	
𛾔	M180~c	
𛾕	M184~b	
𛾖	M184~e	
𛾗	M188~e	
𛾘	M188~f	
𛾙	M188~g	
𛾚	M193	
𛾛	M193~a	
𛾜	M193~aa	
𛾝	M193~ca	
𛾞	M193~e	
𛾟	M193~f	
𛾠	M193~g	
𛾡	M193~m	
𛾢	M195	
𛾣	M195+M038	𛾢 𛶡
𛾤	M195+M038~a	𛾢 𛶡
𛾥	M195+M057	𛾢 𛷶
𛾦	M195+M057~a4	𛾢 𛷻
𛾧	M195~a	
𛾨	M195~b	
𛾩	M195~c	
𛾪	M195~c1	
𛾫	M195~m	
𛾬	M197	
𛾭	M200	
𛾮	M200~1	
𛾯	M200~a	
𛾰	M201	
𛾱	M201+M377	𛾰 𜋀
𛾲	M201+M377+M377	𛾰 𜋀 𜋀
𛾳	M203~a	
𛾴	M203~c	
𛾵	M203~d	
𛾶	M203~e	
𛾷	M204~g	
𛾸	M205	
𛾹	M205~a	
𛾺	M205~b	
𛾻	M205~c	
𛾼	M205~d	
𛾽	M205~g	
𛾾	M206~b	
𛾿	M206~d	
𛿀	M206~d1	
𛿁	M206~f	
𛿂	M206~fa	
𛿃	M206~g	
𛿄	M206~g1	
𛿅	M206~g2	
𛿆	M206~i	
𛿇	M206~j	
𛿈	M207	
𛿉	M207~a	
𛿊	M207~b	
𛿋	M207~c	
𛿌	M207~d	
𛿍	M207~e	
𛿎	M207~f	
𛿏	M207~h	
𛿐	M207~m	
𛿑	M207~ma	
𛿒	M207~n	
𛿓	M208	
𛿔	M209~a	
𛿕	M209~b	
𛿖	M209~c	
𛿗	M209~d	
𛿘	M209~d1	
𛿙	M210	
𛿚	M210~a	
𛿛	M210~b	
𛿜	M210~ba	
𛿝	M210~c	
𛿞	M210~d	
𛿟	M210~e	
𛿠	M210~f	
𛿡	M210~g	
𛿢	M210~h	
𛿣	M210~m	
𛿤	M210~ma	
𛿥	M213	
𛿦	M213~b	
𛿧	M214~a	
𛿨	M214~b	
𛿩	M214~c	
𛿪	M214~d	
𛿫	M214~e	
𛿬	M214~h	
𛿭	M214~i	
𛿮	M215	
𛿯	M217	
𛿰	M217+M124	𛿯 𛻃
𛿱	M217+M388	𛿯 𜌓
𛿲	M217~a	
𛿳	M217~e	
𛿴	M217~ea	
𛿵	M217~f	
𛿶	M217~h	
𛿷	M217~j	
𛿸	M217~m	
𛿹	M217~n	
𛿺	M218	
𛿻	M218~1	
𛿼	M218~1+M288	𛿻 𜄱
𛿽	M218+M099	𛿺 𛹧
𛿾	M218+M101	𛿺 𛹪
𛿿	M218+M218	𛿺 𛿺
𜀀	M218+M288	𛿺 𜄱
𜀁	M218+M288~f	𛿺 𜄺
𜀂	M218+M320	𛿺 𜇶
𜀃	M218+M388	𛿺 𜌓
𜀄	M218~b	
𜀅	M218~c	
𜀆	M218~d+M288	𛿻 𜄱
𜀇	M218~g	
𜀈	M219	
𜀉	M219~1	
𜀊	M219~f	
𜀋	M219~s	
𜀌	M220	
𜀍	M220~m	
𜀎	M220~n	
𜀏	M221	
𜀐	M221~c	
𜀑	M221~e	
𜀒	M221~f	
𜀓	M222	
𜀔	M222~e	
𜀕	M223	
𜀖	M223~a	
𜀗	M223~b	
𜀘	M223~c	
𜀙	M223~d	
𜀚	M224	
𜀛	M224~a	
𜀜	M224~b	
𜀝	M224~c	
𜀞	M226~c	
𜀟	M226~ca	
𜀠	M226~e	
𜀡	M227	
𜀢	M228	
𜀣	M228+M101	𜀢 𛹪
𜀤	M228+M288	𜀢 𜄱
𜀥	M228+M320	𜀢 𜇶
𜀦	M228~b	
𜀧	M228~b+M101	𜀦 𛹪
𜀨	M228~b+M320	𜀦 𜇶
𜀩	M228~d	 𒯶𛴀 𛴺𛴄𛴅𛴖𛴕𛴆 
𜀪	M228~g	𒕑
𜀫	M228~ga	𜋊
𜀬	M228~gb	𜋌
𜀭	M229~e	
𜀮	M230	
𜀯	M230~a	
𜀰	M240	
𜀱	M240~a	
𜀲	M240~b	
𜀳	M240~c	
𜀴	M240~d	
𜀵	M240~d1	
𜀶	M240~e	
𜀷	M241	
𜀸	M241~a	
𜀹	M241~b	
𜀺	M242	
𜀻	M242~ab	
𜀼	M242~b	
𜀽	M242~d	
𜀾	M242~da	
𜀿	M242~e	
𜁀	M242~f	
𜁁	M242~k	
𜁂	M242~n	
𜁃	M243	
𜁄	M243~aa	
𜁅	M243~ac	
𜁆	M243~b	
𜁇	M243~c	
𜁈	M243~e	
𜁉	M243~ee	
𜁊	M243~ef	
𜁋	M243~f	
𜁌	M243~g	
𜁍	M243~h	
𜁎	M243~i	
𜁏	M243~j	
𜁐	M243~n	
𜁑	M244	
𜁒	M246	
𜁓	M246~a	
𜁔	M246~b	
𜁕	M246~c	
𜁖	M246~ca	
𜁗	M246~e	
𜁘	M246~f	
𜁙	M246~g	
𜁚	M246~h	
𜁛	M246~m	
𜁜	M246~o	
𜁝	M246~s	
𜁞	M247	
𜁟	M247~a	
𜁠	M247~b	
𜁡	M247~c	
𜁢	M247~d	
𜁣	M247~e	
𜁤	M247~f	
𜁥	M247~g	
𜁦	M247~m	
𜁧	M247~n	
𜁨	M248	
𜁩	M248~a	
𜁪	M248~b	
𜁫	M248~c	
𜁬	M248~ca	
𜁭	M248~d	
𜁮	M248~e	
𜁯	M248~f	
𜁰	M248~g	
𜁱	M249	
𜁲	M249~c	
𜁳	M249~f	
𜁴	M249~g	
𜁵	M249~h	
𜁶	M249~m	
𜁷	M249~n	
𜁸	M249~n1	
𜁹	M249~p	
𜁺	M250~a	
𜁻	M250~ba	
𜁼	M250~m	
𜁽	M250~n	
𜁾	M250~na	
𜁿	M250~p	
𜂀	M250~r	
𜂁	M251	
𜂂	M251~c	
𜂃	M251~c2	
𜂄	M251~c3	
𜂅	M251~e	
𜂆	M251~g	
𜂇	M251~h	
𜂈	M251~i	
𜂉	M251~m	
𜂊	M252	
𜂋	M252~a	
𜂌	M252~h	
𜂍	M252~i	
𜂎	M252~l	
𜂏	M252~q	
𜂐	M252~qa	
𜂑	M252~r	
𜂒	M252~t	
𜂓	M253	
𜂔	M254	
𜂕	M254~a	
𜂖	M254~b	
𜂗	M254~c	
𜂘	M254~d	
𜂙	M254~e	
𜂚	M254~f	
𜂛	M254~g	
𜂜	M254~h	
𜂝	M255	
𜂞	M255~b	
𜂟	M256~b	
𜂠	M256~c	
𜂡	M256~d	
𜂢	M257~d	
𜂣	M259	
𜂤	M259~1	
𜂥	M259~2	
𜂦	M259~3	
𜂧	M260	
𜂨	M260~1	
𜂩	M260~1+N24	𜂨 𛴊
𜂪	M260~1+M313~a	𜂨 𜇋
𜂫	M260~2+N24	≈𜂧 𛴊
𜂬	M260~3	
𜂭	M260+N14	𜂧 𛴆
𜂮	M260+N24	𜂧 𛴊
𜂯	M260+N30C	𜂧 𛴍
𜂰	M260+M266~a	𜂧 𜃞
𜂱	M260+M312	𜂧 𜇇
𜂲	M260~a	
𜂳	M260~a+M237	𜂲 𜃞?
𜂴	M260~b	
𜂵	M261~a	
𜂶	M261~a1	
𜂷	M261~b	
𜂸	M261~b1	
𜂹	M261~c	
𜂺	M261~d	
𜂻	M261~d1	
𜂼	M262	
𜂽	M262~1	
𜂾	M262~a	
𜂿	M262~b	
𜃀	M262~ba	
𜃁	M263	
𜃂	M263~1	
𜃃	M263~a	
𜃄	M263~a1	
𜃅	M263~b	
𜃆	M263~b1	
𜃇	M263~e	
𜃈	M263~f	
𜃉	M263~g	
𜃊	M263~h	
𜃋	M264~a	
𜃌	M264~a1	
𜃍	M264~a+N24	𜃋 𛴊
𜃎	M264~b	
𜃏	M264~c	
𜃐	M264~d	
𜃑	M264~d1	
𜃒	M264~n	
𜃓	M265	
𜃔	M265~1	
𜃕	M265~2	
𜃖	M265~e	
𜃗	M265~f	
𜃘	M265~f1	
𜃙	M265~f2	
𜃚	M265~f3	
𜃛	M265~i	
𜃜	M265~k	
𜃝	M265~l	
𜃞	M266~a	
𜃟	M266~b	
𜃠	M266~f	
𜃡	M267~f	
𜃢	M267~g	
𜃣	M267~h	
𜃤	M267~ha	
𜃥	M267~hb	
𜃦	M268~b	
𜃧	M268~c	
𜃨	M268~d	
𜃩	M268~m	
𜃪	M269	
𜃫	M269~1	
𜃬	M269~2	
𜃭	M269~3	
𜃮	M269~4	
𜃯	M269~a	
𜃰	M269~a1	
𜃱	M269~a2	
𜃲	M269~a3	
𜃳	M269~b	
𜃴	M269~c	
𜃵	M269~j1	
𜃶	M269~j2	
𜃷	M270	
𜃸	M270~c	
𜃹	M270~d	
𜃺	M270~e	
𜃻	M270~m	
𜃼	M270~n	
𜃽	M271~ca	
𜃾	M271~g	
𜃿	M271~m	
𜄀	M272	
𜄁	M276~a	
𜄂	M276~d	
𜄃	M276~f	
𜄄	M277	
𜄅	M277~e	
𜄆	M277~g	
𜄇	M277~h	
𜄈	M277~ha	
𜄉	M278	
𜄊	M278+M124	𜄉 𛻃
𜄋	M278~ab	
𜄌	M278~b	
𜄍	M278~c	
𜄎	M278~d	
𜄏	M278~da	
𜄐	M278~e	
𜄑	M278~f	
𜄒	M278~g	
𜄓	M278~h	
𜄔	M278~j	
𜄕	M280~g	
𜄖	M281~a	
𜄗	M281~c	
𜄘	M281~d	
𜄙	M281~e	
𜄚	M281~f	
𜄛	M281~g	
𜄜	M282	
𜄝	M283	
𜄞	M283~a	
𜄟	M283~j	
𜄠	M284	
𜄡	M284~e	
𜄢	M284~k	
𜄣	M284~m	
𜄤	M285	
𜄥	M285~b	
𜄦	M285~ba	
𜄧	M285~c	
𜄨	M285~ca	
𜄩	M285~d	
𜄪	M285~k	
𜄫	M285~m	
𜄬	M285~s	
𜄭	M286	
𜄮	M286~a	
𜄯	M286~b	
𜄰	M287~c	
𜄱	M288	
𜄲	M288+N01	𜄱 𛴀
𜄳	M288+N39B	𜄱 𛴖
𜄴	M288+M376	𜄱 𜊽
𜄵	M288~a	
𜄶	M288~b	
𜄷	M288~c	
𜄸	M288~d	
𜄹	M288~e	
𜄺	M288~f	
𜄻	M288~g	
𜄼	M288~h	
𜄽	M288~i	
𜄾	M289	
𜄿	M289~a	
𜅀	M289~b	
𜅁	M289~d	
𜅂	M290	
𜅃	M290~a	
𜅄	M290~c	
𜅅	M290~d	
𜅆	M290~h	
𜅇	M291	
𜅈	M291~a	
𜅉	M291~f	
𜅊	M292	
𜅋	M292~a	
𜅌	M292~c	
𜅍	M292~d	
𜅎	M292~e	
𜅏	M292~f	
𜅐	M292~h	
𜅑	M292~i	
𜅒	M293	
𜅓	M293~a	
𜅔	M293~b	
𜅕	M293~c	
𜅖	M293~d	
𜅗	M294~a	
𜅘	M295	
𜅙	M295~a	
𜅚	M295~b	
𜅛	M295~c	
𜅜	M295~ca	
𜅝	M295~cb	
𜅞	M295~d	
𜅟	M295~da	
𜅠	M295~e	
𜅡	M295~ee	
𜅢	M295~ef	
𜅣	M295~f	
𜅤	M295~h	
𜅥	M295~i	
𜅦	M295~k	
𜅧	M295~k1	
𜅨	M295~ka	
𜅩	M295~l	
𜅪	M295~la	
𜅫	M295~o	
𜅬	M295~p	
𜅭	M295~q	
𜅮	M295~s	
𜅯	M295~u	
𜅰	M295~w	
𜅱	M295~wa	
𜅲	M295~y	
𜅳	M295~z	
𜅴	M296	
𜅵	M296+M296	𜅴 𜅴
𜅶	M296~c	
𜅷	M296~d	
𜅸	M297	
𜅹	M297+M296	𜅸 𜅴
𜅺	M297~a	
𜅻	M297~b	
𜅼	M297~b+M388	𜅻 𜌓
𜅽	M297~bc	
𜅾	M297~c1	
𜅿	M297~c2	
𜆀	M297~d	
𜆁	M298	
𜆂	M298~a	
𜆃	M299	
𜆄	M301	
𜆅	M301~a	
𜆆	M301~aa	
𜆇	M301~b	
𜆈	M301~e	
𜆉	M301~ea	
𜆊	M301~eb	
𜆋	M301~g	
𜆌	M302	
𜆍	M302~a	
𜆎	M302~b	
𜆏	M302~ba	
𜆐	M302~c	
𜆑	M302~ca	
𜆒	M302~e	
𜆓	M302~f	
𜆔	M302~i	
𜆕	M302~j	
𜆖	M302~k	
𜆗	M302~o	
𜆘	M302~p	
𜆙	M302~s	
𜆚	M302~t	
𜆛	M304	
𜆜	M304+M041~g	𜆛 𛶾
𜆝	M304+M304	𜆛 𜆛
𜆞	M304+M342	𜆛 𜈳
𜆟	M304~a	
𜆠	M304~b	
𜆡	M305	
𜆢	M305+M009	𜆡 𛵓
𜆣	M305+M029~a	𜆡 𛵸
𜆤	M305+M038~a	𜆡 𛶡
𜆥	M305+M041~e	𜆡 𛶼
𜆦	M305+M075~a	𜆡 𛸳
𜆧	M305+M111~c	𜆡 𛺔
𜆨	M305+M136	𜆡 𛻰
𜆩	M305+M153	𜆡 𛽆
𜆪	M305+M157	𜆡 𛽔
𜆫	M305+M180	𜆡 𛾑
𜆬	M305+M209~a	𜆡 𛿔
𜆭	M305+M214~a	𜆡 𛿧
𜆮	M305+M288	𜆡 𜄱
𜆯	M305+M320	𜆡 𜇶
𜆰	M305+M324~c	𜆡 𜈎
𜆱	M305+M332~d	𜆡 𜈭
𜆲	M305+M342	𜆡 𜈳
𜆳	M305+M365	𜆡 𜊅
𜆴	M305+M387~c	𜆡 𜌁
𜆵	M305~b	
𜆶	M305~c	
𜆷	M305~f	
𜆸	M305~g	
𜆹	M305~h	
𜆺	M305~i	
𜆻	M308~e	
𜆼	M308~f	
𜆽	M309	
𜆾	M309~a	
𜆿	M309~a1	
𜇀	M309~b	
𜇁	M309~d	
𜇂	M310	
𜇃	M310~1	
𜇄	M311	
𜇅	M311~b	
𜇆	M311~g	
𜇇	M312	
𜇈	M312~a	
𜇉	M312~c	
𜇊	M312~f	
𜇋	M313~a	
𜇌	M313~b	
𜇍	M313~b1	
𜇎	M313~f	
𜇏	M314	
𜇐	M314~c	
𜇑	M314~e	
𜇒	M314~f	
𜇓	M314~g	
𜇔	M315	
𜇕	M315~a	
𜇖	M316	
𜇗	M316~1	
𜇘	M316~2	
𜇙	M316~3	
𜇚	M316~4	
𜇛	M316~a	
𜇜	M316~e	
𜇝	M316~k	
𜇞	M316~l	
𜇟	M317	
𜇠	M317~1	
𜇡	M317+M265~b	𜇟 𜃓
𜇢	M317~a	
𜇣	M317~b	
𜇤	M317~b2	
𜇥	M317~d	
𜇦	M317~e	
𜇧	M317~g	
𜇨	M317~m	
𜇩	M318	
𜇪	M318~a	
𜇫	M318~a1	
𜇬	M318~a2	
𜇭	M318~a3	
𜇮	M318~c	
𜇯	M318~e	
𜇰	M318~g	
𜇱	M318~h	
𜇲	M318~n	
𜇳	M319	
𜇴	M319~a	
𜇵	M319~c	
𜇶	M320	
𜇷	M320~b	
𜇸	M320~c	
𜇹	M320~f	
𜇺	M320~m	
𜇻	M320~n	
𜇼	M321	
𜇽	M321~b	
𜇾	M321~c	
𜇿	M321~d	
𜈀	M321~f	
𜈁	M321~fa	
𜈂	M321~h	
𜈃	M321~ha	
𜈄	M321~hb	
𜈅	M321~j	
𜈆	M323	
𜈇	M323~1	
𜈈	M323~a	
𜈉	M323~c	
𜈊	M323~g	
𜈋	M323~i	
𜈌	M324	
𜈍	M324~a	
𜈎	M324~c	
𜈏	M324~d	
𜈐	M324~e	
𜈑	M324~f	
𜈒	M325	
𜈓	M325~a	
𜈔	M325~d	
𜈕	M325~e	
𜈖	M325~g	
𜈗	M325~h	
𜈘	M326~a	
𜈙	M327	
𜈚	M327+M044	𜈙 𛷂
𜈛	M327+M057	𜈙 𛷶
𜈜	M327+M059	𜈙 𛸅
𜈝	M327+M074~a	𜈙 𛸮
𜈞	M327+M320	𜈙 𜇶
𜈟	M327+M342	𜈙 𜈳
𜈠	M327+M348	𜈙 𜉈
𜈡	M327+M365	𜈙 𜊅
𜈢	M327+M367	𜈙 𜊊
𜈣	M327~ag	
𜈤	M327~d	
𜈥	M327~n	
𜈦	M327~p	
𜈧	M328~b	
𜈨	M328~c	
𜈩	M329	
𜈪	M330~d	
𜈫	M332~a	
𜈬	M332~c	
𜈭	M332~d	
𜈮	M332~e	
𜈯	M332~f	
𜈰	M332~g	
𜈱	M340	
𜈲	M341~q	
𜈳	M342	
𜈴	M342~1	
𜈵	M343	
𜈶	M343~d	
𜈷	M343~e	
𜈸	M343~h	
𜈹	M343~h+M353	𜈸 𜉟
𜈺	M343~h+M354	𜈸 𜉠
𜈻	M344	
𜈼	M344~d	
𜈽	M346	
𜈾	M346~1	
𜈿	M346~a	
𜉀	M346~a1	
𜉁	M346~a2	
𜉂	M346~a3	
𜉃	M346~a4	
𜉄	M346~b	
𜉅	M346~c	
𜉆	M346~d	
𜉇	M347	
𜉈	M348	
𜉉	M348+M004	𜉈 𛵅
𜉊	M348+M346	𜉈 𜈽
𜉋	M348~b	
𜉌	M349	
𜉍	M351	
𜉎	M351+N14	𜉍 𛴆
𜉏	M351+3(N01)	𜉍 𛴪
𜉐	M351+M342	𜉍 𜈳
𜉑	M351+M380~b	𜉍 𜋐
𜉒	M351~c	
𜉓	M351~d	
𜉔	M351~m	
𜉕	M352~a	
𜉖	M352~b	
𜉗	M352~c	
𜉘	M352~e	
𜉙	M352~h	
𜉚	M352~n	
𜉛	M352~n2	
𜉜	M352~o	
𜉝	M352~r	
𜉞	M352~s	
𜉟	M353	
𜉠	M354	
𜉡	M356	
𜉢	M356~b	
𜉣	M357	
𜉤	M358	
𜉥	M358~a	
𜉦	M358~b	
𜉧	M358~f	
𜉨	M359	
𜉩	M360~b	
𜉪	M361~a	
𜉫	M361~b	
𜉬	M361~c	
𜉭	M361~d	
𜉮	M362	
𜉯	M362+M005	𜉮 𛵇
𜉰	M362+M024~c	𜉮 𛵮
𜉱	M362+M026~h	𜉮 𛵶
𜉲	M362+M041~e	𜉮 𛶼
𜉳	M362+M059	𜉮 𛸅
𜉴	M362+M059~d	𜉮 𛸉
𜉵	M362+M099~b	𜉮 𛹩
𜉶	M362+M123~b	𜉮 𛻀
𜉷	M362+M158	𜉮 𛽭
𜉸	M362+M207~n	𜉮 𛿒
𜉹	M362+M244	𜉮 𜁑
𜉺	M362+M247~g	𜉮 𜁥
𜉻	M362+M312~a	𜉮 𜇈
𜉼	M362+M317#	𜉮 𜇟
𜉽	M362+M365	𜉮 𜊅
𜉾	M362+M367	𜉮 𜊊
𜉿	M362+M383~c	𜉮 𜋟
𜊀	M362+M384~a	𜉮 𜋩
𜊁	M362~a	
𜊂	M362~b	
𜊃	M362~gc	
𜊄	M363~b	
𜊅	M365	
𜊆	M365~a	
𜊇	M365~c	
𜊈	M365~d	
𜊉	M365~g	
𜊊	M367	
𜊋	M367~a	
𜊌	M367~a1	
𜊍	M367~a2	
𜊎	M367~b	
𜊏	M367~c	
𜊐	M367~d	
𜊑	M367~e	
𜊒	M367~f	
𜊓	M367~g	
𜊔	M367~i	
𜊕	M368~a	
𜊖	M368~b	
𜊗	M368~c	
𜊘	M369	
𜊙	M369~a	
𜊚	M369~b	
𜊛	M370	
𜊜	M370+M046+M370	𜊛 𛷇 𜊛
𜊝	M370+M072+M370	𜊛 𛸧 𜊛
𜊞	M370+M386+M370	𜊛 𜋸 𜊛
𜊟	M370+M388+M370	𜊛 𜌓 𜊛
𜊠	M370~b	
𜊡	M370~b+M046	𜊠 𛷇
𜊢	M370~b+M072	𜊠 𛸧
𜊣	M370~b+M388	𜊠 𜌓
𜊤	M370~c	
𜊥	M370~d	
𜊦	M370~da	
𜊧	M370~k	
𜊨	M370~m	
𜊩	M371	
𜊪	M371~a	
𜊫	M371~b	
𜊬	M371~c	
𜊭	M371~d	
𜊮	M371~e	
𜊯	M372	
𜊰	M372~a	
𜊱	M372~m	
𜊲	M373	
𜊳	M373~a	
𜊴	M374~a	
𜊵	M374~c	
𜊶	M375	
𜊷	M375~a	
𜊸	M375~b	
𜊹	M375~d	
𜊺	M375~e	
𜊻	M375~i	
𜊼	M375~n	
𜊽	M376	
𜊾	M376~a	
𜊿	M376~b	
𜋀	M377	
𜋁	M377+M320+M377	𜋀 𜇶 𜋀
𜋂	M377+M377	𜋀 𜋀
𜋃	M377+M377~g+M377	𜋀 𜋈 𜋀
𜋄	M377+M383+M377	𜋀 𜋜 𜋀
𜋅	M377~e	
𜋆	M377~e+M320+M377~e	𜋅 𜇶 𜋅
𜋇	M377~e+M377~e	𜋅 𜋅
𜋈	M377~g	
𜋉	M378	
𜋊	M379	
𜋋	M379~c	
𜋌	M379~d	
𜋍	M379~e	
𜋎	M379~g	
𜋏	M380	
𜋐	M380~b	
𜋑	M380~c	
𜋒	M381	
𜋓	M381~e	
𜋔	M382	
𜋕	M382~a	
𜋖	M382~b	
𜋗	M382~c	
𜋘	M382~d	
𜋙	M382~e	
𜋚	M382~f	
𜋛	M382~g	
𜋜	M383	
𜋝	M383~a	
𜋞	M383~b	
𜋟	M383~c	
𜋠	M383~d	
𜋡	M383~e	
𜋢	M383~e1	
𜋣	M383~h	
𜋤	M383~j	
𜋥	M383~k	
𜋦	M383~m	
𜋧	M383~n	
𜋨	M384	
𜋩	M384~a	
𜋪	M384~ab	
𜋫	M384~b	
𜋬	M384~c	
𜋭	M384~d	
𜋮	M384~d1	
𜋯	M384~d2	
𜋰	M384~e	
𜋱	M384~f	
𜋲	M384~h	
𜋳	M384~i	
𜋴	M385	
𜋵	M385~a	
𜋶	M385~c	
𜋷	M385~f	
𜋸	M386	
𜋹	M386+M111~j	𜋸 𛺛
𜋺	M386~a	
𜋻	M386~d	
𜋼	M386~da	
𜋽	M386~q	
𜋾	M387	
𜋿	M387~a	
𜌀	M387~b	
𜌁	M387~c	
𜌂	M387~ca	
𜌃	M387~ca+M340+M387~ca	𜌂 𜈱 𜌂
𜌄	M387~ee	
𜌅	M387~ee1	
𜌆	M387~ef	
𜌇	M387~ef1	
𜌈	M387~eg	
𜌉	M387~eh	
𜌊	M387~fa	
𜌋	M387~h	
𜌌	M387~ha	
𜌍	M387~hb	
𜌎	M387~i	
𜌏	M387~j	
𜌐	M387~l	
𜌑	M387~l1	
𜌒	M387~o	
𜌓	M388	
𜌔	M388~c	
𜌕	M390	
𜌖	M390+N14	𜌕 𛴆
𜌗	M391	
𜌘	M393~a	
𜌙	M393~b	
𜌚	M393~e	
𜌛	M393~f	
𜌜	M393~fa	
𜌝	M401	
𜌞	M402	
𜌟	M410	
𜌠	M411	
𜌡	M412	
𜌢	M417~d	
𜌣	M417~e	
𜌤	M417~f	
𜌥	M417~g	
𜌦	M417~h	
𜌧	M418~a	
𜌨	M418~b	
𜌩	M418~c	
𜌪	M419	
𜌫	M419~a	
𜌬	M419~b	
𜌭	M420	
𜌮	M421	
𜌯	M424	
𜌰	M431	
𜌱	M432	
𜌲	M433	
𜌳	M438	
𜌴	M441	
𜌵	M444	
𜌶	M445	
𜌷	M446	
𜌸	M447	
𜌹	M447~b	
𜌺	M447~c	
𜌻	M447~d	
𜌼	M448	
𜌽	M449	
𜌾	M450	
𜌿	M452	
𜍀	M453	
𜍁	M454	
𜍂	M455	
𜍃	M458	
𜍄	M461	
𜍅	M461~b	
𜍆	M461~q	
𜍇	M462	
𜍈	M465	
𜍉	M466	
𜍊	M467	
𜍋	M468	
𜍌	M469	
𜍍	M470	
𜍎	M471	
𜍏	M471~b	
𜍐	M479	
𜍑	M480	
𜍒	M482	
𜍓	M483	
𜍔	M483~b	
𜍕	M483~c	
𜍖	M486	
𜍗	M489	
𜍘	M490	
𜍙	M491	
𜍚	M492	
𜍛	M495	
𜍜	M496	
𜍝	M497	
𜍞	M500	
𜍟	M501	
𜍠	M503	
𜍡	M504	
𜍢	M505	
𜍣	M506	