MEANING,Connecting DE / EN / FR / GR,CHINESE,PIE,SIMILAR / DERIVED,NOTE
brothers/ comrades,Germans,哥 門 gēmen ,,A21 quieri  𓀙,Hier~Ger~Alt  Kuh-arier @ Georgia/ Herman@Armenia   𓌽 Gerste vs Aquaria
bear child,gen(erate) kin(der) @channel,产 chǎn,,,<> beer bear bur bar El-burz birth birds   <> venu/ you/ youth
sehr,, 好生 hǎoshēng,
I / we,We / wo ,我,,,wo ist/ wo sind? ;)
Thing (holy assembly),Ding (Alten-Rat) Thaiding,丁 Ting / Dīng 厅,*dingir,` dian ≠ 斤 jīn ☉,(♀diang?)  件 jiàn =ding  -> Schranne~Schrein?  ,灯 dēng=lamp Unding
sting, nail, peak,sting,丁 Tīng,
∑3 zusam some,san => shuan … 彡巛川山,三  sān,sankh,saint trinity三彡巛川山,sancta 3 vs sin 4 𓇬 si=death   => 3:dra/terra/trans 𓇶
 Jupiter/Shu/Ashur/Sun,saint trinity 三彡巛川shān山,三  sān,Ω𓋩𓋹𓃙𓃶𓋸𓄟,木 mù,杉shān,单 Shàn ~ ☿ 1/7 Godly planets. Which?  木星 mùxīng=Jupiter
some 𓏤𓏤𓏤,s/n s/m,三 sān  num.,𓏪 𓏤𓏤𓏤 𓏼 𓏨 S'men,3 shamnt 𓐍𓂸𓏏,somne ☾☾☾ Samen! 𓇡  'EŠ' 𒀼 <<< +++
each,je/ jeweils,个 ge    各 gè,
weil / wegen  Präp.,why weil,为 [為] wèi,为 *viri liver,文 Wén livir 力,
"be(come), was",Wird war,为 [為] wéir,力 liver
be,be,为 [為] wéi,
wait (service),wait (for s.o.),为 wèi,,卫 wèi ward,
"he, she, it","she, su, ce, es",之 zhī,,这 zhe 其 qi2,such
Master,school Sultan Ashur/ Shu.piter,主 zhǔ,,M23 shu 𓇓 王 Wáng,Kwang 王 ašhur 主 King Kong 龙 lóng kaiserlich
to be/ nun(then),né << mes/mais?,乃 nǎi(s) = sein,nǎis moith,𓁒 𓁓 𓏇 mnøilk,nation/nest/nässen? 女 nǚ nu/ nuckel-milk奶 nǎi=moilk breast
geben : ghaben,hand out,予 yú ,
ich,yo io ixo,予 yú  余 yú ,,于 [於] yú in/ bei,vs you
men,Herren,人 rén,,,⽒ clan
rest/ leftovers,junk!,余 yú ,
whole,ganz,光 guāng,
all (quantity),quanto? tuti!,全体 quántǐ ,quanta
8,arabic 8  ba=osch 𓍱,八 bā , ,<<<,Bulle Ba’al
gen.erate zeugen,shoots! nat.chu zeu.gen,出 chū,nat.chur,M23 shu 𓇓,Na.Shun God:
straw,Kau-Heu,刍 chú  芻 ,,艸 (艹) cǎo,das Heu/ sprout = Sproth=Spross
pack,Paket / Ballen,包 bāo,,-> Ballen,巴 bā b p P פ ף 
back of south: north,back (rück),北 bei / puuk, ,脊背 jǐbèi=Rücken !,<> Berg Rücken!!  Gebail!
pile,pile,匹 pǐ,,M35 𓇤 pile 𓊪 phooi     π  ,compile   P6     𓊢 ?
30,san*10,卅 sà,
noon,fünf Uhr (0/5 von 10),午 wǔ,uon,un=1st,wu=0/10 5/10 : low/high noon ,五 更 wǔ gēng=5*2 Stunden Wachen
Wache,watch,午 wǔ,,卫 wèi ,午 wǔ Siebte Ziffer der Erdzweige
south,nicht Norden,南 [南] nán,
card / carta / map,die Karte ,卡  kǎ,ka-bull?,`K` Ka  𓂓 (D28)                                 ,卡斯滕 Kǎsīténg  Karsten  
wait (watch),wait (watch),卫 wèi,,韦 wéi (have nothing),-> weigh: measure!?
defend,wehren,卫 wèi ,waitch,𓄓 F20 waitcher,T4  watch 𓌉  
sickle 7,Mond Sichel -> 7(sieben),厶 si  xī夕,7,四 sì <> sick,尸 shi = corpse    𓊹  shi.piter?  pei=schief 尺 chǐ R8 <> sick 4
chew mouth,kauen,口  kǒu,,,sumer: kau.chu -> Kau-gummi
opening (mouth),open,口 ou(phon),
ego,ego : echo ich=eyo,吾 old: egaa/ ngú/ wú,
chew,kau,咀 jǔ  (dshu),
district / nation,Gau de   <> Kur?,国 [國] guó,gy,Gōt,das Gut vs Gehöft Cept Satrap/ Hebrew “goy -> Köy
land,Gautal/ gorge,國 guó  (戈 ge + 口 kǒu),,谷 gǔ   沟 gōu (gorge),gôy@SEM = foreign nation
many,>=2,多 duō,duo
got gut,Handsome! schön!,好 hǎo(n)  好 hǎo(d),,𓂧 汉又,I’ve gut Glück!
,schief ,尸 shi 尺 chǐ 斜 xié,
sprout,Ϫ Janja Gen Raiffeisen,屮 chè,na.tsher,M22 tsher 𓇑,nature ->  sher/hr 𓇑  shu 𓇓  豆  dòu BohnenTopf
mount,Schanze,山 shān,,Cyrillic:Ш上升什!,Sha Ш  =  Phoenician Shin 十  shí   -> 申  shēn ? Sha Ш <> shar:sehr? 
 (Jupiter/Shu/Ashur…),shine+flow+mountain彡山,巛 shuan (川/ 巜) chuān,Schu / Tiuw,PTR,Holy Trinity/ Dreieinigkeit vs 彡shān Aschur …
channel,channel,巛 shuan (川/ 巜) chuān,,<> dam dome don?,
giant,huge guiant,巨 jù,,,Ju-Piter,<> Justice office  距 jù distance<>journey?
stick / bar [phys.],Bar backen ballen,巴 bā,ba=bull,八 bā ,bar : handle!   vs  ren 人
sail: Wind-fang,fan (en),帆 fān 风 fēng,phoon,网 wǎng,Fahne
day / deus (god),Tiu / Tiew [Tuesday/ Teutartes],帝 Dì / Teis [= ‘God’ 2000BC - 20BC],,,very similar to Zeus Thei-Turn = Saturn bible: They made Saturn their god!
sehr/ ‘hands down’,shen,很 hěn,,,mwe ham con fear.  I seyen schon seher schön schwer schön.
commeth: mit … haben,ha’n ha’m  ,很 hěn,𓂧,con/ ham@Persia/ …,I ham good!  𓃹+ 𓎛𓆰𓈖 kommt 𓇍𓆎☄
huge/ high,huige/ Heike/ Hauke Heien,恢 huī,,回回 huíhuí 会,
spear (Gêr),Ger: Speer  戈  个 ,戈 gē ~ je  ⼸⼷=shoot,ge’ / je’ !!!,gao(tall/axe)  个 ge,Gerhard/ Gaizas/
we,,戈 gē ~ je = 我=I/we : wu,
palm,Hand - Ballen,把 bǎ  ,balm
Bundle, bindle, bale, bunch, batch,Ballen, Band, Bündel, Büschel ,把 bǎ  ,,Batch > wad, packet, pack, ,wad
hold/ take,nahm/ nehmen,拿 ná(im),,,奈 nài = like
admire!,√mur amore mire,慕 mù,
blotch,Brand Fleck/ Flare,斑 [斑] bān / phleu,lat: flagra
duel,2-al,斗 [鬥] dòu,duo,𓌟 T19 toe tuer,two töten
null nix nill,none,无[無] ,ø
sun,sun 𓇳 ray ,日 rì,ray,N5 re   𓇳 (sun),N8,ray     𓇶 
Mars,la hune, 火星  huǒxīng,,昏hūn ,“die Hühnin” 昏 hūn = confused ;)  huh? hä?   昏hūn-mächtig=ohnmächtig
abends,dunkel  Adj.,暗 [暗] àn, ,昏hūn ,
Muddle-headed / twilight,duun / dawn,昏hūn,
haben,ha’en hand,有 yǒu ,手shyond hand,,haben / sein !   手shǒu
,number	 nema?,码 numǎ,,马 animǎl count,mare/anima/ghost
,wash,抹 mā(sh),
wood,Mast mwood,木 mù 🌲,,米mǐ 末 mò ↟⇧,,Mais mas much more multi 𒀯𒀭米 末 mò  mweapon  禾hé
Tree of life/ wood,MUŠ (Sumerian),木 mù(dh),MUD 🌲 MES,木杉 mùshān ,木 mù 🌲↑-> 末 mò ↟⇧ 𓉼  暮 mù end tree-top tou 头太 矛 máo𐃆 ⇞⇑ 夫 fū ;)  树 樹 shù trees :( lin ‘Linden’
most,Mast most (extreme tip top),末 mò ↟⇧ ,木 mù 🌲,矛 máo 𐃆 (spear),
Full / busy ,much menge …,茂 mào 忙 máng ,,末 mò ↟⇧ ,
5th night watch 3-5am,五 5th watch 5th Element: mother earth!,戊 mwù bōw,,矛 máo 𐃆 (spear),
full extended,Much manch! much,曼 màn 满 mǎn 蛮 mán,,,,,漫 màn overflow,,,,,,,,
dual,'men’,门門mén 孖 mā ,
"common man, people",Gemenge 艮  gěn 民 mín,民 mín ,𓏠,𓏠 皿 mǐn  门門mén,盟 méng(e)  Bündnis  蛮猛mean Mängel?  Vs 瞒 瞞 mán mind(ful)
common people,Menge,氓 máng méng,𓏠
common people 2. sprout,Menge 🌝,萌 méng,
1. lower people 2. cute,mini!,萌 méng,
"Traumgesicht, Mondgesichel 🌛",🌝 木夕 mù.xī  🌙 面 miàn,梦 [夢] mèng,🌝™,木 mùn.xī 🌝🌙 夕,Munch mare
first month!,🌝 ,孟 盟 明 Mèng míng ,Mạnh 🌝,皿 mǐn ∑ menge 盟 ,
someone / 'people’,man,人们  rénmen,
,mau  rau,麻 má,
mean,mean,蛮 mán 曼 màn,,民 mín,Maden!  虫 蛮 mad/mean  骂 mà (fluchen)
mean,Gemein mean  manglig,莽 mǎng  猛 měng,
curtain,Gemenge ~ Gewand???,幔 màn,𓋳,𓏠 𓈖 𓐍 𓏏 𓋳,瞒 mán mindful hidden  谩 mán → mean cheat   慢火 màn mini
tits 𓏏𓏏 头,mammal tits,馒头 mántou ,
,Mus Gemüse,芼 mào ,
Gewürm < krümm winden,Schlange!,虫 chóng,
mad/mean 虫,Maden 虫 蛮 mad/mean,蟊 máo 鳗 mán 螨 mǎn,虫
Hair / beard,Mauser Mähne! ,毛 máo, 芒 máng,𓋳 𓅓,麻 Má: hemp 卯 mǎo 4.th sign
mango,Mango,芒 máng,,芒 'hairy’ Granne,
Herpestes mongoose,Mungo 🌝,獴 [獴] měng,
,Mangan 400BC ++ ,锰 [錳] měng ,,🌝 盟 孟 明 míng 皿 mǐn,
mosquito,Mũecke 🌝,蠓 [蠓] měng,
rank, grow,meander wander,蔓 màn 蔓 wàn
hat,Mütze  ,帽 mào,𓋳,毛 máo,
looks 𓁹¬ blind,moy! 𓁹 ,貌 mào    盲 máng,𓁹𓐍,美 měi,moy! 𓁹 没 ney!  莽 mǎng blurry ~ blind
Merchant: trade,Mark $$$,贸 mào  买mǎi 卖mài,$,“毛  máo”,
wheat,Mais mwheat,麦  mài  ,
yak,'Muh’,牦 [犛] máo ,
bury,maur™,埋 mái,
fight,war / phoi,武 wǔ,
death,die,歹 dǎi,daith,𓏱  die / tuer 太 ,-> your day has come
shoot,Schuss,殳 shū,shūt,F29 shoot    𓄝 ,
mother,Mutter, Mama,母 mu  妈 mā,Mwd 🌲,𓅐 Mut[a] 女 nǚ,𓅑  Mut.ter.de Gaia/ Terra Erde  (deia=goddess) S44 The/Te[deum]   𓌄  S45𓌅
Muhkuh,,母牛 mǔniú,,𒄞 女 𓈞𓈟,
compare,bi- (dual)/ wie,比  bǐ,
,Maul(tier),毛驴 máolǘ,,,Ass.mare  𓄙𓅓𓃘
men,Männer,民 mín/ 们 men 門,men,Y5 𓏠 S28 mensch 𓋳,gerMEN   Sanskrit: manus / maans  R22 𓋉 𓋊 Min ?
Hun/ wieder/ …,schon/con/so join! …,汉 HÀN 又 yòu,𓂧,𓂧𓂧,漢 Hunnen!  shoun->you! 又
(dirty) pool (lake),der Pfuhl,泊 pō,poo_?,poo Pudel Puder punta,
bleb / bubble,die Blase  Pl.: die Blasen,泡 [泡] pào, 
huge,haushoch,浩 hào,hauh -> hun,C11 𓁨 Hauh,10^6  Hohei(t) (hoch/high)  C11 𓁨 -> 巨大 jùdà giant  sha Ш  山shen
Nautik,nhai,海 hǎi,,𓈖 nautik 𒈾 NA,naur~maur:mare noir=dark-blue Meer 𓈗
fire,feuer/pyro/hot,火 huǒ 灬 火  🜂 ,phuor’ charm,@Peter? Futur?,🌲fir 🜂 fire⽕ fichte fechten 末矛 vs 木杉mù.shān=tanne µood fir.tann芙杉?
anger Q.E.D.,WUT,火头 vhuǒtóu,foo! Furious,火 huǒt@Turk,voodoo?  吐气 tǔqì toben takeru@taç düh@Hun tuh@Chin 毒 dú toxin?
charm=heat,cham™,火 huǒm 灬  昏hūn,,,yacham ~ 有yǒu 火huǒm
smoke / soot,Schmutz / Asche ,灰 (sm)huī,smutch,,木星 mùxīng planet  => Shun God   
scorch,s’火 z’huǒ chaud/ shining!,灼 zhuó,
burn,brand,燃烧 (b)rán, 
father,father,父 fù,,𓇋𓏏 fEδer,牡 mǔ  Vatertier lol
piece,piece/ plain/ planar/ plane,片 piàn ,
cow,gnu,牛 (牜/ ⺧) niú ,ngưu,,,Nan Bull
dog,κύon chien Hund 狗gǒun,犬 quǎn  (大da+g=dog),daquan Dogge,,gen.hun kuon @ Greek <> 干 gan  vs duck-hunt
sehr,“schon schön” -> sehrn,甚 shèn,,,上 shàng 升 shēng 什 shén
[you],!!,由 yóu,,,~Ursache <> ian/yin/io/yi/yu/yue(moon)/月/justice/you/youth [pure]
cows,Kuh-Vieh(l) ,畜 chù ,,,tongue
piece of cloth/ skin …,piece of cloth / peal ,疋 (⺪) pǐ ,,pi+𓋳piece,drape
white, bald (eagle …),balde (old EN) vai.de bright  b𓇳 ,白 baí,brekh/ bvait,,白的  baide 白地 baide 白得 baide
[Particle for adjective, genitive, …],De des summenDe(s),地 得 的 de,,,白的  baide 白地 baide 白得 baide : balde / white,,,,,,,,
emperor (Kaiser),KING imperator,皇 huáng ,,,太后 tai huo : big house / mother   ,Daimyo
peal pelle,peal,皮 pí,pyλ
stane,der Stein,石 shí, 
carriage / sledge,Hund / Hunt ,矿车 kuàngchēn,,,buggy <> bergy / doggy ?
bang: strike,,碰 [碰] pèng,
grain,hay/Heu/Hafer,禾 hé,,,hn->korn 颗 [顆] kē !   灰 huī Staub
lieb,like ,类 lèi,,Leis 米,
net (catch),Fang-Netz,网 wǎng,phuan
Zunge,thongue,舌 shé,,𓄓 F20 waitshe ,
chewy,gnawy,艮  gěn,gen,zeugen 出  chūn hen,-> Gnu Leder 艮=?  ♀ Yan -> muyan=eye <> Eule 鸮形目
grass,Kau-Heu,艸 (艹) cǎo ~ 草 cǎo ,,,蚱蜢 zhàměng Grashüpfer 
chew cow,kau Kuh,艸 cǎo (艹) ,,出 chū,
by,bei/ beim  Präp.,边 biān, 
long,lang,长 [長] cháng / lang!,lang
gate,two men minding door,门 mén  門,M,ᛗ ,rune ᛗ manaz = men
question/ inquiary,when wen wann…  [men],问 [問] wèn,kwan/ phoon,Q3  𓊪   kou/phon ,when/ whom/ wen/ wann/ qua/ quan/ quando
harm/ Not,nein!,难 nàn,—,,<> nan bull
sehr,,非常 cháng,
leather,Gerb-leder,革 gé,
cereal corns,Gersten Kern Hirse Getreide ,颗 kē 禾 hé 核 hé,kherste,gähr    𓌽    𓌾,-> Mai 麦 dàmài  Ma@horse…
mare (horse),Mähre (“old horse”),马 [馬] mǎ ,mark? [horse],,(Saxen?-) Maat / Maut
tall,groß,高 gāo ,,國 guó (Gautal),
grain,Mais/ millet/ Malz,麥 mài / 麦 mài,,-> 米 mǐ  millet,mǐ  leis/ like
,nicht hell: dunkel  Adj.,黑 [黑] hēi, 
head,top ,头 tóu,,toupet,
son/ heir,er (versus ‘sie’),儿 ér   兒,
some,je/ jeweils/ sie,几 jǐ, ‘JI’ letters
self, je fr,己 jǐ,
seit/ selbst,since/ sich,自zì,,<> Zeit!,
thing/ thingamajig,Dings(bums),东西 dōngxi,ding=approach,东dong=opener,東 dong = east   叮当 dīngdāng  ding dong 
court,Rechts-Ding  Thing,厅 tīng 廷 tíng  ,,亭,定 dìng = (rechts)fest   Halle/Saal  -> Tenne?
go,rei.sen,行 xíng,
line,hang in line,行 háng,
,,J pie,J Biegung
,,l jue,gimel
one,ein,一 yī ,1,yuan uan,<> yi iana
roof,maurn monument 𓏠 ,宀 mián,MN+ia,N35 𓈖 Memnon 𓏠 ,Wellblechdach ;)
m/ meter,der Meter,米 mǐ ,
dagger,Dolch,刀 dāo,
,Stärke,力 [力] lì,L
earth,Terra Erde vs Air dual 𓈇 TURBAt!,土 tǔ,tur / ta / terra,ta / ter N23     𓈇,TURBAT@Hin/Per/Tur/Arab!!! disturbe! vs Earthu vs Monthu  ~ dìr 地 tyr vs TON!   屯 tún,𓊖𓊖=twin <>市 shì
red,tain Ton Ton,丹 dān/ tan,,<> δan chéng=orange,dash-red : tau-s-t 𓆼 
dawn!,,旦 dàn,,丹 dān,Morgenrot
[♀ in Oper],Donna/ dance,旦 dàn,,,𒌋𒁯𒈬 Ischtar Morgenstern
bejähred,¬youth yeared,旧 jiù,,老lǎo lau,
stand / sands: beach,der Strand / Stand ,滩 `tān [质],MERKUR!!
visitor,Visiten,探 tàn,visi-tan,,<> town tang tent
secret,si.kur.as,私 sī,
Maß / Waage,holy Maat -> maths/ right etc,巫 ma / wū,Magi,S23 MaTh.MaTch   𓋬 ,S38,hequa hex+t     𓋾  Magie
Biologische Ordnung – ,Maat,目 [目] mù ,,目 muyan,
scholar,der Schüler Gelehrte,士 shì  , ,T18 shli  𓌞  = Schüler,xuel T18 fall.schlitten  𓌞  = follower  
,2er duo = too many,duō多,,,夕夕tuer:kill 
,,大 đại,
son,Zieh-Sohn/ Dimuzi=true son,子 zǐ,,G39 𓅭 goosen=son,Dimu : xuem blood
sprout,~shoots,屮 chè,na.tsher,M22 tsher 𓇑,nature ->  sher/hr 𓇑  shu 𓇓
gen.erate,nat.churn,出 chū,nat.gen ,M23 shu 𓇓,
DO create ~ 作 zuō,zu(zeh)+U Schuh! qu/zuo/…,出 chū,
Mount,Schanze,山 shān,вerшinа,Cyrillic: Sha Ш,Sha Ш  =  Phoenician Shin 十  shí   -> ,申  shēn ?  coptic Ϣ 三 sān,,,,,Anshan …,Shanghai …,,,
 (Jupiter…),Windgott,巛 (川/ 巜) chuān,Schu / Tiuw,PTR,vs 彡shān  Aschur … 三 sān  
 pound,pound / pochen ,攴 pū,,A34  𓀧 S42 𓌂  vs D40+ ,punch
 slice,piece,片 piàn,,,fälln?
earth / field 밭 / land / terrain → t’ain,Ton / -tian (e.g. Egyptian) 전 ,田 tián,-tian,*diǎn.电典单⊞申甲由曾 Shàn,Tenne   里 lǐ area? 果 guǒ guava,gourd 用yòng use <> junker  (shuǎi) 
already, once,schon, schön-sehr,曾 céng, zēng
arrow (shoot),schieß,矢 shí,,,𓊃𓈙𓂋𓌕 Schießer 𓍱𓋴𓂋𓌕 !   shot [arrow]
shoot,schieß,射 shè,,矢 shí,摄 [攝] shè = shoot picture
spirit soul,Seele,示 (礻) shì’,,,shini~genie ♀ ghosh
road track,route,禸 róu,,rohd,
stand (erect),lift,立 lì,ri(se) <-> li(ft),,力 lì  Riesen-Stärke        里 lǐ liter? length -> lines !
silk,silk,糸/糹/丝 sī,
vat,Fass,缶 fǒu,bvouth,W14,FAss  𓎿  ,W1 bvase 𓎯 -> Bath-Kat 
lead a plow,lenk den Pflug,耒 lěi,
ear!,ear,耳 ěr,,F21 Ohr(d)    𓄔    𓄕,M36 [n]ohr   𓇥   Ohr/reu(se) D21  𓂋 
see,śeihàn sehen,見 ,jiàn,,,xǐng省 seen->examine jian
,sehen/moigen,見面 jiànmiàn,,,mian
mvoir eiyen oigen Augen,sehen/moigen,目眼 mùyǎn,,𓁹    𓁺         𓁻,mvoir muyan mayer <> Muschel! mui 眉méi=Braue/brows 眯mí=Mais-im-Auge 
sehen,see,視 qù/ shì,
sehnen,yearn (juarn),眷 juàn,,journey? <> jour,
swine,Schweine Schinken,豕 ,shǐ,,家 jiā,价 [價] jià preis
car cap charriot kuruma@JP! etc,Karre / Kutsche,車 ,chē
ship,Schiff,舟 zhōu  chiêu,,,Schief/ Schlitten!
(s)walk swagger,sway,辵 ⻌⻍ suớc = chuò,
landed property,Lay Ley lei Liegenschaft ,里 lǐ,,*area? < *mərəʔ !,Lorelei
furrow,Furche,阜 fù,
slave ,Lehn,隶 lệ,(s)leh
wrong,falsch fälschen …,非 fēi,
tanned leather,property,革 gé,
fly,Voegel fliegen,飛 fēi,
grain,Mais,麥 mài ,
tall,groß geor-man,高 gāo,
salt,lo- lös-  i.e. so-lu-tion,鹵 lǔ,
sell,myy (Finnic),賣 mài,
clay / pottery,FI:savi,匋(táo/đào),
ghost ghoul,Geist,鬼 guǐ ,,,冎 gu=bone
skeleton / bone,ghoul ,冎(guǎ),,guon=dog,<> 滑 huá glatt/ gleit  划 huá ruder
enter,rein!,入 [入] rù,roots@earth,rou -> leo,入 口 门  rù kǒumén die Eingangstür ;),,,,,, ,,,,
gape ,schulden / gähnen / gain,欠 [欠] qiàn, ,,-> gen : rise/grow/create
title/ theme,title,题 [題] tí, ,, 
job/ shift/ service,Schicht,事 [事] shì,
shift/ service,Schicht / Dienstpflicht,值 zhí / 职 zhí,
linden  / lime forest,Linde,林 Lín [lam],,-> LAM!?,
cheese,Käse,起 qǐsī (台湾), ,, 
hemp,mariu.ana,麻 má,
money,bill,币 bì,,,bind, wind 巾 jīn 市 shì city
regent,Regens ♀  Ašhur!,主任 zhǔrèn ,,玉律 yulǜ = rule  ,Assur Aser Ashur …  vs 王 Wang=King
fiery fury,Wut/ Wotan,火  头 huǒtóu,,,Hottentotten <- Khoikhoi
love,aimerfr  merry marry Marie,爱 ài,eimer,(ai)MER   𓌸    𓌹   𓌺 ,恋 [戀] liàn long-line lieben
sister,sissi,姊姊 zǐzi,
seed / grass,Saat,才 Cai [tsai]                      ,tsai 艹 cǎo,𓊃   Zeh/ cai  采  宷,子 zi seed/son! Saturn  卉 huì   gruiser
[capability],[can],才cai,kě可
snake,Schlange,蛇 shé[ngk],tshnaga,𓆓   (t)sch  I10,巳蛇 sìshé   Zischer  naga->natter
# six,six 6 ,巳sì,sič,𓋴 Gardiner S29,S wie Sichel
cup,kelch,壳 ké ,
heap,Haufen,伙 huǒ,
justice,𓇌  𓇋𓇋,义 yì,Y,以 yǐ mittels,♀=Yi=Yian=Vian=Venus    议 yì: Ansicht/ Antrag
feather -> justice,𓇌  𓇋𓇋,羽 yǔ,Y,雨yǔ=♀ Yians tear,dāng當 just <> dom/ dan
too,two,亦 yì,y~e~and,♀ Yian,♀=Yi=Yian=Vian=Venus double star     易 yì : change (werewolf)
`cause,reason/ ries.an/ Kauda,因 yīn,由 yóu,kau+da = yi+an,you in! ;)  just<>right?
two,[venus double star: 2],兩 liǎng      lie+yian = like,,Iana=Genie,Janus Doppelkopf
good ,like[able] fine (vian),良 liáng  ,,,涼 liáng kühl 
Yin,bad moon,lyuen 𓇹月阴,,yuen月/ yin阴,gyn gwyn myun: feminin mean Minne  vs 阳 [陽] yáng/ 羊 yáng sankht
glint/ luster/ glamour,glanz,亮 liàng,,,brilliancy = brille.ian ♀
love/ lust,long/ liebe!,恋 liàn,,,yian + 心 xīn = ♡
ghost/ jinn,jin/ genie,精 jīng,,,gin tonic Flaschengeist
capital,shining head,京 jīng  ♀,♀jini
spring,jini spring,井 jǐng,
[measure],2 long lines,兩 liǎng   量 liàng ,,like=li(e),
band/ tape/ bind,Band/ Bänder/ zubinden,束 shù 本 běn,,<> 卜 bǔ  把 bǎ 笆 ba ,束 shù Schwall <> Strahl
introduced > 1500AD,das Nickel - Ni,niè, ,, 
nun/ niña/ lady,nun Nonne,女nǚ 尼 ní ,Ba’nu = lady,,nun/ nin@sumer vs Ba’al = lord  <> Nacht Göttinnen/ Nun/ Nut/ Neith
leopard,,猎豹 lièbào ,
gang/ gainst,gen/ ganz gegen Gang(Klan),干 [幹] gàn,,,gans Groß: 千 qiān 1000   be/gegangen   𓂻   𓂻   𓂻 
raw ribs / meat,roh,肉 (⺼) ròu,
toll / customs ,ca. 3/3 cm / Zollkontrolle,寸 cùn,—,,knive?
south,nicht Norden,南 [南] nán,
bleb / bubble,die Blase  Pl.: die Blasen,泡 [泡] pào, 
bang: strike,,碰 [碰] pèng,
phœnix,Fenix 𓅂 ,丰 Fēng 凤 / 凰 huáng,
(hang on) line / row,Hang-Leine,行 háng,
howl,,号 hào,,,-ono
ship(ing),hangar from haimgard ,航 háng ,
huge men,Hühnen,汉 HÀN ,,Hunnen 号 hào 很 hěn,Hahn-Riter huang=yellow   红 hong=red   huang-utang?
hand,Hand,又 'Hand',又 Hand,汉 HÀN  鸡 Hahn/Huhn,vs  手 shǒu yòu 又   [show you!]  友 yǒu (friend) 由 yóu
and/ with/ mix/ togth,(h)and/ kon/ con-…/ con-tain,含 hán-> 合 hé 和 hé,,Hen,hen -> he-> 而 ér   hen->跟 gēn: mit   h~k~g qed    (lend Hand? ->herein?)
con-verge/ together,he->hui,会 [會] huì 回 huí 汇 huì,
mixed/ confused,huh?  uhuh-nacht,昏 hūn,,,-> 旱 hàn arm/ karg/ brutal/ dumm / tapfer   Kampfbegriff +/- Han Gruppe!
name,how is your name?,号 hào,,,see you! derivatives vs ‘how?’
good,how is your wife+son?,好 hào,
huge,haushoch,浩 hào,hauh ,hao=white,𓁨 hao  1.000.000  Hohei(t) (hoch/high)  C11 𓁨 -> 巨大 jùdà  sha Ш  山shen
tall,groß geor-man,高 gāo,,,<> tell/ mount
together/ with,zu-sammen / eins ~ yīqí 一齐,及 jí 既 jì 且 qiě  与 yǔ,
,sum up,计 [計] jì,
Witze reißen,bruhaha (verb),打哈 哈  dǎhāhā,, ,ONO! matopetic words are to be excluded
bear child,gen(erate) kin(der) @channel,产 chǎn,,,<> beer bear bur bar El-burz birth birds
root,Gene (generations/ genesis…),根 gēn  艮 Gèn,,,IAN♀ -> Jan -> Jen/ Gen
gang/ ‘gainst,gen / ganz gegen Gang (Klan),干 [幹] gàn,be/ge.gan.gen,𓂻   𓂻   𓂻 ,
walk behind,gehen,跟 gēn,
(walk) to.wards,gen (gegen … gehn),跟 gēn,,,to.vers
going to work,Gong zum Arbeits-Gang,工 gōng,ergon,rang by king-gōng 公,-> 攻 gōng to attack/ 共 gòng together/ only male 公 gōng 弓] gōng  bow??
ridge / hill,Gang den Hang entlang,冈 gāng,grat-gang,,-> Fang-Netz   X:danger oXtung!
class,Gong zum Gang,纲 gāng,
pot,1. Gang: Gong,缸 gāng,
anus,A(n)us-gang  Stuhl-gang,肛 gāng,,,dirty-moon + work-gong an-aus-gang;)
steel,Gong(工) aus Stahl,钢 gāng,
main cadre (甘 Gān),Gang,干 gàn,,,-> 杆 gān : Stangan?
the going,begehen,干 gān,
move: hurry/ dare/ …,gehen…,趕 gǎn 敢 gǎn 赶 gǎn,,,擀 gǎn: auswalken   ‘go’=‘do it’  / stalk/ …
gone,ver/über-gehen ,过 guò,
gone / past events,Vergangenes,故 gù,
gainst,gen / gegen Gang,干 gàn,
pleasure -> sweet,ganz gefällig (Spaziergang?),甘 gān,,gan-root ~ ben-root M30 𓇜  ,干 gàn = ‘gone’ -> dried fruit ->              甘 gān(sweet) 艮gèn (root)   [dates/orangan]
just!,Gratgang(冈) grad geschafft,刚 gāng !,,,auf Messers schneide! Eingang beim Gong!
change/ further,Gang der Zeit,更 gèng,,,五 更 [五 更] wǔ gēng 5*2=Zehn Stunden Wachen <> noon
public/ palace …,Kyr Gong 工 ,宮 gōng,
first (Fürst sovereign),king-gong,公 gōng,,<> 八 bā bull,tiān 天公 [天公] gōng空 = Himmel <> King=Gong=Sky=God=Theis 大da太tài  𓏙DEI TEI 𓌅 帝 Teis 𓇽DU.AN天 tiān
(con-) together,going to 宮 gōng 工 ,共 gòng,,con-fess,gone->come
hook ✓,[✓] OK ‘key goud go! ☑good,勾 gōu,goud,,-> kuck! gut!   GO! -> buy
good enough,go! ☑good,夠 gòu ,,还 可以 háikěyǐ=okey,
fruit / result,result [✓]good 勾 gōu=gut,果 guǒ,
,,国guo land geo 古 gǔ,
hard/ fest,gut,固 gù,
buy/ accept/ …,gut! go! kaufen,购 gòu 沽 gū 股 rùgǔ ,,,买 [買] mǎi   收受 [收受] shōushòu = akzeptieren (Handschlag)
good old gone days,ago/ geo/ger->hier,古 gǔ,♁ geo,国guo land gau,Gaia ♁ geo hiero… ! Gudea vs ⼟ tu ㊏ ⏚ ☷ ta ㆞地dì也 🜃 🌍🌏🌎
Getreide ,gǔerste ,谷 gǔ ,
gorge (valley),gǔorge,谷 gǔ ,
gorge (valley),Gautal,谷 gǔ   沟 gōu,geurge?  ♁ geo(r),国國 guó,valley -> Willy/ viele Völker?
good? estimate,♁ geo-mete vs ♀,估 gū,,,估计 [估計] gūjì  度 [度] duó duoshao
measure make-sure,messen,目测 mùcè,,,<> 掂 diān mit den Händen schätzen vs mit bloßem Auge schätzen 
sin,Niet nie nicht! Sünde!,孽 niè !,
blacken,negro noir(verb),涅 niè,,,嚙 niè nagen  鑷 niè nehmen mit Pinzette
Geiß/ Lamb,goat ♀ ankett,羔羊 gāoyáng ,,𓋩𓃶𓃙𓋹单阳山闪,gute schöne Jana
,,⼾ door,
Stern [ste.an],*,大,AN,𓇼 DU.AN  (Gardinger N14),* Dingir   Ahn Anka/ Yian/ Dian/ Vian      𓊨st+an=stan=stern
Tall highest -> Deus,Tall Don,大 da    太 tài  ,𓏚 DA,,𓌽 ger ~ groß?   tai-cent=Tausend  Daisen-dorf Zeus God 
tab@SEM top!,top!,太 tàip  ,
highest god,Theus/ Deus/ day,帝 Teis,𓏙 DEI  TEI  𓌅,,Tag/ Tuesday/ Zeus/ … Tai-Ping=aufs TaPeth=Peace  Titans TeuTeuTeuTonen!
sky,dawn/ time,天 tiān,DU.AN 𓇽,,Duall: Air+Terr/ … Turnus/ Duat/ Tiamaat
dog,chien (fr: dog),大 Da+g=dog: ⽝ quǎn,daquan,Dax,Doggen dackeln
eye  oijen=Augen,moin Meyer,目 眼 mùyǎn,møyen,møyen , 𓁹   D4,Meyer = Aufseher  ->  YAN~Gen!            眸 móu=eye
sleep,schluiph,睡 shuì,,<> shu = sun,
Wasser,Schauer,水 shuǐ,,<> Schu = Petrus,
Lamm Jungen,young goat,羊羔 yánggāo,
sankt,sankh 𓋹,生 shēng,,sank   𓋩  -> E31  𓃶    𓋹,冰 bīng
live,rise  𓌘,日子 rìzi,,𓌘 rise,
,schön,娟 juān/ 嬋 chán,
foreign!,farn-rainer,番 fān ,,盘 pán  凡 fán 𓅚 ,梵 fàn ƒan’script  sanskritisch  Vanen!? WAN WÀN 卍 王 ≠ 壬 VENG (9. Himmelsziffer) ~ 人 REN / gong neun? An Fang?
universal/ common,pan,普 pǔ/ 朴 pǔ, 
,,盘 pán  凡 fán 𓅚 ,PUNI= Phønit/ PAN/ VAN/ Bande/ PUK Volk! Pucker Fugger Voigter,,,,,Briten,,,,,,,
band/ bunch/ bundle,Bund,卜 bǔ,𓇪,𓇩  -bu  M40,卜 bǔ wahrsagen: (Riss-)Bänder/Bücher/Stäbe deuten  ~ fascie-nierend/ fasces 卜 fork? yaw?,,,,,confess!,,,,,
butler [serf/commoner],Puck/ Pack(esel)/ populus,仆 pú,,,捕 bǔ verhaften/ 怖 bù befürchten/ 补 bǔ flicken/ etc
back of south: north,back: rück / Buckel,北 bei / puuk,,𓐟 ,
but no!,Вне! bes- un poko卜 bǔ boo!,不 bù ,Pure: bare ? ,无 wú 未 wèi,别 bié but,part? 罔 wǎng wenig «buckel runter»    弗 fú 非 [非] fēi falsch fake!
butt [in buttocks],butt ,步 bù,
purzeln [tumble],push,仆 pū,
pitch/ rush,push,扑 pū,
poor quality,kaput,破 pò,
Pot (big ship),boat,舶 bó ,,,舟zhōu <> shai boat ≠ 𓊡网    wan/ pan <> ganz
whole/ ganz,pan,盘 pán  凡 fán,qphan.δe,全体 quántǐ = ganz,vs 反 fǎn anti… 分 fèn = Teil  <> 丰 fēng üppig  
whole,ganz,全 quán.δe,qvan.δe,完 wán = ganz,tity<>tout?     vs 𓎔 fill/p-l/complete
universal/ common,pan,普 pǔ/ 朴 pǔ, 
,phoon ~ pan,,har.poon 1    𓌡 uno universal  ooan  𓌠 : 1  one
ganz,whole,好 hǎo,,合 hé,
common language,puni tongue,普 通话 pǔ tōnghuà ,tongue,同化 tónghuà,普 法 战争  Pǔ Fǎ zhànzhēng Deutsch-Französische Krieg   Tonga
(tai) peace ☮,aufs Tapet bringen/ make even,太平 tàipíng,,𓊵   T.P. = peace R4,,TaPeth  Tapet/ Tapete/ Teppich  (平 píng = flat) peace event
flat piece,even piece,片 piàn ,,𓇏 past.even M20,pastures/ Ebenen
piece of cloth/ skin …,piece of cloth / peal ,疋 (⺪) pǐ ,,,drape
Pulk ,pile (of cloth),匹 pǐ,,M35 𓇤 pile 𓊪 phooi π  P6 𓊢 ,viel/ voll
Pelle,peal,皮 pí,
,KY / KU(r),qiu,,<> kou 匸 xi,
Kurgan,KYR / KUR,丘 qiū,,,Kyr: OLD! kHyrcle->Hügel/ Höcker <- Huge
Kerker,Kur/ Kyrkyr,囚 qiú,
Kreis,cyrn,圈 quān,,,方fāng corner 匣kasten
Bezirk!,cirk cikou^3 court quarter,区 [區] qū,,匸 xi vs 匚 fang,
,circle,匝 zā,
Kugel,curcle,球 qiú,
harvest,Kyr-mess’,秋 qiū,
wish/ demand,queue  (kyn/ can-I),求 qiú,
can,können,可 kě,,𓂧 kaf -> 𐤉 you 有!,
request,can-I gehn/ plz?,恳 kěn,
you can,O.K. / I can,可 kě,keil,还 可以 háikěyǐ=okey,O.G. (Gamma)  对 duì 行 xíng  chéng 成 axe? 戊 wù 5th heavenly stem
open!,key,开 kāi,oπen?,廾hui/pen?,ka(m).i’!  come in
consent,can!,肯 kěn,,,[stop moon!?]
gnaw,k’nabbern,啃 kěn,
arrogant (arrow-can’t),kannichgut,亢 kàng,,<> kång könig,
carry,karryn,扛 káng,
fight,(be)kämpen,抗 kàng,
can (hardly) overcome,yes we can,克 kè,
,ge / ßey / ßi ——->,Qu/ Chiu/ Chu,
square area division,cube/ cut,区 qū   區,
qu go,zieh / geh [tschüss],去 qù,,,出 chu ~ qu
bent/ bend/ band,zieh… schief,曲 qǔ,
chase,chase/ seek/ ziehen,驱 qū/ 祛 qū,
aim + take + love,zusammen zielen,取 qǔ,
Hefe ,Ziehtaig,曲 qū ,
a’skew ,schief,曲 qǔ  ,趋 qū 奇jī  斜 xié,,,倾侧 qīng
schiefe music ;),zieh Ziharmonika,曲 qǔ 奇jī,
sehen,see,視 qù/ shì/ 见 [見] jiàn,
aufrichten/ senkrecht,zieh!,支 zhī/ 直 zhí,
stop,zieh! Schicht!,止 zhǐ,
Schichtarbeit,Schicht schaffen: weben/ walten/ …,制 zhì   值 zhí,
show,see? show [weisen/ wissen],指 zhǐ ,,知 zhī,
[directions],schon zu … [->ziehen],只 zhǐ  ,之
Ideal/ goal/ …,Ziel,志 zhì,
goal/ target,Ziel,旨 zhǐ,,取 qǔ,
history/ journal,(Auf)Zeichnung/ Geschichte,旨 zhǐ,,事 shì/ zhì 史,Zeitschrift
finger,Zeigefinger,指 zhǐ,
breed Zucht!,Zieh-planzen/tiere Zier,枝 zhī,,+,<>  Ziel/ cell
ein Stück Papier/ Schuh/ Hand ;),<zähl Stück …>,只 zhī  ƒ: zhti ,,,zahl zuziehen
twig/ sprig/ spray/ brace/ branch/,Schilf Stift stylus styck stick stock,支 zhī ? ƒ: zhti ,sty,芦苇 wěi Reet Schilf,一 支 笔 yī zhī bǐ 筆  pen
sign,Zeichen (das Mal),志 zhì,,咫 zhí 字zì  征zhēng,
paper sheet ,sheet ,纸 zhǐ,,,vs 页 頁 yè/  叶子 yèzi/ 刀身 dāoshēn
Banner,Schild,帜 zhì ,
,Schuber,帙 zhì ,
1 Schiff …,Zählwort für Schiffe/ Schippen/ …,只 zhī,
,System,制 zhì,
toe,Zeh,趾 zhǐ,,止 zhǐ ®,
toe / foot,shoe,足 zú,
,city,市 shì,,-> 100 shi’s !,
,Sitz/ city,址 zhǐ,
monastry,sit,寺 sì,
sit,Sitz,座 zuò,
Master (am Mast),Schiffer,师父 Shifu,
Master,Vorsitz ,夫子 Fūzǐ   ,
Osir Master,Sir,子zǐ   师 shī  師 ,,,Erste Ziffer der Erdzweige
Things stuff,Zeug,子zǐ   巾 jīn,
Meister (god),Sultan Ashur/ Shu.piter,主 zhǔ,,M23 shu 𓇓  shun 𓇳,
hand,The Hand’ ^^,手 shǒu,
Fürst,Kønig,公 gōng,
Master,Kønig,工長 Gōngzhǎng,
Eldest,Kanig,长 Zhǎng,
Phønitier/ Mann/ Gatte,Funi Phoonit,夫 Fu 父,,𓂸,
some.one,Mauren : je.man.de,某人 mǒurén,,mu+gan,
fence/ face/ sight/ waters,lines,兰 lán (as radical),,拦 ,
cow,Gnu-Kuh,牛科 ‘niúkē,
Pfuhl/ pond/ lake,pool,泊 pō,,𓊪 phoo(n)  (Gardiner Q3),
lake/ lagoon,Teich,池 chí,,,vs 沼泽 zhǎozé = Moor
#flat land (pan/fen),pan,爿 pán,
Platte/ pan,pan/ Pfanne,盘 pán,,,翻 fān wenden 
Wanne,ven,盆 pén,
point/ part,phoint/ cut/ fence,分 fèn,
planar,pan/ pfann/ fen,平 píng ,,,vs 坦 tǎn  刚 gāng
Half ½ ,bunch, binär part,半 bàn,,,办 bàn
root,ben.root = gan.root,本 běn,,,bench?
Genesis,root,根 gēn  艮 Gèn,,甘艮gan   根本 gēnběn,
splash,wassa,洒 sǎ,
Schwäne (plural:shu!),swanes,天鹅属 tiānéshǔ ,
know,*learned *lesson,了 le  liǎo ,,,吕 [呂] Lǚ Lui 铝 lǚ Alu(minium)
schaffen beenden ,*let (far),了 le  liǎo ,← LET,了,<> LONG ← →
ver*lassen,let/ leave,撂 liào,,了,
fire (place),Lohe! lui light glut lahab!,炉 lú,LOH! 🔥,,吕 [呂] Lǚ  卢 [盧] Lú  𒈛/𒆷    燎] liǎo sengen
burn,loh!,烙 lào,LOH! 🔥,炉 lú  leucht! ↑,2) IRON! <- glut    << logs?
brühend ,lau warm -> glut heiß !,燎 liáo,LOH! 🔥,🜂,烈 liè brennend lifted ↑↑ (intense)
Halogen,ha.lu.gen/ *lu: oil/fat/lotion,卤 lǔ      鹵,,🜂,
Luxus,lux,禄 lù,,🜂,绿lǜ
Jade,*bling,琳 lín  璐 lù ,,🜂,绿lǜ
phosphor/ sulphor!,*leucht,磷 lín 硫] liú,,🔥,
Linie/ Reihe/ Gattung,line! line up!,列 liè,LINE !,←→ 兰,<> like/ law + order
lane,LANE,弄 lòng ,LANE!,←→ 王 ,王 龙 lóng *kings-road
road Route,line : rue,路 lù,,←→,
Rad / Lage / Runde,round ~ lound  line/lane!,轮 lún ,,←→,仑 lun
arena,ring,擂台  lèitái,,←→,<> 雷 Léi lightning!
distant vast,*long,辽 Liáo,,←→ 了,辽 Liao-Dynastie   廖 Liu
circa/ gut!,leicht über ‘come’ ↑,来 [來] lái,,↑ 林 lin,
arrive,allive/ genea.leht/ lead/ led, 来 [來] lái/ 临 lín,,↑ 林 lin,
,,←,儿 lego       leucht? 卤 lǔ 
reed,~,芦 lú 簧 huáng ,𓇅𓇅𓇅,𓇅兰卢 hú,庐 lú <> 芦 lú reed Reet Haus!!  ≠ 尸shī Leiche
klar!,~leucht clean clear,浏 liú,🜂,💧 兰 🜂,<> 裸 luǒ nackt
bright & clear,clean!,朗 lǎng,🜂,𓌉 𓌃 𓎗 𓎘 𓇅 𓇇 🜂,炉 lú  leucht! loh! 卤 lǔ   <> 狼 láng lykos wolf!  
glint/ luster/ glamour,light glanz,亮 liàng,🜂,💧 兰 🜂,brilliancy = brille.ian ♀: 亮 liàng legen(offen-)!
hellglänzend,glossy bling,珑玲 lónglíng, ,,🜂,💧 兰 🜂,vs 朦胧 ménglóng = trüb (¬朗 lǎng),,,,,,,,
colour green,glün [lush leaves],绿 lǜ   ,𓇅,💧 兰 卢 🜂,绿色  lǜsè   氯 *lǜ Chlor 
blau/ blue,liLan lilian lapis lazuli,蓝 lán,*blaun,💧 兰 卢 🜂,<> blume flower!
Orchid,*Lilian Lilan Lian,兰 [蘭]lán !!,*Lilyan ,💧 兰 卢 🜂,<>line/ liane
Lutus,Lilian,莲  lián ,LILIANE,⚸ 𓆼 里 兰,𒇸𒆤𒀭𒉌
line / rope,LINE!,缆 [纜] lǎn,LINE,兰 里 lǐ lanes,
Reihe/ Line/ Gattung,line! line up!,列 liè,LINE ,兰,Zuglinie!
Riemen,LINE!,櫓] lǔ ,,兰,
Stoff,linnen,料] liào,,兰,缭 liáo nähen 撩 
curtain,LINE Liane!, 帘 lián,,兰,
Kragen/ collar/ yoke,linnen linie,领 lǐng ,,兰,𓌤 
Esel ass!,load “lukey” Lui  ,驴 lǘ,,兰,𓌤 <> yoke  侣 [侶] lǚ Läufer/ Leute
chain…,LINE Liane!, 链 liàn,,兰,𓌤 
Maultier,Lasttier <> laden …,骡  luó ,,兰,𓌤 luo <> yoch <> Jockel …
heap/ pile/…,layer,累 lěi ,LAYER,兰,
Winde 𓍢𓍬≠𓏲@ wenden,Lunte’/ line!,轆 lù 捩 liè,𓎛,𓍢𓍬≠𓏲@,𓎛 helwick helix    涟 lián windung/kräuselung 𓈗  缭 [繚] liáo umwickeln
record,*roll/ round/ wound,录 lù,,𓍢𓏲@,~ 灵 líng ≠ 隶 lì low !
das Rad,*roll/ round/ wound,轮 lún ,,𓍢𓏲@,仑 lún 
Spiral Schnecke++,*roll/ round,螺 luó ,,𓍢𓏲@,
gewandt! ‘fly',flink/ lissom 2.) Liege!,灵 [靈] líng,,𓍢𓏲@兰,~录 lù 𓅱  𓃀  𓈖  𓂻 brisk  deft ≠ deaf 𓎝 alert ≠ 隶 lì lü luck
Rolle/Bündel (Papier),*roll/ round | layers stapel,摞 luò ,,𓍢𓏲@兰,__ loaf lot ??
Runde: Partie…,Runde vs lane,轮 lún ,,𓍢𓏲@ 兰,
Sichel/ Sense,LUNA! 六 liù 6,镰 lián,,☽ ☾,陆  <> lun=rund(sun+moon+lun!)
Reihe/ Line/ Gattung,line! line up!,列 liè,LINE !!,兰,Zuglinie!
Riss/ Spalt/ Lage(Haar),line! Loch! Lage:Locke,裂 liè,𓎛 𓁸 ,兰,鳞 lín Schuppe
,Locke!,綹 liǔ ,𓎛 𓁸 ,兰,裂 liè = Frisur
Zew. Locken(!),Faden/ Garn,缕 lǚ ,𓎛 𓁸 ,兰,
Mähne 毛 máo  <> 裂 liè ,lions-mane,鬣 liè,𓎛 𓁸 ,兰,猎 [獵] liè lliag jagen !  <> lines?
kämmen,^^,拢 lǒng,𓎛 𓁸 ,兰,
,,拢 lǒng,∑,兰,
Netz,Lasche,罗 Luó,,兰,
GeLänder/ coLumns!,lines!,栏 lán,,兰,lan <> lao <> row ?
military lines / walls,lines!,垒 lěi,,兰,<> 肋 lèi Rippen 兰 !
grasp,langen!,揽 lǎn  撈 lāo 掳 lǔ ,,→,
begehren,long,婪 lán,,𓌵 →,<> be blue?
face/ overlook,look,临 lín,,𓌵 →,辽 Liáo ←→
Ausschau halten ,look,瞭] liào,,𓌵 →,lookan 看 kàn
look / long / glance,look + long,览 lǎn,,𓌵 →,zew. Listen <> blue eyes?   glance:read <> 脸 liǎn Gesicht/Ansehen
Lebensjahr ,*long,龄 líng,,♀,
long + old,long!!!,老 lǎo !!,,←→,vs 长 chang=lang 早 zǎo
long during / fest,ledern,牢 láo,,←→,
rotten/ overcooked …,[long],阑 lán 烂 làn 懒,
,,←→,lando=lazy ‘long-do’
Kante: edge,Länge,楞 léng,,←→,2.) verdutzt <> 咙 览  
ream/ edge (of paper),Länge/ Linie,令 lìng ,,,仑 lun  zB St Gallen/ Kunlun <> Berg:
ridge / hill / mountains,Länge,陵 líng  岭 lǐng 峦 luán ,,←→  ↑↑,<> 冈 gāng <> kur 陵 líng   <> 麓 lù ~ Tal vs BergKette! 
Brücke/ Träger/ …,Länge,梁 liáng,,←→  ↑↑,檩 lǐn  Pfette/ Balken  
reed,~,芦 lú 簧 huáng ,𓇅𓇅𓇅,𓇅兰庐卢 hú 户 戶 hù,庐 lú 卢<> 芦 lú reed Reet Haus! hù 户 戶  <> hard 尸shī Leiche
Etage! Building!,?,楼 [樓] lóu,⌂ !! ??,⌂ ↑ 兰 ,楼 lóu Gebäude   村cūn 落 luò Dorf
Hütte,room? flur?,庐 lú 卢,⌂ 𓇅,⌂ 𓇅,庐 lú <> 芦 lú reed Reet Haus! hù 户 戶  <> hard 尸shī Leiche
Hause!,“Loch” [living-place?] ,寮 [寮] liáo,,⌂,<<<<
prison / pen,Loch / Laufstall <> lines,牢 láo ,,⌂ ↓ 兰,囚牢 qiúláo língyǔ 令
,GeLänder,栏 lán,,⌂ 兰,
Hals <> Zunge?,*long lingua?,领 領 lǐng  ,
,,↑,喉 hóu 吭 háng 
Rachen,Hals,喉咙 hóulóng,,↑,long <> kur ?? 龙 Lóng
,long-door,閬 làng  ,,↑,良 liáng ↑ wave/ vogue/ wolf
Gassentor’,Luke,闾 [閭] lǘ ,
dry!,*linen (v),晾 liàng,,¬💧兰,<> linnen!
,Leck,漏 lòu,,💧↓,“Luftraus” ;)
tropfen,liquid,沥 lì,,💧兰 ↓,milli-liter 兰 里 lǐ
pour/ drench/ soak…,*liquid,淋 lín,,💧兰 ↓,
(water)logging = Stau,logging,涝 lào ,,💧兰 𓈗 ↑↑,<> burn logs 烙 lào  ?
schwellen,?,隆] lóng,,💧兰 𓈗 ↑↑,
(wet)land,Lund,陆 lù,,💧兰 𓈗 ,辆 [輛] liàng  zew. für Landfahrzeuge
lot! flood/ flow/ Fluß,a lot! fluß / lauf 兰 𓈗 ,流 liú   滥 làn ,💧兰 𓈗 ,💧兰 𓈗 ,viel/ volles/ fluß <> lao lot + lang
auslassen,laß,略 lüè,,💧↓→,
,gleiten,掠 lüè,,💧↓→,
,fließen,流 liú,,💧↓→,
(hinter)lassen/ gleiten,leave/ let,溜 liū,,💧↓→,
grease/ fat/ …,glue/ lotion! ++,卤 [滷] lǔ  露] lù,,💧!,
wet,^^ 兰 𓈗 ♀♀ ,烂 làn,,💧,冷 lěng = cold  栗 lì = freeze 涼 liáng kühl 凛 lǐn kalt
waves,兰 𓈗 𓈖 ,浪 làng 澜 lán,𓈖 ,💧🌊,🌊 <> long : dragon / wolf 涟 lián windung/kräuselung 𓈗
Korb,flecht/ wound,篓 lǒu 箩luó 絡luò,,兰 𓎛𓍢,
Netz,flecht/ wound/ lines/ lasso,絡] luò  罗 luó ,
cage / Korb,lang ein’Lochen,笼 lóng,,兰 𓎛𓍢↓ ,Loch <> lock <> logs ^^
Schlange / Drachen,Schlange!! 𓈖 ,龙 Lóng,𓈖 ,𓆓 𓆑𓈖𓍢,long <> kur ?? 龙 Lóng  牢 láo (prison)  麟 lín Einhorn 农Nong=Long!,,,,,鹿] lù Hirsch, 鹭lù Reiher ,,,,
prison / pen,Loch / Laufstall <> lines,牢 láo ,,↓ 兰,liáo = hut [living-place?]   <> 栏 lán GeLänder 囚牢 qiúláo língyǔ 令
(Fuß)Fessel/ Schelle,laufband/ leine,镣 liào,,↓,
ärmlich/ schlicht,low,陋 lòu,,!,<> streng?
untertänig —,less/ low,隶 lì ,,↓,“liegend” ~ kriechend
mittelmäßig,low,碌 lù,,隶 lì ,石~[wertz] 
low Qualität,low,劣 liè,,↓,“liegenlassen”
schlapp/ fortlaufend,laufend long laying laboring,累 lèi,,↓,<> 累 layer!
geizig,lowly/ linientreu,吝 lìn,,↓,
sink,ground (v),沦 lún,,↓,平心 而 论 ruhig erwägen
zero/ null/ nil/ nichts,0 Ø ¬ la! <low,〇 líng  零 líng ,1/nill,↓,vs  丽 lì 倆 liǎ 兩liǎng 两  liǎng (2 paar) 雷 léi 零 líng 〇 雨 rain 
lad (long friend),alter’ old lad,佬 lǎo ,,☿,郎 láng  langer lulatsch
,LO!,喽  lou ,,🕭 𓌵,瞭] liào → look?
talk laudatio?,long lauschig pLaudern,唠 láo 聊 liáo 论 lùn,,🕭,聊] liáo ratschen = tratschen <> Talkrunde 伦 
tratschen,ratschen,拉扯 lāchě,,🕭,
laugh luck joy glück,lachen,乐 lào lè ,,🕭,lauschig <> lang : Zunge?   露 齿 而 笑 lòu chǐ ér xiào   grinsen  
music,lala laut,乐 lào  yuè ,,🕭,♀?<> kling clean  嘹亮 liáoliàng klangvoll  朗 lǎng !  <> 擂 léi : hit-drum —
bell,Klingel,铃 líng,🔔🕭🛎 ,🕭,bell-shaped!  翎 líng feather/tail [<-its shape?]  ding/ ring! …
Gong  ,Laute/ Klingel,锣 luó,*gluong,🕭,
hören,?,聆] líng ,,🕭,
still,leise,寥 liào,,🔕,¬laut  lawt@SEM=secret
taub [med.],leise,聋 lóng,,🔕,<> 麻 má  <> hals: 领 領 lǐng  喉咙 hóulóng
leiten ++,lead!,理 lǐ,,↑ 𓎗 𓎘,<> lesson !?  vs 类 lèi like / lire!
command,lead!,令 lìng  领 lǐng,,🕭↑,
[adjective] !!,-ing -lich <> like!,令 lìng 人 ,,!!!!!,令 某人  lìng mǒurén ?   令 人 不安 的 lìng rén bùān de … ?
labor : work,1) la-bore 2) bohren:beg,劳 láo ,,♀,long-bore ≠ langweilen : toil <> lang-lauf — 碌 lù beschäftigt
,loot,掠 lüè*t,,𓍝 ,<> rob/ rape/ lie/ lay !?!
Sorge,??,虑 lǜ,
Brigarde,?,旅 lǚ ,
Filter ,“Lüftung” ƒ ?,滤 lǜ,
,anlegen!,立案 lìàn ,
stand / LIFT,legged,立 lì,,儿 let richten,立 lì Standkraft <> lid/ lit/ light   八儿入人丿
Leibes-Stärke,LIVE,力 lì,,𓋹 lit/ light 立,立 lì Standkraft <> lid/ lit/ light   八儿入人丿
erleben/ Erfahrung,lived, 历 lì,,𓋹,live through ++ <>  历史 lìshǐ 事 shì   寮] liáo = hut [living-place?]
Logik,geistiges Längenmaß,理 lǐ !!,,𓍝 ,Ordnung/ …  率 prozent% Quote
Lehre ++,“Leit Linie” / Logik / Lehre,论 lùn,,𓌃 𓎗 𓎘 𓍝 ,仑 lun   der Rat <> das Rad 轮 lún  !
Logic and Order,LAW,理 lǐ !!,,𓍝 兰 𓎗 𓎘♀☿ ,<> 戾 lie: Vergehen  咧 liě den Mund verziehen   <> live qi 氣
Recht & Ordnung,LAW,利 lì,,𓍝 兰 𓎗 𓎘,权  quán 正义  zhèngyì
Recht & Gesetz,LAW Jura,律 lǜ ,,𓍝 兰 𓎗 𓎘,规 gui 律  fǎ  <> 立 lì Gesetzt/  履 约 lǚ yuē einen Vertrag erfüllen
Unordnung Chaos!,LAW¬,乱 luàn,,𓍝 兰 𓎗 𓎘,an=¬ ++
order!,law,令 lìng,,𓍝 兰 𓎗 𓎘,<> 臣 chén 呈 chéng
“der Rat”,Lektor,理事 lǐshì,,𓍝 兰 𓎗 𓎘,史li = official (missing in leo) !  老師   老师 lǎoshī
logic ;),lo’i,理 lǐ,,𓍝 兰 ,Math Maß
Stoff/ Material,linnen,料] liào,,𓍝 兰 ,Material vs Maat 𓍝 <> Order
Matte,linnen liegen,領 lǐng ,,兰 ,Matte vs Maat 𓍝
Geist/ Seele,♀?,灵 [靈] líng,,♀♀ !?,Matter vs __   ≠ 隶 lì 
1)kind 2)class,LIKE lieb,类 lèi  流 liú,,♀♀ ↓↑,lektion lesson? << lire —
likeness : example,like,例 lì,,♀♀,<> 连 lián || folgend
good/ like … [ungemein],like[able] fine (vian),良 liáng  ,,+ + 浪 làng ~ vogue,clean 朗 lǎng 亮 liàng glanz!  狼 láng lykos wolf!  艮 根 gēn (root)
jolie/ schön,likeable/ joli [eye lid],丽 lì ,,+ + ♀兰,丽 lì 兩 liǎng 两  liǎng 倆 liǎ (2 paar) 雷 léi 零 líng 〇 ring 雨 rain
pair/ couple!,liaison!! ♀☿,倆 liǎ ,2!,♀♀  林 Lín 两 ,连 lián Kompanie alliance!  连 lián  link/ join! 联 lián
Paar/ some/ few,[liaison/allianz],两  liǎng ,2!,♀♀,
,林 lin vs 木 mùin min 2,林 Lín 两 ,
Gefährte,liaison!! ♀☿,侣 [侶] lǚ ,,♀♀,Leute?
peer,~ Runde : peers,伦 轮 Lún,,♀♀@ ,
zwillings,^^,孪 luán,,♀♀ 卵 ,亦 yì also 元 yuán 
Kollege,liaison,僚 liáo ,,→←,鹪鹩 jiāoliáo Zaunkönig
,link!,连 lián  ,,→←,
,link/ join!,联 lián ,,→←,丽 lì 倆 liǎ 2er paar
Ei/ egg,al ovum: la’van larvae,卵 luǎn ,+++,卯 mǎo,累 卵 lěi luǎn : 1) eier stapeln 2) seidener Faden 3) brennede Lunte!!!
weitere/ extra,link?,另 lìng ,,+ +,力 lì
like love+,li’en lieben Liebe!,恋 liàn,,♡ ♥ 丽 倆  爱 àimour,谅 liàng verzeihen <?> 亮 liàng zeigen 冷 lěng = cold  栗 lì = freeze 涼 liáng kühl 
schmelzen / härten:(,läutern lysen,炼 liàn ,,💧♀?,
thunder(storm),laut lightning,雷 Léi,,💧♀?,龙 Poseidon !   Ray! 
mines!,“Lagen”,雷 Léi  窿 lóng ,,♀? <<<,龙 Poseidon ?  Ray! <> Erz?
tear,leider 💧💧 leyed,泪 lèi,,💧♀🕭,
bedauern,leidern 💧💧,怜 lián ,,💧♀🕭,<> 令 lìng
pile/ heap,layer,累 lěi 累 ,,兰,
Rolle/Bündel (Papier),*roll/ round | layers stapel,摞 luò ,,𓍢𓏲@兰 ,累 lěi : layer 兰
heap/ open,layer/ lay open,磊 lěi,,兰,傀儡 kuǐlěi Marionette  ??? 伶] líng   Mime?
strap,to leather?,勒 lēi,,兰,
shoe Schuh!!,*leather,履 lǚ ,,兰,
Zew. dünne Dinge,zew sLice,缕 lǚ ,,兰,
Weide,Länge,柳 liǔ  ,农 ,兰,农 long =農 nóng = Ackerbau   vs  林 lin woods
der Rain ,Länge,垄 lǒng ,农 ,兰,
Pflug,[do lines?],耒耜 lěisì,农 ,兰,犁 lí pflügen  <?> 殓 [殮] liàn einsargen
lanes! lining!,LENGth/ lin: innen!?,里 lǐ,,兰里,Meile Mill <> 厘milliƒ centi:)
neighbor[hood],~里 lǐ  [lanes],邻 lín,,兰里,里 lǐ  IN   临 lín  Nahe (vor)
rip,*lèip <> live!,肋 lèi ,,兰里,<> Leib!
Lithium  ,Li,鋰 lǐ,
Längenmaß,,里 lǐ,,兰里,里 lǐ in …/ in drin/ innen
measure make-sure,längenmessen,量 liàng ,,兰里,两 [兩] liǎng “ein paar …”    度 dù dure
strikt,linientreu <> pLan?,厉 lì,,兰,吝 lìn geizig <> Ordnung!  计 jì
strikt / kalt!,linientreu,凛 lǐn,,兰,冷 lěng = cold  栗 lì = freeze 涼 liáng kühl 凛 lǐn kalt
left/ distant,leave,离 lí,,↑ <> fern=links??,
live calendar,list,历 lì,,兰,
gift(wrap/sign) <?> Fest,lid/ let@goth,礼  lǐ,,兰,
luck Glück lots!,,禄 lù,,↑↑↑,¬隶 lì low/  ++glün!
nutzen/ Gewinn/ lift!,liking! likeable,利 lì,,↑↑↑,löffel abgeben / laufpass ?     赁 lìn miete—   刀 dāo?
trainieren,lehrnen,练 liàn,,↑↑↑,
1) not-do 2) sammeln,la ¬,敛 liǎn ,,↓?,<> join : collect? 采 cǎi … 集 jí
krakelig,lausig,潦 liáo ,,𓈖 ,Laus: 虱 shī 
necken,lausen,撩 liáo,
Therapie,lindern!,疗 liáo ,,↓↑ 𓈖 ,Linde vs 栎 lì   栗 lì     Laus: 虱 shī  vs sick —
Bahre,?,灵 [靈] líng,,兰,≠ 隶 lì 
,?,戮] lù = kill 颅 lú  Schädel,,羽 yǔ ?,Totenschädel,髑髏 dúlóu  尸Leiche!  (shī) ≠ 灵líng
Ruhr …,Lebra’ leprosy,痢  lì,,,<> 瘘 [瘺] lòu Fistel 
,grind [med],癞 lài ,
Eiche/Kastanie!,*live tree !?!,栎 lì   栗 lì,,林 ??,<> east / west ????  立 lì 力 lì ?
woods,Linden,林 Lín,,,木 mù * 2  立 lì 力 lì + n   ≠ Lichtung ≠ 来 [來] lái  
Korn!/ Birne/ Pflaume,💧 [shape] 🕭ling!,粒 lì  梨 lí  李 lǐ,,💧 [shape] 🕭ling!,禾 hé 粒 砾 Kies…  砻 lóng  mahlen/ Mühle   <> 包苞米  bāo 棒 bàn  bind!
reis … Korn,lice,粒 lì,,米,grind glind;)
slander/ abuse,rumour/ words,辱骂 rǔmà  侮辱 wǔrǔ,
ganz,janz,尽 jin,
Massen,many ren,众 zhòng,
morning mourn,früh-ꜩau 𓆼 trainen ♀,早 zǎo,
Seife,soap super sauber,皂 zào(p),
thieve,Dieb,盗 dào(b),,盗贼 dàozéi,
Dieb,thieve,贼 zéi(ve),
cheat,chaet -,诈 zhà,
Kampf,Zank,仗 zhàng,
Streit,Zank,争 zhēng,,,vs Schengen 武 wǔr~war
war!,Zank,战 zhàn ,,,Zank 仗 [仗] zhàng  战斗 [戰鬥] zhàndòu 争斗 [爭鬥] zhēngdòu
seize …,schanzen,占 zhàn,,,展zhǎn
prophecy,chancen,占 zhàn,,,沾 zhān  Diana water
Lager,Schanze,栈 zhàn,,站 zhàn = Halte.,
Lager Bier,Schanke,栈 zhàn,,站 zhàn = Halte.,
Schalen,,盏 zhǎn ,zhaln,,Zew. für Lampen (alt)
plan : open,,张 zhāng,,,<?> 长 [長] zhǎng stretched
之 上=auf … 之 内 =in…,sei … seitens,之 zhī,
exist in on at,sei …,在 zài,
alas: calamity,Sei! Zeus! Atlas!,灾 [災] zāi,,巛 shu + 火 huǒ,甾] zāi steroid?
historischer Beamtentitel,Zair Sir <> 帝 Dì Teis,宰 zǎi ,,,schlachten
Jahr ,<>Zeit,載 zǎi,,<> 早 zǎo,
again,𓎁  𓊄 <>Zeit seit,再 zài,
,seit,开始 时 kāishǐ shí,,,<> shi: seien
,[Zeit],时 shí,
Sache,thing,事 shì,,十 shí ,史  吏 詩 shī scribe/Geschi  市 shì Stadt 室 shì Zimmer
Dasein/ sein,*Schicht/ (Da) Sein,世 shì,,,*世 shì Generation 史 Shǐ Geschichte 詩 shī Geschichte
SI Sein,sein/ (wahr) sein,是 shì 实 shí,
SI = sei(ja),solide seiend,实 shí 石 shí ,,,适 shì (ja) wohl      开始 时 kāishǐ shí : seit
Schein Stein,shine,闪 shǎn  石 shí ,,,亮 liàng luster 
color,shade/ shine,色 se / shai / 彩 cǎi.lour,,<> cut,
valueable,schon hoch/ shiny,尚 shàng,,石 shí 闪 shǎn,更 甚 gēng shèn  noch mehr
elder grown stretched,lang ge’zogen,长 [長] zhǎng,,𓍼zieh 𓎁,
hervorragend,ganz,崭 zhǎn,,,<> schon schön sehr seher
mount,Schanze,山 shān,,Cyrillic: Sha Ш,Sha Ш  =  Phoenician Shin 十  shí   -> 申  shēn ? Sha Ш <> shar:sehr? 
high,hoch,上 shàng,
rise,,升 shēng,,,长 [長] cháng long? ziehen gezogen
ten,zehn 10     1+,什 shén,,十 shí  禅,什么 shénme  幺 [么] yāo = 1
1/10,zehnt,成 chéng,
,Zeh-Nagel,甲 jiǎ,,,钉子 dīngzi  东西 dōngxi Dingsbums
QED,Jana ♀copper,甲 jiǎ = kōpp,甲1st 天干,Ϙ qoph 丁 Ting,艮/辰 chén  morning (star) 早 zǎo 正zheng~Januar
Genie Jana Venus * 2 ,♀𓋹單义,单 Shàn dian dan(a),<>shaman,𓋩𓃶𓃙𓋹单阳山闪,善 shàn schön gut <> goat 羔羊 gāoyáng gute Jana 良 羽亦兩因
ZEN,dhyana = ZEN,禅 chán,,什,
divinate deify prophecy,sanktify saint proficy,占 zhān,δain,丶点diǎn.*典电店,丶zhǔ / dian4 (radical 3)𓆄 𒀭 *dingir  Zeitpunkt Kanon Kodex Strom 
say/ state/ explain,sayn <> 占 zhān saint proficy,申 Shēn,,单 Shàn 占 zhān,单 Shàn diǎn.*典电田 tián 
saint/ holy,sankt 𓋩,圣 shèng,sainkt 𓋩 ,𓋩 ,
ghost/ god,genie god,神 shén,,精 jīng = jin 申單,曾Zēng 岑 Cén 郑 Zhèng
Leben/ Geburt,𓋹,生 shēng,屮 chèng !,,Geschenk all confusius!!
celestial bodies,𒀯 艮,辰 chén  星 xīng ,,2*wu=2*5=10,changing stars  Fünfte Ziffer der Erdzweige
(re)production,genesis 艮  gen ,厂 chǎng 产chǎn,,艮  genesis,
order/ rule,,臣 chén 程 chéng ,,,vs change
success/ perfection,shine/ prosper,成 chéng 1/10 闪 shǎn,
this world / dust,genesis,尘 chén,,井 jǐng = spring,
form,appear (genesis),呈 chéng,,艮  gen  产chǎn,
Körper,,身 shēn,
,Schnitt,身 shēn,,,更 甚 gēng shèn  noch mehr
sane geSund,sankht sanft ,身体 shēntǐ,,𓋴 𓈖𓃀  𓏜    ⚚ ⚕!!,Shaman ⚕!!  MediShen MediZin medicine << medeor = heal @ meteor
shnaka,Schlange,蛇 shé[ng],,⚕𓆓  𓆑,
tongue,Zunge,舌 shé[ng] ,,⚕𓄓,schnacken  [t]Ong
gift ⚕ give,geSchenk!,赠 shé[ng] / zeng,,⚕,schön schenk sank 身 give gabe Körper
scheu = Angst,shy scheuch,慑shè  惧jù 焦急jiāo ,,⚕,coy <> 焦 bird?
house,shed,舍 shè,
organization,^^  house/body,社 shè,
if …,sei …,设 [設] shè,
Oxe,Ochse,麝 [O]shè,
sing song gesang,chant,唱 chàng  ,,🎜🎝🎵🎶,唱 🌣Helsänger! Kantate
shine türkis,sheng + moon,青 qīng,
birds call,whuhoo voice,呜乌 wū,,𓅖𓅓,
take/ bring/ lead,take,带 dài,
belt,tie-syn 𓊃 zone,帶 dài,
Generation ,days 𓊃 Zeitalter,代 dài,δài/ δàit/ δàyn,dian dan Teil/cai/cut,guardian
waiten,zeiten,待 dài,
stay,s’dai,待 dài 呆 dāi,
anziehen,an-zein/ take on,戴 dài,
dumm dämlich,dau/δau/sau daimlich,呆 dāi,,,daimel = Demian
faul…,daiml ~ däumel,怠 dài,
plan land (pan/fen),plan pan plane,爿 pán,,,“Pfanne” zB Salzpfanne salt-pan
,fence,藩 fān,
square,wind-fang Fahne,方 fāng,,,wáng 亡 兦 
wind,fent=vent=phenit,风 fēng,,匹 pǐ π 𒉺 phi + end,風   丰 Fēng family: lush   Segel/Fahne,帆 [帆] fān [NAUT.]
phœnix Phoenix,fhenix fang-bird 𓅂 ,凤 fēng ,鹏péng,,匹 pǐ π 𒉺 phi + han,phantasmen φϑΘθthanx sphinx  fangs~finger~fänger Faun fauna
Fang-Netz,fwang,网 wǎng,
,weak,弱 ruò,,,raw:schwach vs rau/roh!
,splitter -> Spiel spleen?,碎 suì,
Schauspiel Theater:Ju/Diu,jou jeu joy jubel,剧 jù   劇,,,句 jù Satz/Vers  Divine comedy
game,le jeu/ jouer/ joy,局 jú  奏 zòu 游 yóu,,乐 Yuè,back-gammon jammen   比赛  bǐsài <> spai spiel    于 Yú
jeu : game,Giochi [olympic] Sotchi,游戏 yóuxì,,,joy !
je … desto,je … je…,越...越... yuè ... yuè ...,
joy,juchee,愉快 yúkuài,,,Jubiläum 月 yuè baal ? 曰 [曰] yuē yell/yodel@moon Journée Mondfeste
moon,yuen yun lun,月 yuè,,jour(ney)𓇹 𓇺𓎁?,六 月 liùyuè JuLi lemoon 🌕lemon! le’oon lun !!! lalune lilath! almonds 🌛amugdálē
Mondgesicht ,**//  Märe(Traum),梦 mèng,,🌛,Märe chimere měng der Mungo/ mücke  / 
(d)evil dämonish,daimonic,歹 dǎi,🌚,~ dark vs dian ,vs hou.rayn high.rays helle houren
hinterer Teil,hinten,后头  hòutou,, ,
Mann,man,男 nán,,<> MEMNON!,盟 méng Menge Bündnis,,,das Bündnis,,,,,,,
nauth<>laut,noisy/ nerv,闹 [鬧] nào,,-> 牛 niú,
brain,know: Nuss/ Nerv,脑 nǎo,,,鸟niǎowl/ nod/ nacken/ name/ nerv/ narren= 闹 笑话 nào xiàohuà
mind,MIND,念头 niàntou ,💕,💕 <> Menti MEMNON! ,nnêm@Bantu սիրտ 想 think,,心臟 ,心脏 𓄤 𓏤   𓅓𓆞𓄿 ,,,,,,,
think / read,mind << 脑 nǎo/ nu nouma!,念 niàn,,💕 min:nin:2,
,nagen,啮 niè,
,kneif(en),捏 niē,,,凝 níng gerinnen
,nehmen,拿 ná,
,kneifen: nehmen!,镊 niè,
,Knopf,扭 niǔ,,,廿 niàn Zwanzig <> Ochsen Knoten Jahr?
,Knoten / Knopf,纽 niǔ ,,,拧 nǐng wringen
Not/ desaster,“nein!!”,难 [難] nàn,,,[catch bird;]
scratch/hinder,nail,挠 [撓] náo,-
lustig/ ne?,ne,呢 ne,
bird,vs miao,鸟 [鳥] niǎo ,,,鸟类 niǎolèi lärche larch lar™
nun/ niña/ lady,nun nin,女 nǚ,,奴 nú = slave 𒉡,𒊩MUNUS woman mumu whomb 月
hinein,hnei,内 [內] nèi,
no(ne) ¬,mo @ greek ¬,莫 mò,,沒 méi,
nay-is nix-is,meiden/ mo @ greek,沒 méi,𓅓𓁹!!,莫 mò = no ¬,
blitzen vs thun.der,shine,闪 [閃] shǎn, , ,
das Schöne / Gute,schön,善 shàn,
Zank,,争 爭 zhēng,
Krieg,Zank/ ver-schanzen,战争 zhànzhēng,,山 shān scansodefense,
Utensil,use util yot 𐤉𓂧,具 jù,,架jià Zew. für Geräte,das Amt 局] jú
[have]!!,ia/yo/ya 𐤉𓂧,具 有 拥 jù/yǒu/yōng,
lieb lines,[stand-strong] IN lìebe libido,里 力 lì 立 lì 厉  丽 lìeb,,<> lines,
Satz,junction?,句 jù,,bāo 包,
food…,fam famine …,饭 [飯] fàn ,
Fahne,,幡 fān,,方 fāng,
Segel sail du vent,Wind-Fahne/ Wind-Fang,帆 fān,,𓊡 网 ,四 sigl Segel
wind,Wind-Fang fent=vent=wind ,风 [風] fēng 凤,,𓊡 网 ,斤 jīn pfund | 巾 jīn wind? 四 sigl Segel  𓊖 ƒir vier Windrichtungen!
vier!,西xir ƒir syr <> kyr  𓊖,四 si ƒir,,𓌨 !!!,<> unter <> sick/dead! 𓐍 
四 方 cardinal directions,Wind-Richtung,方 fāng,,幡 fān fahne,࿕ MAN 卐 ࿖ WÀN 卍  方言=Dialekt
囗kou quader square,umfang fang-eck 𓊡,方 fāng 匚,,冂凵匹phi π pǐ𒉺 匚,房 fáng=haus 
net (catch),fang fangs=greif-krallen,网 wǎng,,𓅂 凤 fēng = phoenix,方网匚 ->  弗 fú! 罔wǎng! (nicht!) 亡 wáng untergang/ death   望 [望] wàng:blick-fang
resist/ release,¬fangen,放 fàng,,,芳 fāng release fragrant Reliquien
all diu jed-,pan,凡 fán,,舟zhōu boat,WÀN 卍 王 Wáng WAN VAN BAN MAN 卐 Männer BUND 
die Myriade,pent 𓂭 5th order,万 wàn,phwuan 5,戊 wù 王wuáng 五wǔ伍 ,万 米 wàn mǐ  das Myriameter <> phantastillion
unbesonnen ,wankelnd,妄 wàng,,网 wǎng,亡 wáng untergang/ doom/dumm->tomb/death   -tum? Tun/time
not!,wenig / wrong!,罔 wǎng!,
walken,wanken,往 wǎng,
in vain,,枉 wǎng,,网 wǎng,
an-ballern anprallen,peng/bang,碰] pèng,
Päng! boom bums,peng bam!,砰] Pēng 叭] Bā ,
treffen ,,碰] pèng,
Freund,phrengd,朋 péng,
too/ much/ more,duo:2 two -> too,多 duō,
dure Dauer,duoro,多 duō,
bei/in/auf,®,于 yú,,,<> von
drag trecken ,tow Tau täuen ziehen,拖 tuō,𓍿𓍼τau 他,驮 [馱] tuó,拓 tuò trees  驼 [駝] tuó camel  鸵 [鴕] tuó ostrich Strauß Stuóß~Stelz
support / hold,tow too?,托 tuō,,脱 [脫] tuō,Zahn ziehen 牙齒 yáchǐ tow tooth -> tongue 唾 tuò Spucke
Ton-erde red tone,tan/ taint tin zinnoberrot,丹 dān,tain+,凡 fán  phthan,丹 dān,<> δan chéng=orange   wüs.ten ?   Rote erode Erde erotisch errötend raten?
Kanne,Ton-Krug,坛 [罈] tán,
Strand/ Lachen …,Ton-Sand Schwemmland,滩 [灘] tān ,
Kolk/ Sputum,Ton~~~,潭] tán 痰] tán,
flat things !,plan ®,坦 tǎn,,vs tai dan : dawn,tongue 
teppich,tapet,毯] tǎn,tanpet,hontep,
hotep = Opfer-Altar !?!,tapet,坛 [壇] tán ,
Afghanis-tan,-tan Klan,坛 [...壇] ...tán,
,Ton-Erde Terra,土 tǔ,,Schuh,—
Bild,ton töne Tusche/ Tücher,图 [圖] tú,,𓍿𓇋𓏏𓂇 ,tsa`tsua`   sculpture: image portrait trahō (“drag”)
tleine Träne,leid,泪 lèi,
toe tot tue die Zeh,[ to ~ ende ],tou 头太 底 ...dǐ  ,δoι,Titan   末mò δι 死sǐ,休止 xiūzhǐ ,最后 zuìhòu
toe~end,[ to ~ ende ],端 duānd=end ,,hand 末mò manus,Dach?
tail/ Fisch Flossen,wag the wale tail phwød,尾 wěi ,
magic,Magie,魔术 móshù ,,,kashaph
Methode,Schule! meshud,术 shù 手 shǒu,,,坐 zuò sit Stuhl 座 school 走zǒu = go <> scholar
kunst Gunst gig,stil,术 [術] shù 手 shǒu,g̃hu
,Handschuh,手套 shǒutào,,鞋 xié 履 lǚ leder,xué學 school
school (),hand/school of doing,手段 shǒuduàn,
method,how-to-DO,道 dào 着 zhāo 术 shù 手 shǒu,δo!,ma.zho,wúyóu=no-method
tun/ machen,DO,作 zuō  做 zuò,δo!,左 zuǒ      links,do-meals…  下 xià 干 gàn 行 xíng  昨 zuó done/east?  ,为 [為] wéi = make
friend,“Hand” = frHand,友 you,手shyond
hand <> shoulders,Hand,又 han   手 shǒu ,手shyond,hand,坐 zuò sit Stuhl 座 school 走zǒu = go <> scholar ≠ 出 chu! shoots
Geschick,ge’shùck,术 shù,手shyond
Kopf <> shoulders,Schopf,首 shǒu,,友 you 右  rechts,肩 [肩] jiān=Schulter  vs hand
Fuß,<> Schuh,足 zú ,术 shù,趾zhǐ=Zeh 走zǒu=go ,瓣 bàn = paar
sudden zeitpunkt,乍zhà 点diǎn,乍 zhà,,<> happen 𓆣?,
Ereignis,时shí 点diǎn,事件 shìjiàn,,? 万一wànyī!,yes/ forgotten ethymology: 事情] shìqíng
time/ zeitpunkt,den n-ten -tern -turn stern -tum ,点diǎn,,<> 天 tiān day,
time-hour,zeit-uhr,时候 shíhou(r),,schicht,
,Anmut ,美 měi(t), 
meter,Meter Maß ‘µiter’,米 mǐ,,木 mù 亩 mǔ ,𒀯𒀭米 Mithra God (*nTr)??  万 米 [萬 米] wàn mǐ das Myriameter
[unit area],µ mü Maß <> mikro / makro,亩 mǔ ,,米 [米] mǐ 木 mù,
many?,Zew. für Münzen,枚 méi ,
,das Medium ,媒 méi,
Mitte middle,Messung/ centrum,中 ;),,zhong! vermessen ;),尺寸] chǐcùn  大小] dàxiǎo=+-
Längenmaß,,里 lǐ,,,里 lǐ in …/ in drin/ innen
measure make-sure,längenmessen,量 liàng ,,度 dù,
Logik,geistiges Längenmaß,理 lǐ, , ,
durchmachen erleben ,live-through …,历 lì ,
left,leave,离 lí,,<> fern=links??,
Leibes-Stärke,live! life!,力 lì,,lit/ light 立,立 lì Standkraft <> lid/ lit/ light 丽 lì likeable
,,MU=COVER,
,Zelt Vorhang Akt,墓 mù,
Moratorium mausoleum Grabstätte  ,√mur! ,墓 mù,
muerto mort Mord,moribund,末日 mòrì,
mold/ must,der Moder/ Most,霉 méi, , ,,,,<> schnee?,,,,,,,
,die Mutter,母 mǔ ,
pro/ per/ je,𓅓母mǔ ,每 měi,
,Mysterium,谜 mí,
Misch,mix/brei,糜 mí,
corn,Mais <> Mehl,米 mí,
Fan/ Vernarrter,Mitgänger,迷 mí ,,眯 mī anblinzeln,
Auge -> Ordnung,mouigen = Augen,眸 móu ,目muk
möchten -> wollen,mougen = mögen,牟 móu 谋 móu,,,<> moi je veux voir œil yeux joy schön
honey,miel & honey,蜜 mì,
,?,卯 mǎo,,,Vierte Ziffer der Erdzweige        <> 卵 luǎn ei
Deich,dike,堤 dī,
center,ziel,的 dì,
höchster Gott,di teis deus dieu,帝 dì [宗],, ,,,-> 帝 Dei->”emperor” after rationalization!  黃帝,,,,,,,,
Reihe,line up,列 liè,
Schatz! Baby!,baby!,宝贝 Bǎobèi,, ,
schätz-maß,duo-shao +- da-schau多少,度 [度] duó,
the more,umso mehr wie,弥 mi,,-,
town ++,,屯 tún,𓊖𓊖=twin,naturen屮chè 出chū,
green; young,young,青 qīng/ ceng,,,夭 yāo  die young / üppig  ~ schön
young kit / seedling,young,秧 joeng/ yang,
jung,jeun young,少 shào.n  幼 jaun/ yòu.n,genu,青年 qīngnián 小xiǎo,出  chūn -> chien = “Junge” / schön!
young lady,,媛 yuan,
Rand,,刃 rèn,
grass/ Holz/Zeit/…,cut/ Teil,采 cǎi  才 cái 裁 cái,,弋->时代 shídài,<> 时代 shídài 岁suì 宙 zhòu Zeit / Schicht @ quarry 矿kuàng / 面 miàn
sammeln 搜 sōu(mmel),cut/ collect(ƒ;) con corn,采 cǎi 湊 còu 汇 huì,
,Zeit <> days,时代 shídài 岁suì 宙 zhòu,,,sunrise 日子 rìzi  候hour 光阴guāngyīn
tree,yew/ juniper/ Jujube,树shù/ 株 zhū,,,𓆭 junIPER->conifer fir <> arbra <> hebrew 
Sand,,沙 sha.,
Danke,,多谢 douxie,,,buxie bitte
,Zwerg,侏儒 zhūrú[g],,,dwarf=duairg=cheirg = 𓂧𓄿𓎼𓀀 !!!
fat,fett,肥 féi de,,,肥大 féidà
Kinder+Eltern …,kin,亲 [親] qīn,die Blutsverwandten Pl.,,𓌢𓈖
keen ~ eager,kühn,勤 [勤] qín, , ,fleißig ,,𓈎𓈖𓀜!,,,,,,,,
or,ou = oder,或 huò,,𓂋𓏤𓊪𓅱 rou,
fear,phea,怕 pà,
fear,h’angst,惶 huáng[x],
fuck,co.pulate: couple,肏cào 靠kào 操cào,,早 zǎo,𓈖  O4 𓉔  Q3 𓊪  D53  𓂺 mnhou <> mourn / morning = jou’r  早 zǎo
gülden?—,Zinn ⻐Tin  zink = 鋅 xīn 辛 Xīn,金 jīn ⻐,,$ 资 zī 钱 qián coin ,shin’gold 金 gHau=AU @ JP    gHau+Lead   辛 Xīn=8.Ziffer  芯xin:kern
weiß/ klar,beige~berg-color vaise=weiß,白色 báisè,,<> nord 北 běi,<> alban~Alpen   vs 悲 bēi trüb
bright vhaite,bhai,白 bái,,buy : umsonst?,bvoir buoir bwasser  vs mnaur    
weit? ^^,100,百 bǎi,,,<> Berg vs 卑 bēi (er)niedrig   山shān 三 sān 十shí 
,(zu) bereitet,备 bèi  焙 bèi ,
via/ way/ weg,ab*,被 bèi,
thing,zion/ -tion(g),事 shì ,东西xi,,<> 东dong:Ding
,Schirm,伞 [傘] sǎn,
die Frau ,fru fuman woman femmale,妇 [婦] fù,
cow-count,Zew. für Tiere,口 kǒu,,,𓈞𓈟 cunt/cow.tl 𓄰 𓍕
,Gesang,赞歌 zàngē ,,,赞=Lob  歌gē=GeSang
tongs = plier/pincer,Zange,钳 qián ,
,WeichenZunge wtf,尖轨 jiān,,,舌尖 上 shéjiān shàng = auf der Zunge  Adv.
,schön ,俊 jùn,,,kind 𓃛𓄣  generous vs 慍 yùn misgruntled
,Herrscher … (?),君 jūn,,𓃛chien~gen,军 [軍] jūn Armee
,shining,爽 [爽] shuǎng,
flat = even,𓃛Yvn : even / yun +++,勻 yún,云 cloud,𓃛,晕 Flaute flat cloude floor  ground E9 𓃛 𓏏  𓈖 𓈅 𓏤 flood   𓃛  𓅱  𓎛  𓈗 
schwanger ,naissi !!,孕 yùn, , ,,,𓃛𓂋𓁒 !!,svänger 𓋴𓃛𓏲𓇋𓂺 ƒ,,,,,,,
shag,Schenke,舍 shè[ng],,𓃛 𓅱 𓈖 𓇱 ,janitor  sanctuary
shank : prison,freiheit [schenken],赦 shè,
tiltet / bent = evil,schief,??,,,拐弯 guǎiwān schief  
if … assuming …,sei,设 [設] shè   shi  ,
,die Ge.sell.schaft ?? ,社 [社] shè, , ,
,Dio.nys <> snake rebirth,,genaissis,𓃛,
breast,poitrine petto pecho buste,脯 pú / 胸部 xiōngbù ,,pupul@Ugarit,
femmina ,frau + nina,妇女 fùnǚ  ,,,,夫 fū=Frau vs Gatte
table,ta.ble/ pod.taist/ Tisch,台 tái,
(Ramm)Bock,der Bär,巴 Bā,,,bat -> put pull
bar (händle),Bar,巴 Bā,
der Tyrann ,basileus 𓂓 kan,霸 bà,,,rain+leather+moon!?!
bann’ Deich,Bau,坝 [壩] bà,
band,Band,把 bǎ  笆 ba,,本 běn,卜 bǔ ,<> bind … Bund …
,Papa,爸爸 baba,
hope,hopa [old English],巴 bā,
,dünn —,緊 jǐn,
tight,tie,貼 tiē,
white,bveiss ;),白色 bái.sè,,ph𓊪艾Ài,
Luke/ leucht/ light,Libanon/ Levkos/ Leuko/,λy白báin,,Levant,
Geban = Byblos,gebail,ye白báil,
[surprised],VS já?,讶 yà,,I+A i+zAhn,isza?
,gehen ƒ,格 gé,
,think,想 xiǎng,,,sīwéi 思维 = thought
who,wer,何人 [w]hérén,
wieso,why, hä,何 [w]hé 
,wo.denn / where to,何 地  [w]hé dì,
,woher <<,从 何 cóng hé ,
von,*come,从  cong,
Funktion,function,方法 fāngfǎ  法子 fǎzi,*方子fāngzi
,jump,跳 tjào[mp],
,Rattane/ Pedding(rohr),藤 téng,
green,glün,绿 [綠] lǜ,
Harpy [Myth.],Harpyie!,哈比鹰 hābǐyīng !,,𓅃 Hor.bird Habicht,
kaufen,κτάομαι,采买 cǎimǎi,
,kauf,购 [購] gòu,
,kauf,沽 [沽] gū ,
,kauf, 购物 [購物] gòuwù ,
,nurse,女 护士  nǚhùshì,
breast <> native!,nurture/ yanaq/ nuckel!,奶子 nǎizi,,ňadra@CES,𓏠  𓈖𓂧𓂒 gymnaδi ?
Gurgel 河 𒄘虎,Hals Gurgel Kehl,喉 hóu 吭 háng ,虎 Hǔ 河 Hé,𒈦𒄘𒃼 Tiguar Tigris,喉咙 hóulóng
Cat 猫 māo ,Gurgler’ Tigra,虎 Hǔ/ Tora!!,,喉 hóu 吭 háng ,虎门 Hǔmén  2 yellow lions Huáng 黄河 Hu: 𒄘    河 GU𒄘 river ~ Gurgel
,Schlange!,龙 Lóng,,蛇 shé[ng],
Phoenix -> Huhn,Fang  𓅂 ,凤 Fèng,
*@AKKAD,Shirkhan,狮 shī ,,虎 Hǔ,
,,MA/SHI,
magic: number cipher,Ma.thematik: Ziffer,码 mǎ,石 Shí,,<> 魔术 móshù = magic
,Zahl/ Ziffer,数 shù,,术shù kunst,shù Strang?  shou:hand <> digits
,zeigen/ show,示 [示] shì,,指 zhǐge finger,
think,think,思 sī,
[knowst],je sais/ scio/ shi’r/ shu’ur/ shai‘,识 shí* 知zhī,,码 mǎ /,石 Shí,science saint/ igno : n-k-r unknown -> …  vs ma ‘-l-m
study (n+v),thought/ school,学 xué,
Zeichen,signs Ziffern,字 zì,
taub [med.],mal,麻 má,,dumb <> dark,
to clean,mob,抹 mā,,mal:dirt !,骂 mà Fluch <> ma:Fleck~black
,,maha mega … ?,
,???,公 gōng 空 kōng sky 孔 kǒng leer cave space  ,
,channel / heau 💧,河 hé / ho,*shuenaur,巛 shuan 川 巜chuān,河 hé = ho heau 💧!  洪 Hóng Flut <> 湖 hú See
ni high,hoch huge(ly)  ,浩 hào 好 hǎo ,,,豪 háo outstanding 毫 Haar!  <> HÜnen HUmen Hun
vast/ big,huge,洪 hóng,
fat <~ vast,huge/ heavy,厚 hòu,
stattlich,hoch,宏 hóng,
dumm,”Hans”,憨 hān ,
Thin hair-> milli- !,Haar!,毫 háo ,,,毫 háo <> 毛 Máo 翰 hàn Schreibfeder <> Hahn/Schwan
summen,hum,哼 hēng ,
,Hals,吭 háng ,
,Hals/ Kehle,喉咙 hóulóng,,,<> LONG ←→ ~ schlange
,howl/ heulen,吼 hǒu 号 嗥 háo 嚎 háo ,,喉 hóu = Hals!,-> 哗 [譁] huá Krach 
howl/ ruf->name,howl ´ -> `,号 hào,,,喊 hǎn anrufen
exhale/ call,howl ~ ruf(en)  hale~yell~call,呼 hū,
Tiger,~Hyene,虎 hǔ ,,呼 + 惶,<> cat/ hyene  <> 唬 hǔ einschüchtern  胡 hú nachlässig huh?
,fox/ swan!,hú,,🔴,
,*Angst,惶 huáng,,🔴,
,Heuschreck!,蝗 huáng,
,,,QED Deep!
,guard,护 hù,,,<> 忽 hū plötzlich Huch! <> bluff 虎 hǔ …
,HausHalt,户 [戶] hù,,,2) door
,über / un-,出乎 chūhū 超乎 chāohū,
,who how … huh?,乎 hū ?,
öde/ hektisch/ wüst/ brach,Hunger,荒 huāng,,喉 hóu,<> 酣 hān … can: bechern(drink)
,~use up,耗 hào,
Kinn,chin,頷 hàn ,
halten …,,含 hán,
branch:x-line/Reihe:Firma,¬häng :(,行 háng,horizontal—,<> Gang 涵 hán ,衡héng waage  ¬ 横 héng quer 桁 héng (roof beam) <> 户  
Nukleus ,Kern,核 hé,
standing grain,Kern/ Korn/ Hirse/ Halm,禾 hé ,,颗 kē(rn),<> 河 héau 💧  <> 瞄準 miáozhǔn aufs Korn nehmen   - zielen 
Calla / Lotus,𓆼 #kha challa / 𓊃𓈙𓈖 ,荷 hé ,𓆼,蓮 lián ,<> 
constant,hang in,恒 [恆] héng,
honest -> stupid ! ;),honest -> dummer Hans/Huhn,憨 hān ,,,恳切kěnqiè 诚chéng 正zhèng  拳quán  光明guāngmíng  公平gōngpíng
Dürre ,*chamn = heat,旱 hàn,🔴,,VS 寒 hán Kälte !!!
[Bogen],Arcus,弧 hú ,,虹 hóng  弓gōng ,
RED <> Hahn 🐓,*chamn = heat ~orange hue,红 hóng,🔴,虹 hóng  弓gōng ,汉 [漢] Hàn ≠ चीन cīna ≠韩 hán südkoreanisch 丹 dān
yellow,o’chéng~orange hue,黄 huáng,,,hua=hue! 煌 huáng glänzend  淡 黄 dàn huáng:beige   huáng jiècài =senf
 Kaiser,King,皇 huáng,黃帝 ,王 Kwang 主 azhǔr, 凰 huáng Phönix <> wang feng 龙 lóng = kaiserlich <> CANdelier?
 ,~wrong,谎 huǎng,,,黄 [黃] Huáng=Hwang Wong 
 Vorhang,*Hang,幌] huǎng ,
,wanken/ schwingen,晃 [晃] huàng,,heng=hängen!,
wie,ham/ comme,恍] huǎng ,
*Fahrt/ Verkehr,<>Hangar,航 háng ,,,<> 舶 bóat / 舟zhōu
,Hormon ;),荷尔蒙 héěrméng,
,Mütze,帽 mào ,,,<> 毛 máo mwhool  mhaar
,pull,拔 bá,
(be)hind,hoünd,后 [後] hòu,
,…hu/ huh/ he/ ne?,乎 hū,
wenn …,… wenn,话  ... de huà(n),
word,[howl/ruf/call/heißen],话 [話] huà ,,,<> huol 号 hào name
,1)goo 2)burned[heat],糊 hú,
brei,goo,粥] zhōu ,
pot,kup cup,壶 [壺] hú,
,whole,hulun!,好 hǎo
,CHAnge! WAndel,化 huà(n),*hwan.de/ge,,<> change 更动 gēng  转 zhuǎn !    变 biàn ?
color/flower,HUE,花 Huā,,,-> 画 [畫] huà KUnst paint(ing) 划 [劃] huà Strich 
magnificent hue,huge,华 Huá,whoa!,,wow
spotted ,checkered?,花 huā,—,,dappled mottled speckled
,~han chinese,华 [華] Huá ,
row/ rudern,ru’a,划 huá,
raffiniert ,ra’finiert,猾 huá,,,<> huch
cut,chuat,划 huá,
,change,改 gǎi ,,化 huà(n),
,change,更 gèng ,,化 huà(n),
time/ season,hour!,候 hòu®,
turn,churn / change / zwandel,转 zhuǎn !,,化 huà(n),<> wind wender wunder Winter 
cycle/ week,churn! journ,周 [週] zhōu(r),,,周 Zhōu dynasty 主 zhǔ zhoun <> 王 wan  <> 更 gèng Gang der Zeit
daytime,jour,昼 [晝] zhòu(r),
,Zauber(n),咒 zhòu(ber),,!!,侜 zhōu
,sauber / broom!,帚 zhǒu(ber),,!!,
,Gau!,州 [州] zhōu  ,,国 Guó,
,falten??,皱 [皺] zhòu,,,<> wind wender wunder Winter
,sudden,骤 zhòu,
,senden  ,遣 [遣] qiǎn [form.],
 ,,,
hochheben,“ziehen”,骞 [騫] qiān,
,ziehen,牵 [牽] qiān,,,迁 qiān umziehen 
das Los,Ziehen’ :),签 [籤] qiān,,,铅 qiān = Blei-ziehen/gießen
einlegen …,ziehen,嵌 [嵌] qiàn,
,$Ian Zink,钱 qián ,,,铅 qiān = Blei  乾] qián 1/8 Trigrams
,$1000.00,千 qiān,
,schulden,欠 qiàn ,
yawn,gähn ,欠 qiàn,
chain à chien ,chain a dog,牵 狗 qiān gǒu ,,, 高飞 狗  Gāofēi Gǒu Goofy   
,ziehen,牵  qiān ,
,Schüssel/ pan/ pen,食盆 shípén ,
Gattin,νύμφη Nymphe Ninfoo;),*女妇 nǚnfù,,,仙女 [仙女] xiānnǚ
,beten pray,拜  bài,
ja je auch,ja,也 yě,jar(pot)
ta/ they/ she/ he/ it ja,tja,他 tā,
,𓈞 ~ quell / gate,kǒu口,!
oder,OR,或 huòr,,,<> wuoar : war
YOU!,Er = thou  nǐn 你,ěr 尔 = though ěr爾,
 ,chaud : hot : head / schief chief,shǒu首,
time/ season,cai+t : Zeit / sea?+sun : season,shí時,
 thousand,zehn leben = 10*100= 1000,qiān千,
money,pay @ bay,bèi 貝,[shellfish],,Cowries weiß?  byutt byuen wén文 <> fish
zweyi,乙~2 ي Y,yǐ 乙,
,jia : house,jīng京,
"1. once, only, then 2. undertake","just, journ",jiù就,
want/ desire,ywaont,yào要,
embryo etc,seed,巳 sì,,,才 Cai [tsai]  艹采 cǎo 子 zi 卉  PSI! << phthi
,it,zhī之,
ja,dja da!,duì對,
[question particles],ma / ja ?,么 me  幺 [么] yāo = 1,
breathe / hickup,hat’qi,qiǎo丂,,气 [氣] qì,
,zhou qi le = es zieht,气 [氣] qì,
schleich (slow walk),slow,suī夊,
,heir,後 hòu®,,𓎛 !!!,
little / few <- paw,paw : peut ‘ein paar’,xiǎo小,
夕 7 sieben,SI: Sichel,xī夕 厶 si,,,尸 shi = corpse    R8 𓊹  shi.piter?
and,*hang,ér而,
city,*BAU! *Burg! Oblast;),yì邑,
,she beast,豸zhì  ,
,Sau/ schwein,豸zhì  猪zhū 豕shǐ ,
agua ashuia,suamp <> si=4 chad see …,shuǐ水,☵,,氵shui <> schnee
,ma = no <> nass mainus?,mò沒,
,??,jīn今,<>
then,fthen,fāng方,,,<> qvang? <> qvart square
,mängeln bemäkeln,埋怨 [埋怨] mányuàn,
die Schmähung,Mahnmal,谩骂 [謾罵] mànmà,
,go <> jumb,zǒu 走,
,rise/ raise/ zieh <> go,qǐ起,
,run home,huán hái 還,heyem,𓌵  𓌶 眉méi,
,RE(turn) home,回 huí ,churn
hit,shoot,shū殳,
bow,BowGong Bogen,gōng弓,
,Fahne,幡 [幡] fān,,方 fāng,
das Segel,Fahne,帆 [帆] fān [NAUT.],,风 fēng vent wind,
Haar,Faden/ fHaar,发 [髮] fà,,,fahar <> 糸 silk
#Handlungen,fairn,番] fān ,
das Floß,Fahr,筏 [筏] fá [NAUT.],
law,fatum/ votum/ fascie/ FATE,[法] fǎ [JURA],
punish,fanish?,罚 [罰] fá [JURA],,,falsch/ 犯 fàn Verbrechen! FanBruch
,#Patronen,发 [發] fā ,
,Familie!,阀 [閥] fá ,
,Fach/ Ventil +,阀 [閥] fá,
gehen,fahren,赴] fù,
,fahren,发 [發] fā,,,𓎁 que->qù 去 zieh 走 zǒu ts`adah tsa`ah 行 xíng
,wenden ,翻 fān ,,盘 pán,-> übersetzen 
zurück-fahren,wenden ,返 [返] fǎn,++,翻 fān ,zurück = 返 fǎn 
,fällen,伐 [伐] fá,
,das Farad,法拉 [法拉] fǎlā [Abk.: 法 [法] fǎ] [METR.],
,der Fan,粉丝 [粉絲] fěnsī [ugs.],,,烦 [煩] fán  Scherereien <> hooligans
,Mitgänger,迷 [迷] mí [SPORT],
das Essen,pan,饭 [飯] fàn [KULIN.],,盘 pán pan Pfanne,
das Mal,pan,番 [番] fān  zew.,,,翻 fān wenden 
das Vanadium,,钒 [釩] fán [CHEM.],
Gold,~sun/ zinn/ tin ?!?,金 jīn ☉ ,,shine …,斤 jīn = AXE / Pfund 1/2kg 丹 [丹] dān tan taint tin zinnoberrot 
angeberisch ,zurückhaltend WTF,矜 jīn,
that / by / office,zu/ se/ ce/ sûr/ syr,suǒ 所,zur+++
stre-ben …,*ban (fairn:do) being!,办 [辦] bàn,,分 fèn = Teiln,ban @ Akkad! <> fahrn tun
like … ?,route à,如 rú ,,??,
front first ,???,qián前,
anti/ un-/ im Gegenteil,fANTI! wend!  falsch,反 fǎn ,,,<> 半 bàn  班 bān
,faint/ fake/ fehl’/ falsch,非 [非] fēi,,,faint -> irrelevant
a’bun’dant,1/faint ~ pan/ viel,丰 fēng,pan,,<> 封 feng
fine!,fein,丰 fēng,
defame,pheme,诽 [誹] fěi,,,(blas)pheme [wort] ~ phon/ fame
,fett,肥 [肥] féi,,,肥 féi de
,weit,肥] féi ,
duftend / dürftig!,faint,菲 [菲] fěi ,,<> fan!,菲 fěi (faint smell) <> 斐 [斐] fěi fine fein
stilvoll,fine,斐 [斐] fěi,,丰 fēng,
,Wade / Ferse,腓] féi ,
dark red,firey,绯 [緋] fēi,,,fire -> fear/ fury
,Jade/ Jude/ Jew/ gem,yù玉,,,<> 非 fēike
,child,孩 hái,,,亥 hài 12th Erdzweige
,sea!,海 hǎi ,shai/ thai,水 shuǐ,舟zhōu : haigh sea ship      湿 shī wet   舟<> *maur: mar/ 母 mu!
,der Beißer/ der weiße shark!,大 白鲨 dà báishā,
,shark,鲨 shā,
wet,??,淋漓 línlí 流体 liútǐ,,,落汤鸡 [落湯雞] luòtāngjī nass wie ein Suppenhuhn
bad,horrible,坏 huài (ba),,[weak—],<>  kaputt/ Räuber/ übel! pfuibäh
blood,خون (xun) xanth- dimu@Akk.,,,,xanth- yellow vs orange vs RED  hong vs huang
,Pfui!,呸 [呸] Pēi,
pair/ marry/ accompany,pair,配 [配] pèi 陪 péi,
repair,pay,赔 [賠] péi,
plenty,viel/ poly,沛 [沛] pèi,
der Ballon  ,<> *circle,气球 qìqiú,*qyrqyl kvrkvr
,Dialog,对话 duìhuà,
cold,chill/ kyro,淒 qī ,
EIS/ ICE,beiß buz@turk vs galacio,bing 北 běi'an bei’as,,,ghiaccio galacio glacée glacier glace lac лед led jalid++ 凉 涼 liáng   الثلج     ج ل ث ل اal phthandzι
,30,卅 [卅] sà,,, ,3 仨sā
,sausen  ,飒 [颯] sà ,𓍿,,sough
let lose,𓍿,撒 [撒] sā,,,saat/start!
seed/throw/streu/send,saat!,撒 [撒] sǎ,,,洒 [灑] sǎ gießa
game,,, ,赛 [賽] sài,,,ziel?,,,,,,,,
,ZU!,塞 [塞] sài,
keil/cone/squeeze,,塞 [塞] sài,
Kieme,--,, ,鳃 [鰓] sāi,
cheek,,腮 [腮] sāi[k],
rain/sun-shade,Schirm,伞 [傘] sǎn,,扇 shàn,
, ,,3,三 [叁] sān,
send lose,,散 [散] sàn,𓍿!
voice,🎜,,嗓 [嗓] sǎng
hals,?,嗓 [嗓] sǎng,
Trauer,song!,丧 [喪] sāng,,颂 sòng/ 唱 chàng!,嗓
, ,Stirn,,颡 [顙] sǎng ,
saubern,,扫 [掃] sǎo,
scratch,𓃟,搔 [搔] sāo/缫 [繅] sāo/,, ,瘙 [瘙] sào
raudi/riot,𓃟!!,骚 [騷] sāo ,
shame,𓃟,臊 [臊] sào,
shy++,𓃟?,臊 [臊] sào,
sour smell,𓃟,臊 [臊] sào,
?,?,骚 [騷] sāo,
Hammelgeruch,wth,膻 [膻] shān,, ,
 ,, ,,Zitter,瑟 [瑟] sè
 ,, ,, ,Cäsium ,,铯 [銫] sè [CHEM.], , ,,,,,,
,?,啬 [嗇] sè,
herb,saur--,涩 [澀] sè ,,沙shā?,
,sand,沙/砂  shā,,,Sahara?
sandy-voice,,, ,嗄 [嗄] shà,
sky-scraper,,厦 [廈] shà,,升,
moment,Zeit,霎 [霎] shà,
,shark,鲨 [鯊] shā,,杀害 shāhài=kill,
kill!,assassa,杀 [殺] shā,,*shai 死 sǐ cease cede,
stop/check/𓋴halt,,刹 [剎] shā,
,scharecklick,煞 [煞] shà,
Garn,丝🐑,,, ,纱 [紗] shā
suck,saugen🐑𓃟, 歃 [歃] shà ,
,schandeln🐑𓃟,刹,,,刹​风景 [剎​風景] shā fēngjǐng 
dumb,schafisch🐑,傻 [傻] shǎ,
what?,shui/shenme/quoi🐑?, ,啥 [啥] sha
sieve,sieben,筛 [篩] shāi,
Shine 🌣,🌣 shine,晒 [晒] shài ,🌣, ,,,,1/shade,,,,,,,
color,🌣 shine shade++ ,色 [色] shǎi 色  sè ,🌣,色 shǎin 彩cǎi 生sein?,ranGe?
sparkle,🌣 shine,闪 [閃] shǎn,🌣,, 闪电 shǎn-diàn thunder&🗲  𓋹&𓋹  电 点diǎn
shun = avoid 🌣 ,shun!,闪 [閃] shǎn,🌣,🌣 伞 sǎn 苫 shàn,shun=duck 𓅬 𓅭 惶 huáng angst
fan,sun-shade,扇 [扇] shàn,🌣,伞 sǎn,
,Schanze (saint),山 [山] shān ,𓈉 ,🌣 山 ∑ Zahn 三 sān ,Senke 山沟 shuǐgōu  进口 jìnkǒu Kuhle Gully gorge 谷 gǔ 沟gōu    深谷  shēngǔ  Senke 峡谷 xiágǔ 
Saint goat,Ziege αἴγει,山羊 shānyáng,𓃶𓃙 ,𓋹 𓋩 chain,
,Senke,山沟 shuǐgōu,
,Senke,深谷  shēngǔ,
,Senke,进口 jìnkǒu ,
,Senke,峡谷 xiágǔ ,
(climb)up,山/?,上 [上] shàng,
reward,schenk,赏 [賞] shǎng,,尚,
enjoy,schenk,赏 [賞] shǎng,
Shine / hoch-schätzen,🌣 上 ,尚 [尚] shàng,
change,change,嬗 [嬗] shàn,,,骟 删 shān 
exchange/deal,change,尚 [尚] Shàng,,赏,merChand
entropy,change,熵 [熵] shāng,
still/noch,schon/no-change,尚 [尚] shàng,
ohrfeigen,schänden,扇​耳光 shān ěrguāng,,,'schallernd' 声 shēng
Schaden:wound...,schänden,伤 [傷] shāng, 
shame/mock,schand,讪 [訕] shàn,
ashamed,Shun shy,讪 [訕] shàn 臊 sào,
dress,^^shame,衣裳 [衣裳] yīshang,,𓋹,
cover/mat,SHUN™,苫 [苫] shàn,,伞 sǎn,
,Schüchtern,羞涩 xiūsè 羞怯 xiūqiè,,,面嫩 miànnèn meiden
,Schüchtern,怯声 怯气 qièshēng-qièqì ,,,怕生 pàshēng passiv , ne pas 𓆓𓄓 舌 shé[ng]  (not speaking)
tongue,Zunge,舌 shé[ng] ,,⚕𓄓,schnacken@nacken  [t]Ong 𓆓s'langue
shnaka,Schlange,蛇 shé[ng],,⚕𓆓𓆑, 蛇 shé Cer:Kur 社 Erdgott
gift ⚕ give,geSchenk!,赠 shé[ng] / zeng,,⚕,schön schenk sank 身 give gabe Körper
sane geSund,sankht sanft ,身体 shēntǐ,,𓋴 𓈖𓃀  𓏜    ⚚ ⚕!!,Shaman ⚕!!  MediShen MediZin medicine << medeor = heal @ meteor
Körper,,身 shēn,
,Schnitt,身 shēn,,,更 甚 gēng shèn  noch mehr
house,shed,舍 [舍] shè,
society/club...,^^ house/body,社 shè,,,会 huì / 团体 tuántǐ
stand,-,设 [設] shè,
shoot/shed,schieß/stoß,射 [射] shè,
shoot(foto),,, ,摄 [攝] shè ,
,set(up)/gen-,设 [設] shè,
remit?,?,涉 [涉] shè,,,shank=schacht
Oxe,Ochse,麝 [O]shè,
shy,scheuch,慑 [懾] shè, 惧jù 焦急jiāo ,,⚕,coy <> 焦 bird?
si…/if …,sei …,设 [設] shè,
 ,schön,,奢 [奢] shē 
 lux,schenk,,奢 [奢] shē 
,Tanne,杉 [杉] shān ,
Spitze,,梢 [梢] shāo,,杉,
,Schaufel++,, ,勺 [勺] sháo,,,勺sháo Schöpflöffel,,,,,,,,
burn,char/zünd,烧 [燒] shāo,,火 𓋴huǒ,chaud/s'hot
,schön,韶 [韶] sháo,,少,
young,,少 [少] shǎo,,小 xiǎo,韶 sháo schön jeun shǎo.lad = child
small,,少 [少] shǎo,,小 xiǎo,s'niao , 
little,少 small/shy,稍 [稍] shāo,
*,shout,哨 [哨] shào,
,Zaun,栅 shān 栅栏 zhàlán ,
dinner,Essen-,晌 [晌] shǎng,𓋹,𓋹,diana:dinner
,Essen,膳 [膳] shàn,,,<> 声 shēng sound?
,schnacken,赡 [贍] shàn,𓆓
change,,嬗 [嬗] shàn,,,骟 [騸] shàn sterilize --
improve,change,删 [刪] shān ,
good,𓋹 schön,善 [善] shàn,,,generous
forbidden,saint,擅 [擅] shàn,
, ,,schüren,煽 [煽] shān, , ,𓋹,,,,,,,,
sparkle,🌣 shine,闪 [閃] shǎn,
Being/Life,Sein,生 [生] shēng,𓋹 单 [單] Shàn
saint/holy,sankt,圣 shèng,𓋹,神,
brute:Vieh<>vie!,𓃶,牲 [牲] shēng,
,das Ansehen ,声 [聲] shēng, , ,
new...,jeun,生 [生] shēng,
bear,gen!,生 [生] shēng,
grow,steign,升 [升] shēng,,胜神,
Mast setzen,ziehen,,升 [升] shēng
,siegen,胜 [勝] shèng, , ,
sound,sing...,声 [聲] shēng,,,Stimme/Schall/Ton
string/cord/,Senkel/Schnur/Seil/Strick,绳 [繩] shéng,𓍶,,leash/lead/line / rope/tether 
save,-,省 [省] shěng,,,schenken?
Ghost,,Scheini/Genie/Jin,神 [神] shén 
Holy Ghost:GOD𓃶!,,Sheini/Genie/Jin,神 [神] shén,𓋹,升圣生,<<<<<<<!!!!!
#10,[0...9],,申 [申] Shēn
body,cen.ter or.gan,身 [身] shēn,
deep,ocean,深 [深] shēn,
late,schon,深 [深] shēn,
sehr,schon/schön,甚 [甚] shèn,, ,sehr ,,很​多 hěn duō,,,,,,,,
careful/exact/acht.sam,schön,慎 [慎] shèn,
?,quest.shen,什 [什] shén,,,什么 me/ma?
eng,,深 [深] shēn,
pregnant,man-gen,妊娠 rènshēn,,pre.gen.ante,
jammer,?,呻吟 shēnyín,
city,,市 shì,,,shield? circle cyr to-wards: xiàng向 🏠 shàng尚 noble
shop,,市 shì ,,U23  𓍋    ,<> ciosk
,Zimmer,室 [室] shì,
style,der Stil,式 [式] shìi, 
ten,10 zehn,,十 [十] shí,,时!
time/hour,Zeit,时 [時] shí,
aera,🌣,寿 [壽] shòu,
area,🌣 'Schicht',世 [世] shì,
generation,gin,世 [世] shì,
family,gen/kin/cin,氏 [氏] shì ,
Fall,Genus,事 [事] shì,,,<> shu
work/thing,Schicht,事 [事] shì,
start,-,始 [始] shǐ,
history,GeSchicht,事 shì  史 shǐ,,,历史 lìshǐ = Lebens-Geschichte ,M
poetry,poeSie,诗 [詩] shī ,schoen 
sur-name,Sir-name,氏 shì, ,𓊃𓀀 S+er = Sir,
messenger,schick/send,使 [使] shǐ,
situation,,势 [勢] shì,
strenght,,势 [勢] shì,
style,Stil,式 [式] shì,
,Schwur,誓 [誓] shì,
decor,schick/schmuck/zier,饰 [飾] shì,
see,sehen/schauen,视 [視] shì, , ,
show,zeig<>see,示 [示] shì,,视 shì,
know,shir,识 [識] shí,,,熟 [熟] shú
,beschäftigen,事 [事] shì ,
Knowing,Schüler,士 [士] shì ,
stone,Schiefer,石 [石] shí[n],
studied,schooled,士 [士] shì ,
,soldier,士 [士] shì ,
swear,schwören,誓 [誓] shì, , ,
,Stich,螫 [螫] shì,
arrow,Schieß,矢 [矢] shǐ ,
shit,Schiss,屎 shǐ,,尸<> si : die 4,, ,虱 [蝨] shī louse?,,,,,,,,
dark,,蚀 [蝕] shí,,𓐍 cic kak 柿 [柿] shì [BOT.] Kaki / 食 [食] 𓐍 shí eclipse 𓐍 蚀 [蝕] shí  ,
die,sterben,,逝 [逝] shì,死 sǐ , 
corpse,^^,尸 [屍] shī,
,(be)seitigen,,释 [釋] shì
wet,,湿 [溼] shī,,屎 shǐ,shit-weather schiffen
pleasir,schön,适 [適] shì,
lion,shirkan,狮 [獅] shī,
be (on scale),stehen,是 shì,
be,Sein,是 shì,
solid,Seiend,实 [實] shí,
send,schicken,使 [使] shǐ ,
make serve,𓋴 cause!,使 [使] shǐ ,
use,serve?,使 [使] shǐ,
serve,-,事 [事] shì,
eat,esse,食 [食] shí / ,, ,噬 [噬] shì 
sting,sting/bite,螫 [螫] shì [MED.], ,,sTing 丁 ￬  (nail…), 
steer,,驶 [駛] shǐ,,,maChine?
,süchtig,嗜 [嗜] shì,
,stützen,恃 [恃] shì,
,wischi,拭 [拭] shì,
lick,lutschi,舐 [舐] shì,
test,teshi,, ,试 [試] shì, , 
signs ,signs Ziffern Zeichen,字 zì,,,文 wan zì : Warn Zeichen
script/ book,Schrift/ scryt,书 [書] shū,
stone,Schieffer Stein,石 shí ,,O39 Stein     𓊌 ,<> chert!
head,shoulders,首 shǒu’d,,,rascheln👂rasho <> rational
head,Schopf,首 [首] shǒu,
hand,cheir,手 [手] shǒu,
animal,Sau,兽 [獸] shòu,,,ἄγρι wild
chase,,狩 [狩] shòu,
accept,手首,收 [收] shōu,
cover,Schutz 手首,守 [守] shǒu,
re.ceive,手,,受 [受] shòu
sell,手 short,, ,售 [售] shòu,
give,手 sell,授 [授] shòu,
meagre,schwach,瘦 [瘦] shòu,
eng,short,瘦 [瘦] shòu,
,say,说 [說] shuō,,𓆓𓂧/𓊥,𓐍𓂋𓊤 cuir cry
,say 说,抒 [抒] shū,
(per)suade,say,说 [說] shuì,
lead,show/say/guide,率 [率] shuài,,说,
,chief,帅 [帥] shuài,,说,
order,say,署 [署] shǔ,,说,
count,Σ sum,数 [數] shǔ[m],
number,Σ Zahl,数 [數] shù[m],
sundry,ΣΣ souvant,庶 [庶] shù*,
digit,Σ Ziffer,数 [數] shù[m],
vertical,sunk/Senkrecht,竖 [豎] shù[nk],
little,shun,疏 [疏] shū[n],
through,-,熟 [熟] shú,
known,*shi,熟 [熟] shú,,,识 [識] shí
tree,Esche,树 [樹] shù,𓇗,mushu 朱 Zhū,𓅱𓂝𓈖𓆭/𓏠𓏌𓏌𓏌𓆭 
tree,yew/ juniper/ Jujube,树shù 株 zhū,,,𓆭 junIPER->conifer fir <> arbra <> hebrew 
twin/double,zwein,双 [雙] shuāng,𓌢 ßwn
water,sea,水 [水] shuǐ,
tax,Steuer 水,税 [稅] shuì[r],
sleep,,睡 [睡] shuì[p],
,shining,爽 [爽] shuǎng,
dawn,🌣,曙 [曙] shǔ[n],
warmth,🌣charm,暑 [暑] shǔ[m],
old private school,school,塾 [塾] shú[l],
,genus-,属 [屬] shǔ[n],
Hirse/millet,𓇓,黍 [黍] shǔ,𓇔𓇗,,粟sù 出chū~手,草cǎo 卉hui(Heu) 茶chá
,Amt?-,署 [署] shǔ[t],
Maus,*maoshu,鼠 [鼠] shǔ,
,'Sir!',叔 [叔] shū[r],
sponge,Schwamm,刷 [刷] shuā,
game,jouer/jeux,耍 [耍] shuǎ,
trick,schummel,耍 [耍] shuǎ,
juggle,jonglier,耍 [耍] shuǎ,
pale,schwach,刷 [刷] shuà,
weak,schwach,衰 [衰] shuāi,
wane,swind,衰 [衰] shuāi,
schuettel,shake,甩 [甩] shuǎi ,
schwenk,sway,甩 [甩] shuǎi,
,swing,甩 [甩] shuǎi ,
throw,schmeiß,摔 [摔] shuāi,
bold,𓊃Σ,闩 [閂] shuān,𓊃
bind,𓊃Σ,拴 [拴] shuān,𓊃
book,𓊃Σ,书 [書] shū,
write/hand,Schrift,书 [書] shū,
Bund,𓊃Σ skein,束 [束] shù,
comb,Σ,梳 [梳] shū,
sum/zählen,Σ,算 [算] suàn,
suck,saugn,吮 [吮] shǔn ,
order(ly),schön-,顺 [順] shùn,
follow,--shun,顺 [順] shùn,
,say,说 [說] shuō,,𓆓𓂧/𓊥,𓐍𓂋𓊤 cuir cry
shining,,烁 [爍] shuò,
1. of month,shine🌕,, ,朔 [朔] shuò,,烁
giant,🌕,硕 [碩] shuò,
six 666,Sichel,巳 sì,,☾𓇹☽⽉,
death,die! Exitus Sichel,死 sǐ ,δi,,sick/siechend/ ob-sequi 祀 [祀] sì Opfer
Seide,silk,丝 sī,
think,,思 [思] sī,sir
observe/wait,see,司 sī,
it appears,seams/simil,似 sì,
section,,司 sī,,,四 sì  4 
closter,?,寺 [寺] sì ,,,mosque=mosi museum?
secret,sicher,私 [私] sī,
Kerl,sir-,, ,厮 [廝] sī,
,zer-ziehen,撕 [撕] sī,
steif/starr,-,死 [死] sǐ,
wiehern,🎝-,嘶 [嘶] sī ,
hoarse,,嘶 [嘶] sī,
wait,--,俟 [俟] sì ,
feed,--,, ,饲 [飼] sì,
this/these,ce,斯 [斯] sī,
cunifer,-,, ,松 [松] sōng,,宋 Sòng
Ode,song! 🎝,颂 [頌] sòng  ,,唱 chàng,šìr/(s)ének@sumer/cegamag/srod@pers/song@kurd/ⲁⲥⲙⲁ/canzone/ghanna/ngiynah/ᾠδή/ὕμν/massa/zimrath
declaim,song 🎝,诵 [誦] sòng,
praise,song 🎝,颂 [頌] sòng,,,ϫⲓⲛϩⲱⲥ
raise,🌅,耸 [聳] sǒng,,,vs 🌅 sunk 𓊵 绥 竖 shù 疏 shū 损 sǔn
loosen,𓍿,松 [鬆] sōng,,𓍿 vs 𓊃 syn, sag/slack/schlaff- vs song@kurd𓊃
, ,schenken,,送 [送] sòng, , 
send,schicken ,送 [送] sòng,
, ,,sue,讼 [訟] sòng,
,schrecken🎝,怂 [慫] sǒng ,
search,such,搜 [搜] sōu,
,sausend  ,飕 [颼] sōu ,,,, ,蒐 [蒐] sōu Jagt,,,,,,,,
ship/shuttle,,​艘​ sōu ,
 ,,sauern,馊 [餿] sōu 
sour,sauern,酸 [酸] suān,,,pain/ huángguā 黄瓜 %-Gurke
knobi,--, ,蒜 [蒜] suàn 
Gemüse,soup--,蔌 [蔌] sù,,草cǎo,
Hirse/millet,𓇓,黍 [黍] shǔ,𓇓𓇔𓇗,粟sù 出chū~手,草cǎo 卉hui
Hirse/millet,𓇓,粟 [粟] sù,𓇓𓇔𓇗,黍 shǔ 出chū~手,草cǎo 卉hui 茶chá  西xī vs 粟 𓇔!
tree,bush*,树 shù,𓇗 
stromaufwärts ,,溯 [溯],,粟 𓇔,
schnell,*schwind,速 [速] sù,
shape,,塑 [塑] sù,,𓆣,𓐍𓊪𓂋𓅱𓏛𓏥  Körper! 
inform...,SAY,诉 [訴] sù,,说,an-schuldigen
re-surrect,,苏 [蘇] sū,,,con-scious <> scire:sir
schlicht,,素 [素] sù,
solemn,,肃 [肅] sù,,,silent
sowjet,SU,苏 [蘇] Sū ,
crisp,--,酥 [酥] sū,
custom,--,俗 [俗] sú,
years of life,𓇳 Zeit,岁 [歲] suì ,
,die Shui,水族 [水族] shuǐzú,, ,,,, Ethnische Gruppe,,,,,,,
,Splitter,碎 [碎] suì,
Signalfeuer,signal,燧 [燧] suì ,
evil spirit,jin,祟 [祟] suì ,
Ähre/Bommel,𓇓𓇔,穗 [穗] suì,,shǔ,
follow,suite,随 [隨] suí,
come-true,suite/sweet dreams,遂 [遂] suì,
zer-brechen,zer--,碎 [碎] suì,, ,
though sei,zwar,虽 [雖] suī,
𓊵,sänft,绥,,𓋴𓊵𓏏𓊪,竖 shù 疏 shū 损 sǔn
lessen,schaden,损 [損] sǔn,
grandson,Sohn,孙 [孫] Sūn,
Zapfen,cone?,榫 [榫] sǔn ,
Bambussprosse,shootn--,笋 [筍] sǔn,
,Seil/Strick/Tau,索 [索] suǒ,𓍿
lock,Schloss,,锁 [鎖] suǒ,𓊃,
house/office,Sitz/Stelle,所 [所] suǒ,𓊨
shuttle,,,梭 [梭] suō 
umständlich  ,--, , ,, 琐 [瑣] suǒ, , ,,,,,,,,
not-,mano ¬ mo-,没 [沒] méi,𓂜 ,枚 méi = mini 𓅱,没​人 méirén niemand vs 每​人 měirén jemand  
je,𓁹make 𓂋 𓏠𓂣,每 [每] měi,meje,,𓏠Menge ...
Medium,media,媒 [媒] méi,
Zew. für kleine Dinge,Micro / mini 𓅱 vs magno,枚 [枚] méi,,, <> 𓏠𓈖 Menge  
Zew. für Marken,mark,枚 [枚] méi  ,
Zew. für Münzen,münz,枚 [枚] méi ,,,Medaille 
coal,chemie/khem,煤 [煤] méi ,,, 霉 méi [BIOL.] der Kahm  
Schimmel  ,,霉 [霉] méi, , ,
Enzyme,,酶 [黴] méi ,
Magnesium,,镁 [鎂] měi ,
Moder,,霉 [霉] méi, , ,
Anmut,,美 [美] měi, , ,
young sis,magd,妹 [妹] mèi,, ,
Dämon,dei'mon,魅 [魅] mèi, , ,
Europa & Amerika,EU+aMei, ,欧​美 [歐​美] Ōu Měi 
玫 [玫] méi   - 见​玫瑰 [見​玫瑰] jiàn méiguī,,,nur in Komposita
Zew. für Blätter,Menge^^,枚 [枚] méi  zew. [BOT.],,<> 木 mù 🌲?,
Mume-Pflaume   ,,梅梅 méiméi,
berry,*MaiBeere,莓 [莓] méi ,
Ufer,?,湄 [湄] méi ,
Mei   - Familienname,,梅 [梅] Méi,, ,
low/little,base,卑 bēi,
,base,卑鄙  bēibǐ 
Sand/Strand/Stand,, 	摊 tān
Krebs,Sartan סרטן,蟹肉 xièròu
sun-rise,raysen,日出 rìchū,
[small round things],kernel ker<kar!,颗 kē ,
[tornister shaped],ton ,条 tiáo,
Auge eye,mouge moyan eyen,目 mù   眸 móu 眼yǎn 芽yá,,,≠  耳 ěr ear     <?> 明 míng bling?
Augenbrauen,,眉 [眉] méi,
looks ,moy! 𓁹 ,貌 mào    ,
face!,[ Eye / mind ],面 miàn,
𓁹¬ blind,moy-not 𓁹¬ ,盲 máng,𓁹𓐍,美 měi,moy! 𓁹 没 ney!  莽 mǎng blurry ~ blind
etw. ins Auge bekommen,目 mù + mais = ‘Gerstenkorn’,眯 mí     ,
,messen, sehen,目测 mùcè 目击 mùjī  目视 mùshì
,mau, rau,麻 má 
mean,mean,蛮 mán 曼 màn,,民 mín,Maden!  虫 蛮 mad/mean  骂 mà (fluchen)
mean,Gemein, mean, manglig,莽 mǎng  猛 měng,
curtain,Gemenge ~ Gewand???,幔 màn,𓋳,𓏠 𓈖 𓐍 𓏏 𓋳,瞒 mán mindful, hidden  谩 mán → mean cheat   慢火 màn mini
tits 𓏏𓏏 头,mammal tits,馒头 mántou ,
,Mus Gemüse,芼 mào ,
虫,Maden 虫 蛮 mad/mean,蟊 máo 鳗 mán 螨 mǎn,虫
hair, beard,Mauser Mähne! ,毛 máo, 芒 máng,𓋳 𓅓,麻 Má: hemp,卯 mǎo 4.th sign,,,,,,,,
mango,Mango,芒 máng,,芒 'hairy’ Granne,
rank, grow,meander wander,蔓 màn 蔓 wàn
hat,Mütze  ,帽 mào,𓋳,毛 máo,
looks 𓁹¬ blind,moy! 𓁹 ,貌 mào    盲 máng,𓁹𓐍,美 měi,moy! 𓁹 没 ney!  莽 mǎng blurry ~ blind
Merchant: trade,Mark $$$,贸 mào  买mǎi 卖mài,$,“毛  máo”,
wheat,Mais mwheat,麦  mài  ,
yak,'Muh’,牦 [犛] máo ,
bury,maur™,埋 mái,
peaceful,mute,睦 mù ,
,male vs,牡 [牡] mǔ,
female,mütterlich,母​的 [母​的] mǔ de,
egal was ,Wollen … (nicht lehr/diskuss),无论 [無論] wúlùn,
full moon,moon full,满月 mǎnyuè,*montyar 달 tal タ / montout
full moon,round full moon ,轮满月 lún mǎnyuè,两 liǎng 满 mǎn 2~2 lun~moon~men 门門两   内 nèi NiÈr ニ二
1 Month old,yue<>yhier!,满月 mǎnyuè,
erfreu,joy,悦  yuè, 
,Board, part, Bereich B³ P³⻏立口,部 bù ,咅 부 bu : (s)puke   立=卜廿 bu
,Bund: Buch, Film 𓍢,部 bù 
,klopf,叩] kòu,
,Kauen / pulen,抠 [摳] kōu,
,keep,扣] kòu,
enter,cope klau --,寇] kòu,
,kreuzen,扣] kòu,
,Knopf,扣] kòu,
Haken,Gut / Gamma,勾] Gōu,<> Ger
skeleton,Gerippe / sKelett,骷髅 (s)kūlóu.tan,
blood,?,血 [血] xuè  ,,,dhuemo hämo adamo hxueri@Korean
bar,Bar +++,台 bā  巴 Bā 八 bā ,,,pull@bull  @ Korean  Balken …
,cross(ing),交 jiāo gaau1 교 kyo,
,schön ‘shaushau;)’,佼佼 jiǎojiǎo,
Gear /  quer-jar crater /  grad:maß ,Gear Gerät 그릇 geureut ,器 qi®,*kʰrɯd  QED!,噐,計量 keiryō gauging -> calibre kilo? Lacquer-ware
great,krass groß,假  *kraːs 嘏 kraːʔ  廈,,,རྒྱ rgya, “great; wide; width
,High summer dynasty /  China!,夏 xià  *ɦˠaH,,,Ŝumer → chima→china 嗄 shà secco(dry) *sqʰraːs  榎 Shrub/gras!
,Huge Hun dynasty,华 huá,,,夏  ghAryan?
,#door #down #Tor #tao™ #path,道 [道] dào,
Gang (auch kulinarisch),?,道 [道] dào,
shun, dodge, duck!!!,SHUN 𓅭 ,闪 [閃] shǎn,
shine,Shine 🌕 ☼,闪 [閃] shǎn,,申 Shēn单 Shàn ,S ㅅ ㅆ ∑ Δ 大 TH スsu < 𓍲𓍱ŝhieren 𓂻人入儿 人ㅅ 闪
,BlitZan, schießan,闪 [閃] shǎn,,单 Shàn diǎn田电,Blitz = 闪电 [閃電] shǎndiàn    霍闪 huòshǎn
,glanz,光 [光] guāng,,,Blitz = 电光 [電光] diànguāng, 
Blitz und Donner,Lightning : Laut & leitend,雷电 [雷電] léidiàn,
Lightning ≠ thunder,ShineDown™,闪电 [閃電] shǎndiàn  ,
,Giant (8 Immortals of legend),仙 [仙] xiān,
here,there/here,这儿 [這兒] zhèr, ,
🜂 ~ ♡,huǒt ~ hot heart !,忄⺗心 ~ 火 ≠ 水,
lamp,dangle 火,灯 dēng,
boss, give supervision/Don™,董 Dǒng
elegant/beautiful,jolie,姚丽 Yáoli,,,朱力  Angelina Jolie,,,安吉莉娜-朱力,,,,,,
big house/Queen!,house/dome/Dame,后 huo,,卢 Lú 房 fáng 屋 wū,Lú,,,,,,,
Wohnung/house,wohn,屋 wū
Haus,Wohnung,房fáng (屋wu),
Haus/Family,É! kjian: kin Gen? guinea豕“pig”  ,家 [家] jiā ®,*kia *kra,Éja kur ,Turkish ev!  廬 (io, “temporary hut”) 100% corrupted/aborigin,,,,,,,,
IN inside 내, 납,内 uchi, nae,,,Hanoi : Intra He/Nau=river 河內,,,,,,,,
,name 안,内 nae,
Hall/house,Gang (column),馆 [館] guǎn
(wet)land,Lund,陆 Lù ,
flow,Liú < rio/ flow/ Fluss,流 Liú ,,廖 Liào Rio 州
blood,Liú < flow < blood,流血 Liúxiě,
Cup …,bowl/ vase,盃 (bôi/ vui/ vùi) ,,杯bēi 不bu! 皿mǐn,,,,,,,,
cup,Becher,杯 bēi ,
basin,wanne,盆 phùn 盌 wan 완,,,<> pfanne
pot,Pint ^^,盆 pén,
«establishment;)»,Pinte ~ pig pen,/den,盆 pén
(raise…) good!,bien/Obon/bonfire!,盆 bon,
1. Come together 2. “why not”,Come commun/ c’mon! hä? hey!,盇 c’mon / bon / hé?,
Surplus – + – ,yield ,益 yì 盈 yíng yō 영,,余Yú 也yě,盈 (dềnh, doanh, giềng, diềng, riêng),,,,,,
über,yug 余Yú++ yper,也yě,,
,Bowl / pot!,缶 fǒu phẫu 부,,盋 ,
,jug,㿾 zhù,
,klein korn -CUL !,颗粒 [顆粒] kēlì,√kur → √cul ,粒 lì/ri : reis,
,,府 ,
Play / game,joy jouer,游戏 [遊戲] yóuxì,,,运动会 [運動會] yùndònghuì,, ,运动会 [運動會] yùndònghuì,,,,,,,
Play / game,joy jouer,局 [局] jú,
,sport,赛 [賽] sài [SPORT],
and,and 2nd,而] ér, 他] tā
and ,Y = und ebenso 1y ,既 [既] jì ,
and,Y = und ebenso 1y,及 [及] jí,
and,Y = und ebenso 1y,以及 [以及] yǐjí,
and,Y = und ebenso 1y,与 [與] yǔ,
,and 2nd,并且 [並且] bìngqiě,
And / use,use,以 yǐ,
"to, at, till, da!","To …, at …, da sein",到 dào,,对 dui 道 dào,
python ,pi+chong 𓎛𓆑𓄫𓅱𓆙,虺 huǐ,,虫 䖝 = 蟲,
,Xone Yone X1 Y1 C1 SH1  ,先 xiān xian,元 yuan,正 上,yek
"knot, wedding …",join,结 [結] jié,
marry,Join-hands (con^2),结婚 [結婚] jiéhūn,
Wife / husband,marien mari (loveren),爱人 [愛人] àirén,
exhort,mahnen,勉 mian3,
scholar,mentor,门徒 [門徒] méntú,
,school,"校 [校] xiào , 校舍 [校舍] xiàoshè", 
salve,Feuer,发 [發] fā,, ,
"send, go, do … affair (doing)",FAIRE,发 [發] fā,
Floß,Fähre,筏 [筏] fá ,, ,
Zunge,Schleck! *ɦljeʔ siĕk ,舌 she2,
Zunge,Sabbern@Hindi sheba@Hund ,舌 shé,,,zahnbein?
,ぜつ zetsu[ng],舌 shé,
𓅓 mOwle,鸮形目 [鴞形目] xiāoxíngmù,枭 [梟] xiāo  *MU! 𓅓,
𓅓 owl,猫头鹰 [貓頭鷹] māotóuyīng,枭 [梟] xiāo  *MU! 𓅓,
"Aar, Hor (falk, eagle, hawk)",Aryan ^^,鹰 [鷹] yīng, ,Wying ~ fink,
Aar,"Laryan, Lair",老鹰 [老鷹] lǎoyīng,
fluchen,maulen (Maul@Korean!),骂 [罵] mà,
mob,mob,抹 [抹] mā,<mu,麻 [麻] Má,
,,麻 [麻] Má,
yard,maß:meter ƒ,码 [碼] mǎ,,mi,
Sesam Hanf Flachs!!!,sesamen!,芝麻 [芝麻] zhīma ,<<
,Mammut,猛犸 [猛獁] měngmǎ, 
Agade!,Meander?,玛瑙 [瑪瑙] mǎnǎo [GEOL.],
frog,?,蛤蟆 [蛤蟆] háma , 
,can,会 [會] huì[n],,會~黑 hēi,
schulden,<COIN,欠 [欠] qiàn, 
jawn,gähn!,欠 [欠] qiàn,
nicht,™,未 [未] wèi/mei,8-mein,mushu 朱Zhū,灭 mei: löschen bu@fire?
,,牛 gû ngiù niú G’Niu! 件 kia(n) 吽  qʰóu,,,Min Nan = PIE!
"hassen, hate, shun, satam@Sem",Hashen,含恨 hánhèn ,Kain? ken@persia,,shana@semitic S-N-* <> SHUN™    vs ⲃⲟϯ Boß Bhass
"Hass, hate, hutálni < hostile! > hodio","hachu, Hšš@berber, shun","仇 chóu, qiú 恨 hèn ",Kain? ken@persia,strong 状,al haqd الحقدkhassen casáu zášť  ⲙⲟⲥϯ ⲙⲉⲥⲧ ⲙⲁⲥⲧ µHasst μισέ QED *ḱeh₂d- contemno घृणाि ghrnnai grimm ghemn 
,Strong <> King!,壮 zhuang4,
,Strong <> King!,状 zhuang4,
,Strong <> King!,冲 chong1/chong4,
,Strong <> King!,坚 jian1,
,Strong <> King!,监 jian1/jian4,
,Strong <> King!,羌 qiang1,
,Strong <> King!,凶 xiong1,
,Strong <> King!,刚 gang,
,Strong <> King!,乾 gan1/qian2,
I,ani,俺 [俺] ǎn,
,LOW,陋 lou4 ,L !,,niedrig bni-drig
system,,系统 xìtǒng
cult,عبادة el'bada,礼拜 Lǐbài,,,@baith 숭배 bae पंथ pantha vs cultti ការគោរព karkorop
window, 빛나다 binnada, 囧 ,,ming 明=朙
flow/fall/fluss,fú 乀 bul 불,乀乁 
Vogel,fu,凫
Sushi,shou.si,寿司