𐀆	-de	-δε	de	allative/demonstrative
𐀖	-mi	-μιν	him man	him/her
𐀠	-pi	-φι	who wer wie was wem wen	instrumental/ablative case
𐀤	qe	 (>εγχέω)	que	and
𐀳	te	 (>Σελινούς;)	?	
𐀀𐀆𐀳	aⁿde-te	ανδετήρ	??	binder (>άνδημα= head-band)
𐀀𐀆𐀳𐀩	aⁿ-de-te-re	ανδετήρες		binder (>άνδημα= head-band)
𐀀𐀇𐀪𐀊𐀠	aⁿ-di-ri-ja-pi	ανδρίαφι	andriaphe?	 (decorated) with men
𐀀𐀇𐀪𐀊𐀠𐀤	aⁿ-di-ri-ja-pi-qe	ανδρίαφι		 (decorated) with men
𐀀𐀇𐀪𐀊𐀳	aⁿ-di-ri-ja-te	ανδριάντει		 (decorated) with men
𐀀𐀇𐀪𐀊𐀳𐀤	aⁿ-di-ri-ja-te-qe	ανδριάντει		 (decorated) with men
𐀀𐀇𐀪𐀍	aⁿ-di-ri-jo	ανδρίος (>άνερ)		 (decorated) with men
𐀀𐀁𐀴𐀵	aⁿ-e-ti-to	αέθιστος (>εθίζω;)	a¬…	not used?
𐀀𐀊𐀕𐀙	a-ja-me-na	αιασμένα	<<	inscribed/decorated
𐀀𐀊𐀕𐀜	a-ja-me-no	αιασμένoς		inscribed/decorated
𐀀𐀏𐀨𐀜	a-ka-ra-no	ακάρανος		 (>άκαρα= legs/kara= head)
𐀀𐀏𐀯𐀍𐀚	a-ka-si-jo-ne	Ακασιόνει (Ακάσιον)	Akkaδion	place name
𐀀𐀏𐀹𐀊𐀆	a-ka-wi-ja-de	ΑχαιFίανδε (ΑχαιFία)	^^	place name
𐀀𐀏𐀺	a-ka-wo	ΑχαιFός	Ahaivia 𓈉 𓌙 𓀀 𓈓	personal/ethnic name of ‘Ahaivia’
𐀀𐀐𐀍𐀍	a-ke-jo-jo	Αργείοιο (Αργείος)	Argos 𓈉 𓌙 𓀀 𓈓	ethnic name of ‘Argos’
𐀀𐀐𐀃	a-ke-o	Αργείοιο (Αργείος)	Argos 𓈉 𓌙 𓀀 𓈓	ethnic name of ‘Argos’
𐀀𐀐𐀩	a-ke-re	αγείρει (ν)	<<	to collect
𐀀𐀐𐀩𐀷	a-ke-re-wa	ΑγρέFα	Agrefa 𓈉	place name (fem. of ‘Agreus’?)
𐀀𐀐𐀩𐀷𐀆	a-ke-re-wa-de	ΑγρέFανδε	Agrefa 𓈉	place name (fem. of ‘Agreus’?)
𐀀𐀐𐀩𐀷𐀤	a-ke-re-wa-qe	ΑγρέFα	Agrefa 𓈉	place name (fem. of ‘Agreus’?)
𐀀𐀐𐀩𐀹𐀊	a-ke-re-wi-ja	ΑγρέFιος	Agrefa 𓈉 𓌙 𓀀 𓈓	ethnic name of ‘Agrefa’
𐀀𐀐𐀩𐀹𐀍	a-ke-re-wi-jo	ΑγρέFιος	Agrefa 𓈉 𓌙 𓀀 𓈓	ethnic name of ‘Agrefa’
𐀀𐀐𐀫	a-ke-ro	άγγελος	angelo @ anchor?	messenger
𐀀𐀐𐀀𐀐𐀁	a-ke-a-ke-e	άγει	<<<>>>	to send
𐀀𐀐𐀳𐀩	a-ke-te-re	αγέτερες	asketreiai!	official title/occupation  (see also ‘asketreiai’)
𐀀𐀐𐀴𐁈	a-ke-ti-ra2	ασκητριάων	??	decorators?  (fem.)
𐀀𐀐𐀴𐁈𐀃	a-ke-ti-ra2-o	ασκητριάων		decorators?  (fem.)
𐀀𐀐𐀴𐀪𐀊	a-ke-ti-ri-ja	ασκήτριαι		decorators?  (fem.)
𐀀𐀑𐁀𐀪𐀊𐀆	a-ki-a2-ri-ja-de	Αιγιhάλιανδε (Αιγιhάλια)	'Aigi''Haliande <<'	place name
𐀀𐀑𐀴𐀵	a-ki-ti-to	άκτι (σ)τος	a¬κτίσις ?	‘untitled?’ (>κτίσις=founding, settling)
𐀀𐀒𐀨𐀊	a-ko-ra-ja	αγοραία	agora	used for communal purposes  (see also ‘agora’)
𐀀𐀒𐀨𐀍	a-ko-ra-jo	αγοραίος	agora	used for communal purposes  (see also ‘agora’)
𐀀𐀒𐀫	a-ko-ro	αγρός	acre	field
𐀀𐀒𐀰𐀚	a-ko-so-ne	άξoνες	Achsen	axles
𐀀𐀒𐀰𐀚𐀤	a-ko-so-ne-qe	άξoνες	Achsen	axles
𐀀𐀒𐀺	a-ko-wo	άκορFος	a¬kurva	childless, unaccompanied (see ‘korfos’)
𐀀𐀓𐀫	a-ku-ro	άργυρος	argent chyro	silver
𐀀𐀖𐀛𐀯𐀍	a-mi-ni-si-jo	Αμνίσιος	Amnisos	ethnic name of ‘Amnisos’
𐀀𐀖𐀛𐀰𐀆	a-mi-ni-so-de	Αμνισόνδε (Άμνισος)	Amnisode	place name
𐀀𐀗𐀂𐀋𐀵	a-mo-i-je-to	αρμοίεντοι;		just delivered?  (see ‘iento’)
𐀀𐀗𐀨𐀔	a-mo-ra-ma	άμωρ- άμαρ;	immer	‘from day to day,daily?’
𐀀𐀗𐀲	a-mo-ta	𒈥 mar 𓌝 𓅓 𓂝 𓃭 𓏤 𓎡 𓄿 𓃀 𓏲 𓍘 𓇋 𓆱 𓌝𐎎𐎗𐎋𐎁𐎚 mrkbt 𒋥 Rad		wheels
𐀀𐀗𐀲𐀍	a-mo-ta-jo	αρμοτεών		 (to the) workshop of ‘armota’
𐀀𐀗𐀳	a-mo-te	άρμοτε		
𐀀𐀗𐀳𐀩	a-mo-te-re	αρμοστήρες		>  (of stones) laid with the grain
𐀀𐀗𐀳𐀹𐀊	a-mo-te-wi-ja	αρμοθήFια		?  (description of a pot)
𐀀	a¬	ά	a¬ un¬ ohne…	
𐀀𐀟𐀀𐀭	a-pe-a-sa	απέασα	a¬peasaⁿ	absent
𐀀𐀟𐀃𐀳	a-pe-o-te	απέοντες (>άπειμι)	apseontes! vs 𐀞-𐀁-𐀃-𐀳 present	absent
𐀀𐀲𐀨𐀯𐀍	a-ta-ra-si-jo	αταλάνσιος		without copper (see also ‘talansia’)
𐀀𐀒𐀵𐀜	a-ko-to-no	άκτοινος	a¬ktoina	without ‘ktoina’
𐀀𐀙	a-na	άνα¬	un¬	
𐀀𐀙𐀂𐀲	a-na-i-ta	άναιτα	𓈖 𓂝 𓂝 𓏞 𓏛 	not decorated!
𐀀𐀙𐀂𐀵	a-na-i-to	άναιτον	𓈖 𓂝 𓂝 𓏞 𓏛 	not decorated
𐀀𐀙𐀲	a-na-ta	άναιτα	𓈖 𓂝 𓂝 𓏞 𓏛 	not decorated
𐀀𐀙𐀵	a-na-to	άναιτον	𓈖 𓂝 𓂝 𓏞 𓏛 	not decorated
𐀀𐀜𐀜	a-no-no	άνονον	𒉆𒅗𒆟 nam.zu₂keš₂ ≠ ϣϭⲟⲣ	not rented,see opp. ‘onaton’
𐀀𐀚𐀲	a-ne-ta	άνετα  (ανίημι)	un¬due	not due, of no charge
𐀀𐀞𐀲	a-pa-ta	άσπαρτα;	a¬spora	not sown?
𐀀𐀙𐀢𐀐	a-na-pu-ke	ανάμπυκες	ohn¬…	without head-bands  (see ‘ampykes’)
𐀀𐀜𐀡	a-no-po	άνωπος	ohn¬…	without ‘holes,’not pierced
𐀀𐀜𐀸	a-no-we	ανώFεις	ohn¬…	without ‘ears,’handles
𐀀𐀜𐀺𐀵	a-no-wo-to	άνωFτος	ohn¬…	without ‘ears,’handles
𐀀𐀙𐀗taa𐀙𐀗𐀵	a-na-mo-taa-na-mo-to	ανάρμοστα	un-hermesta	 (about chariots) not assembled
𐀀𐀚𐀗	a-ne-mo	ἄνεμος ánemos	𒅎 •INM animate	wind
𐀀𐀚𐀗 𐀂𐀁𐀩𐀊	a-ne-mo i-e-re-ja	ανέμων  (ιέρεια)	Anemone 𒅎 •INM ἄνεμος ánemos	 (priestess) of winds
𐀀𐀙𐀐𐀁	a-na-ke-e	cf. ἀνάγω	ana-go?	'''bring contribute''? '
𐀀𐀛𐀃𐀒	a-ni-o-ko	cf. ἡνίοχος	<<	'''chariot-driver'' '
𐀀𐀚𐀄𐀳	a-ne-u-te	Ανεύθεν	Aneuthen	place name
𐀀𐀛𐀊	a-ni-ja	•ra-ni-ja	reins	reins
𐀀𐀞𐀩𐀄	a-pa-re-u	Αφαρεύς	Aphareus	place name
𐀀𐀞𐀲𐀷	a-pa-ta-wa	ΆπταρFα (>Άπτερα)	Aptarfa	place name
𐀀𐀞𐀲𐀷𐀊	a-pa-ta-wa-ja	ΑπταρFαία	Aptarfa	ethnic name of ‘Aptarfa’
𐀀𐀞𐀲𐀷j𐀃	a-pa-ta-wa-jο	ΑπταρFαίος	Aptarfa	ethnic name of ‘Aptarfa’
𐀀𐀟𐀈𐀐	a-pe-do-ke	απέδωκε (>αποδίδω)	apotheke	to deliver
𐀀𐀟𐀁𐀐	a-pe-e-ke	απέηκε (>αφίημι)	<<	to let go
𐀀𐀟𐀴𐁈	a-pe-ti-ra2	αφέτρια (ι)		item found together with a torpeza
𐀀𐀠	a-pi	αμφί	amphi ambi	bi-, both
𐀀𐀡𐀳𐀨	a-po-te-ra	αμφότερα (ι)	'am''bothera'	both
𐀀𐀡𐀳𐀫𐀳	a-po-te-ro-te	αμφοτέρωθεν	<<^^	on both sides
𐀀𐀠𐀁𐀐	a-pi-e-ke	αμφιέχει (ν)	ambi exei	to be covered all over
𐀀𐀠𐀜𐀁𐀹𐀍	a-pi-no-e-wi-jo	ΑμφινοέFιοι	Ambioneus	ethnic name of ‘Amphoneus’
𐀀𐀡𐀚𐀸	a-po-ne-we	ΑμφονέFει (Αμφονεύς)	Amphoneus	place name
𐀀𐀠𐀡𐀩𐀸	a-pi-po-re-we	αμφιφορήFες (αμφορεύς)	amphiphora amphora epi-port	amphora
𐀀𐀡𐀩𐀸	a-po-re-we	αμφορήFες (αμφορεύς)	amphora	amphora
𐀀𐀠𐀡𐀫	a-pi-po-ro	αμφίπολος	ambi-polos!	attendant
𐀀𐀠𐀦𐀵	a-pi-qo-to	αμφίποτος (>αμφίβατος?)	ambi-potos	 (table) with legs apart
𐀀𐀢	a-pu-	απύ-  (>από-)	apo aᵐpu ambo  𓅓 from	from/with
𐀀𐀢𐀈𐀐	a-pu-do-ke	απύδωκε	apotheke üba-take	to deliver
𐀀𐀢𐀈𐀯	a-pu-do-si	απύδοσις (>απόδοσις)	apodosis! <> übergabe	delivery
𐀀𐁆𐀏𐀚	a-pu2-ka-ne	Αφύγανες	Aiphigenes	ethnic name of ‘Aphy’
𐀀𐁆	a-pu2	Αφύ		place name  (απύ=steep)
𐀀𐁆𐀆	a-pu2-de	Aφύνδε		place name  (απύ=steep)
𐀀𐁆𐀸	a-pu2-we	AφύFει		place name  (απύ=steep)
𐀀𐀢𐀏	a-pu-ka	άμπυξ	<<	head- band, tiara/reins
𐀀𐀢𐀐	a-pu-ke	άμπυκες		head- band, tiara/reins
𐀀𐀢𐀒𐀺𐀒	a-pu-ko-wo-ko	αμπυκοFοργός	^^	maker of ‘ ampykes’
𐀀𐀨𐀏𐀳𐀊	a-ra-ka-te-ja		<<^^	threads
𐀀𐀨𐀬𐀊	a-ra-ru-ja	αραρύια		bound/equipped (fem.)
𐀀𐀨𐀬𐀺𐀀	a-ra-ru-wo-a	αραρύFοα (>αραρύοντα)		bound/equipped (neut.)
𐀀𐀨𐀫𐀗𐀳𐀕𐀙	a-ra-ro-mo-te-me-na	αραρμοτ (η)μένα	<< ^^	assembled
𐀀𐀨𐀫𐀗𐀳𐀕𐀜	a-ra-ro-mo-te-me-no	αραρμοτ (η)μένος		assembled
𐀀𐀨𐀏𐀳𐀊𐀃	a-ra-ka-te-ja-o	αλακατειαίον		weavers’ place
𐀀𐁊𐀀	a-ro2-a	αρίοα (>αρείονα)	euro arier more!	better  (neut., plur.)
𐀀𐁊𐀁	a-ro2-e	αρίοες (>αρείονες)	aristo 	better  (masq.,plur.)
𐀀𐁊𐀍	a-ro2-jo	αρίοιο (>αρείωνος)	aria…	better  (masq.,sing., gen.)
𐀀𐀩𐀊 	a-re-ja 	αρεία		divine epithet  (>god Άρης= Mars)
𐀀𐀩𐀍	a-re-jo	αρείος		divine epithet  (>god Άρης= Mars)
𐀀𐀩𐀞𐀿𐀃	a-re-pa-zo-o	αλειφαζόος (>αλειφόβιος)	oil factor	occupation  (=‘anointer’)
𐀀𐀩𐀲𐀵	a-re-ta-to		arret rad?	""part of a chariot""
𐀀𐀫𐀄𐀨	a-ro-u-ra		<<	plow lister
𐀀𐀬𐀨	a-ru-ra	αρούρα	area arura™	unit of land
𐀀𐀭𐀖𐀵	a-sa-mi-to	ασάμινθος	<<	bath tab
𐀀𐀯𐀊𐀴𐀊	a-si-ja-ti-ja	Ασιάτιαι	Asiate…	place name
𐀀𐀯𐀹𐀊	a-si-wi-ja	ΑσίFια	𓉻 𓂝 𓄿 𓄿	ethnic name
𐀀𐀯𐀹𐀍	a-si-wi-jo	ΑσίFιος		ethnic name
𐀀𐀲na 	a-ta-na 	Ατάνα  (-πότνια)	Athena	goddess’s name (goddess Athena)
𐀀𐀲na 𐀡𐀴𐀛𐀊	a-ta-na -po-ti-ni-ja	Ατάνα  (-πότνια)	Athena Potinia	goddess’s name (goddess Athena)
𐀀𐀳𐀩𐀹𐀊	a-te-re-wi-ja	ΑτρειFία	Atreivia	ethnic/place name
𐀀𐀳𐀸	a-te-we	α (;)τήFει	Ein-Topf	kind of pot  (jug)
𐀀𐀴𐀖𐀳	a-ti-mi-te	Αρτιμίτει (Άρτεμις;)	'Artemis Artemi''Thei'	goddess’s name
𐀀𐀵𐀡𐀦	a-to-po-qo	αρτοπόπος (>αρτοποιός)	!	baker
𐀀𐀵𐀫𐀡	a-to-ro-po	ανθρώπω (άνθρωπος)	anthropo	human
𐁀𐀏𐁀𐀑𐀪𐀍	a2-ka-a2-ki-ri-jo	 (a2-ka-a2) + άγριος	Akaa acre	ethnic/place name  (>αγρός= field)
𐁀𐀫𐀄𐀈𐀠	a2-ro-u-do-pi	hαλοσύδωρφι	?	aquamarine (gem)/with wave-like patterns
𐁀𐀬𐀺𐀳	a2-ru-wo-te	HαρύFοθεν (>Χάρυβδος;)	Syro- ?	place name
𐁀𐀳𐀫	a2-te-ro	hάτερος  (>έτερος)	aˢte-ro other aˡte-ro alter <> ander ʰa-te-ro hάτερος ʰέτερος hetero ᶜa-te-ro khάτερος 𓐍 𓏏 𓆑 έτερος cetera ϩⲓⲑⲟⲩⲱ⳼ [[next]]	other
𐁂𐀆𐀸𐀭	au-de-we-sa	aude Fεσσα	<<	having ‘aud’ (= a rosette?)
𐁂𐀫	au-ro	αυλοί  (αυλός)	flute !!	pipe  (> musical instrument)
𐀅𐀅𐀩𐀍𐀆	da-da-re-jo-de	Δαδαλείονδε (Δαδαλείον)	Dadaleionde™	place name/sanctuary
𐀅𐀔𐀳	da-ma-te	δάματες	domos?	related to ‘damos’ (family groups?)
𐀅𐀖𐀛𐀍	da-mi-ni-jo	Δάμνιος	Damnos	ethnic name of ‘Damnos’
𐀅𐀗	da-mo	δάμος (>δήμος)	domos!	municipality
𐀅𐀗𐀒𐀫	da-mo-ko-ro	δάμοκλος	Damokles @ domo	official title
𐀅𐁆𐀪𐀵𐀍	da-pu2-ri-to-jo	δαφυρίνθοιο (>λαβύρινθος)	ᵈlabyrinth	 (of the) labyrinth
𐀅𐁆𐀪𐀵𐀃	da-pu2-ri-to-o	δαφυρίνθοιο (>λαβύρινθος)	ᵈlabyrinth	 (of the) labyrinth
𐀅𐀸𐀄𐀠	da-we-u-pi	ΔαFεύφι	Delphi??	place name
𐀅𐀹𐀊	da-wi-ja	ΔαFία	Davos Davon	ethnic name of ‘Dafos/Dafon’
𐀅𐀹𐀍	da-wi-jo	ΔάFιος	Davos	ethnic name of ‘Dafos/Dafon’
𐀅𐀺	da-wo	ΔάFος	Davos	place name
𐀆𐀆𐀕𐀜	de-de-me-no	δεδεμένος	'tied''manner !'	bound
𐀆𐀇𐀓𐀊	de-di-ku-ja	δεδικύια (>διδάσκω)	dedicate educate?	being apprenticing (see also ‘didaskalei’)
𐀆𐀈𐀕𐀙	de-do-me-na	δεδομένα	dedication 𓂞 dedo.manu (manner)	 (things) being offered
𐀆𐀏𐀭𐀵	de-ka-sa-to	δέξατο	<<	to be accepted
𐀆𐀓𐀶𐀺𐀒	de-ku-tu-wo-ko	δεκτυFοργός		maker of nets
𐀆𐀰𐀗	de-so-mo	δεσμοίς	<>	 (with) straps
𐀆𐀕𐀃𐀳	de-me-o-te	δεμέοντες (δέμω)	<<	they who build
𐀆𐀖𐀛𐀀	de-mi-ni-a	δέμνια	dorm!	bedsteads
𐀆𐀦𐀜	de-qo-no	δείπνον	di𐀦nner	dinner, meal
𐀆𐀩𐀄𐀒	de-re-u-ko	δλεύκος	slag	must  (of wine)
𐀆𐀄𐀑𐀍𐀍	de-u-ki-jo-jo	Δευκίοιο (Δεύκιος)	<	month name
𐀇𐀅𐀏𐀩	di-da-ka-re	διδασκάλει (διδάσκαλος)	<<	‘at the place of the practitioner’  (see also ‘dedikyia’)
𐀇𐀈𐀯	di-do-si	δίδονσι (>δίδω)	dedicated dosis <> donation 	to give
𐀇𐀏𐀲𐀆	di-ka-ta-de	Δίκτανδε (Δίκτα> Δίκτη)	Mount Dikti / Dicte Diktande?	place name (mountain)
𐀇𐀏𐀲𐀍	di-ka-ta-jo	Δικταίος	Diktheios	epithet of god Zeus
𐀇𐀫	di-ro	Διρός	^^?	place name
𐀇𐀪𐀖𐀍	di-ri-mi-jo	Δριμίος	<<^^	god’s name
𐀇𐀞	di-pa	δίπας  (>δέπας)	Topf	a kind of cup
𐀇𐀠𐀰𐀂	di-pi-so-i	Διψώι  (Διψός)	Dipsos	place name
𐀇𐀠𐀮𐀹𐀍	di-pi-se-wi-jo	ΔιψιέFιος	'-''''-'	person from ‘Dipsos’
𐀇𐀠𐀯𐀊	di-pi-si-ja	Διψία	'-''''-'	ethnic name of ‘Dipsos’
𐀇𐀠𐀯𐀍	di-pi-si-jo	Δίψιος	'-''''-'	ethnic name of ‘Dipsos’
𐀇𐁇𐀨	di-pte-ra	δίπτερα	𓆓 𓎛 𓂋 𓄛  #ḏthr 𓆓 •divthera ☑	leather hide  (>writing material)
𐀇𐁇𐀨𐀡𐀫	di-pte-ra-po-ro	διπτεραφόρος		ceremonial title
𐀇𐀺	di-wo	ΔιFός (Ζευς		god’s name  (god Zeus)
𐀇𐀄𐀍	di-u-jo	Διύος	'Divos Devus Deus'' Zeus'''	belonging to ‘Zeus’
𐀇𐀸	di-we	ΔιFεί		god’s name  (god Zeus)
𐀇𐀹 𐀊	di-wi- ja	ΔιFία		priestess of god Zeus/goddess’s name
𐀇𐀄𐀊	di-u-ja	Διυία	Divia devine deus diva	priestess of god Zeus/goddess’s name
𐀇𐀹𐀍	di-wi-jo	ΔιFίον	divine	sanctuary dedicated to Zeus
𐀇𐀄𐀊𐀍	di-u-ja-jo	Διυαίον	'𓃛 𓅱 𓈖 𓇱 Divine - '''' -'	sanctuary
𐀇𐀄𐀊𐀍𐀤	di-u-ja-jo-qe	Διυαίον	 <> Diannat 𓏏 𓈖 𓇑 𓇑 𓈖 𓏏 𓉐 	sanctuary
𐀇𐀹𐀊𐀕𐀫	di-wi-ja-me-ro	δFιάμερον (>διήμερον)	δFιά zwie- <> zwei	two day period
𐀇𐀹𐀊𐀲	di-wi-ja-ta	ΔιFιαταί	Difiatai?	ethnic/place name
𐀇𐀹𐀊𐀺	di-wi-ja-wo	ΔιFιαίονδε	Diyia ante	dedicated to Diyia
𐀇𐀺𐀂𐀋𐀸	di-wo-i-je-we	Διός ΙεFεί		‘to the Son of Zeus’
𐀇𐀺𐀛𐀰𐀍	di-wo-ni-so-jo	ΔιFονυσοίο (ΔιFόνυσος>Διόνυσος)		god’s name
𐀈𐀆	do-de	δόνδε  (>δώ)		referring to the ‘domos’  (δόμος)=house, dwelling
𐀈𐀁𐀨	do-e-ra	δοέλα  (>δούλη)		slave  (fem.)
𐀈𐀁𐀫𐀂	do-e-ro-i	δοέλοι  (>δούλοι)		slaves  (masq.plur.)
𐀈𐀡𐀲	do-po-ta	Δοσπότα		goddess’s name
𐀈𐀤𐀊	do-qe-ja	δορπεία	<> trophe	δόρπον= supper/Δορπία= name of feast
𐀈𐀤𐀄	do-qe-u	δορπεύς		δόρπον= supper/Δορπία= name of feast
𐀈𐀨	do-ra	δώρα		gifts
𐀈𐀨𐀤	do-ra-qe	δώρα		gifts
𐀈𐀮	do-se	δώσει		to give
𐀈𐀰𐀗	do-so-mo	δοσμοί		offerings
𐀈𐀰𐀯	do-so-si	δώσονσι		to give
𐀈𐀸𐀍	do-we-jo	δορFείος	𐀈-𐀸-𐀍 doʳweʳ tree…	made of wood
𐀉𐀔	du-ma	δύμας	dymas	official/religious title  (see also ‘damates’)
𐀉𐀔𐀳	du-ma-te	δύματες	dymates	related to ‘damos’ (family groups?)
𐀉𐀔𐀳𐀤	du-ma-te-qe	δύματες	'du''mater'	related to ‘damos’ (family groups?)
𐀉𐀺𐀄𐀠	du-wo-u-pi	δυFούπι (δύο)	two duo…	consisting of two  (see also ‘dwo’)
𐀉𐀺𐀸	du-wo-we	δυFώFεις	two-fass	with two ‘ears,’handles
𐁄	dwo	δFο	two duo	two
𐁄𐀍	dwo-jo	δυFό (>δυο)	zweie	two
𐀁𐀁𐀯	e-e-si	έενσι	seinsie	they/there are
𐀁𐀏𐀔𐀠	e-ka-ma-pi	έγμαφι	<<< /	stay
𐀁𐀏𐀔𐀳	e-ka-ma-te	εγμάτει (έγμα)		stay
𐀁𐀏𐀔𐀳𐀤	e-ka-ma-te-qe	εγμάτει (έγμα)		stay
𐀁𐀏𐀨	e-ka-ra	εσχάρα	charm chapa 	griddle
𐀁𐀏𐀨𐀁𐀸	e-ka-ra-e-we	εγγραέFεις (γράω;)	angry <<	related to rams
𐀁𐀐	e-ke	έχει	haske	he has/to have/they have
𐀁𐀐𐀁	e-ke-e	έχεεν  (>έχειν)	havken	he has/to have/they have
𐀁𐀐𐀤	e-ke-qe	έχει	exist	he has/to have/they have
𐀁𐀒𐀯	e-ko-si	έχονσι  (>έχουσι)		he has/to have/they have
𐀁𐀒𐀯𐀤	e-ko-si-qe	έχονσι  (>έχουσι)		he has/to have/they have
𐀁𐀒	e-ko	έχων	'a'' Ḫave  ( ων => v ! )  a''having ( νn )'	having  (see also ‘ehei’)
𐀁𐀒𐀳	e-ko-te	έχοντες	'a''havt …haft …haftig'	having  (see also ‘ehei’)
𐀁𐀐𐀍𐀵	e-ke-jo-to	εγκείοντοι (έγκειμαι)	<<	they are included
𐀁𐀐𐀫𐀦𐀜	e-ke-ro-qo-no	εγχερόπονοι	<<	wage-earners
𐀁𐀐𐀫𐀦𐀜𐀤	e-ke-ro-qo-no-qe	εγχερόπονοι		wage-earners
𐀁𐀐𐀯	e-keⁿsi	έγχενσι	𓎛 𓈖 𓇋 𓇋 𓏏 | spear | ה חֲנִית ḫe khanít 	spear
𐀁𐀐𐀯𐀤	e-ke-si-qe	έγχενσι		spear
𐀁𐀒𐀕𐀜	e-ko-me-no	Ερχομενός (>Ορχομενός)		place name
𐀁𐀒𐀰	e-ko-so	Eξών		place name
𐀁𐀒𐀰𐀜	e-ko-so-no	Εξώνος		place name
𐀁𐀒𐀰𐀺𐀒	e-ko-so-wo-ko	εξωFοργοί		‘outside workers’ (compare to ‘entosvorgoi’)
𐀁𐀔𐁀	e-ma-a2	Ερμάhαι (Ερμάhας>Ερμής)		 (related to) god Hermes
𐀁𐀕	e-me	εμεί (>ενί)	sym	with one
𐀁𐀖𐀵	e-mi-to	εμμίσθων (έμμισθος)	<<	in pay, hired
𐀁𐀙𐀡𐀫	e-na-po-ro	Ενάπλους		place name
𐀁𐀚𐀁𐀯	e-ne-e-si	ενέενσι (ειμί		they/there are
𐀁𐀚𐀏	e-ne-ka	ένεκα	denn car	because of
𐀁𐀚𐀯𐀅𐀃𐀚	e-ne-si-da-o-ne	Ενεσιδάονει (Ενεσιδάων)	Phøniseidon ( just a rhyme )	epithet of god Poseidon  (=‘earth-shaker’)
𐀁𐀚𐀺𐀟𐀼	e-ne-wo-pe-za	εννεFόπεζα	εννε neune	 (table) with nine legs
𐀁𐀝𐀷𐀪𐀍	e-nu-wa-ri-jo	ΕνυFάλιος	𒀭 !	god’s name
𐀁𐀚𐀺	e-ne-wo-	εννεFο-	neuf neuve ⇔ 𓇷 new 	nine-
𐀁𐀛𐀞𐀳𐀸	e-ni-pa-te-we	ΕνιπατεύFει (Ενιπατεύς)		place name
𐀁𐀃	e-o	εών (ειμί)	'ˢe.oⁿ	εών [[sein]]'	being/existing
𐀁𐀠	e-pi	επί	ˢepi < super	towards/on top
𐀁𐀠𐀤	e-pi-qe	επί	epi qve (of)	towards/on top
𐀁𐀠𐀑𐀵𐀛𐀊	e-pi-ki-to-ni-ja	επιχιτώνια	ˢÜberKitteln	kind of clothing (see also ‘hiton’)
𐀁𐀠𐀸𐀴𐀪𐀍	e-pi-we-ti-ri-jo	επιFέστριος	over-vester	kind of occupation  (working with ‘over-garments’)
𐀁𐀠𐀿𐀲	e-pi-zo-ta	επίζωστα	𓊃 𓍿  !! 	tied on top
𐀁𐀤𐀯𐀊	e-qe-si-ja	επέσια		related to the ‘epetas’
𐀁𐀤𐀯𐀍	e-qe-si-jo	επέσιος		related to the ‘epetas’
𐀁𐀠𐀒𐀺	e-pi-ko-wo	επίκορFοι	'ob''guarvo  super-korporal'	observers, guards
𐀁𐀤𐀲	e-qe-ta	επέτας	^^	official title  (=‘attendant’)
𐀁𐀤𐀲𐀤	e-qe-ta-qe	επέτας		official title  (=‘attendant’)
𐀁𐀨	e-ra	Έρα	Syria? Hellas?	place name
𐀁𐀨𐀊	e-ra-ja	Εραία	Era 𓈉 𓌙 𓀀 𓈓	ethnic name of ‘Era’  (fem.)
𐀁𐀨𐀟𐀕𐀙	e-ra-pe-me-na	ερ (ρ)απμένα (>ερραμμένη>ραμμένη)	MM	sewed  (fem.)
𐀁𐀨𐀡 	e-ra-po 	ελάφων (έλαφος)	Helopons?	place name  (see also ‘limenes’)
𐀁𐀨𐀡 r𐀂𐀕𐀚	e-ra-po ri-me-ne	ελάφων (έλαφος)		place name  (see also ‘limenes’)
𐀁𐀨𐀳𐀂	e-ra-te-i	Ελάτει	Elatos ≠ Eritrea	place name
𐀁𐀨𐀳𐀂𐀍	e-ra-te-i-jo	Ελάτειος	Elatos 𓈉 𓌙 𓀀 𓈓	ethnic name of ‘Elatos’
𐀁𐀨𐀳𐀩𐀸	e-ra-te-re-we	ΕραθρέFει (ΕραθρέFα)		place name
𐀁𐀨𐀵𐀆	e-ra-to-de	Ελατόνδε (Έλατος)		place name
𐀁𐀨𐀺	e-ra-wo	έλαιον	ˢolive oil << sirup	olive/essential oil
𐀁𐀩𐀁	e-re-e	ερέεν  (>ερέττειν)	'oar''row!'	to row
𐀁𐀩𐀲	e-re-ta	ερέται	GeRuderer	rowers
𐀁𐀩𐀲𐀃	e-re-ta-o	ερετάων (ερέτας)	GeRuderer	rowers
𐀁𐀩𐀁𐀄	e-re-e-u	ερεύς	<<	person in charge of the ‘eretai’
𐀁𐀩𐀗	e-re-mo	έρεμος	Gerümpel ruin?	place deserted/isolated
𐀁𐀩𐀞	e-re-pa	ελέφας	elephant	elephant  (implying ivory)
𐀁𐀩𐀞𐀳	e-re-pa-te	ελεφάντει	elephant	elephant  (implying ivory)
𐀁-𐀩-𐀞-𐀵	ᵍe-le-pa-to 	ελεφάντει	elephant	
𐀁𐀩𐀞𐀳𐀊𐀠	e-re-pa-te-ja-pi	ελεφαντειάφι	Elephanten Vieh	elephant  (implying ivory)
𐀁𐀩𐀄𐀳𐀨	e-re-u-te-ra	ελευθέρα	gelivtere geleutere deliver @ Goth 	‘delivered’/free
𐀁𐀩𐀄𐀳𐀫	e-re-u-te-ro	ελεύθερος	'-''''-'	‘delivered’/free
𐀁𐀩𐀄𐀳𐀫𐀮	e-re-u-te-ro-se	ελευθέρωσε (εν) (>ελευθερώ)	'-''''-  G'	to set free/to deliver
𐀁𐀩𐀄𐀳𐀩	e-re-u-te-re	Ελευθέρει (Ελευθέραι;)	'-''''- !!'	place name?
𐀁𐀩𐀄𐀴𐀊	e-re-u-ti-ja	Ελευθία	Gelivertya "Liberty" 	goddess’s name (= ‘the Deliverer’)
𐀁𐀪nu 	e-ri-nu 	Ερινύς		goddess’s name
𐀁𐀪𐀏	ˢe-ri-ka	sarga	𒁍 SÍR 𒊮 ŠÀʳ хӕрис 𒄑𒊮𒆗 šagkal 	willow
𐀁𐀪𐀏	e-ri-ka	ελίκας (ελίκα> ελίκη)	'Erika ελίκη “wel''ke” '	willow tree
𐀁𐀫𐀔𐀵	e-ro-ma-to	Ελόμανθος (>Ερύμανθος)		place name
𐀁𐀬𐀲𐀨	e-ru-ta-ra	ερυθρά	'a''red deer erotic Eritrea'	red
𐀁𐀫𐀞𐀐𐀊	e-ro-pa-ke-ja	ελλοφάγεια		game  (hunting)
𐀁𐀫𐀞𐀐𐀲	e-ro-pa-ke-ta	ελλοφαγέτας	<<<<<	 (deer) hunter (ελλός= youngdeer)
𐀁𐀫𐀞𐀐𐀄	e-ro-pa-ke-u	ελλοφαγεύς		 (deer) hunter (ελλός= youngdeer)
𐀁𐀬𐀖𐀛𐀊	e-ru-mi-ni-ja	ελύμνιαι	𓌨 𓎼 𒂊 𒂍 room	roof beams
𐀁𐀭𐀩𐀄	e-sa-re-u	Εσαλεύς	Esaleus Gesairia	place name
𐀁𐀭𐀩𐀸	e-sa-re-we	Έσαλος		place name
𐀁𐀲𐀋𐀄	e-ta-je-u	Εταγεύς		place name
𐀁𐀳	e-te	ένθεν	endon	 (from) inside
𐀁𐀵𐀑𐀊	e-to-ki-ja	εντοίχια	endo…	fittings for insertion in walls
𐀁𐀵𐀛𐀍	e-to-ni-jo	ετώνιον		free-hold
𐀁𐀳𐀈𐀗	e-te-do-mo	 (e-te) δόμος	<<	profession
𐀁𐀳𐀺𐀐𐀩𐀸𐀂𐀍	e-te-wo-ke-re-we-i-jo	ΕτεFoκλέ Fειος (>Ετεόκλιος)	Eteokleus fils	‘son of Eteokleus’
𐀁𐀴𐀸	e-ti-we	 (e-ti-)Fεν		provided with ‘e-ti?’
𐀁𐀵𐀫𐀣𐀲	e-to-ro-qa-ta	εντροπάται (>τροπωτήρ)		oar-thongs
𐀁𐀵𐀺𐀒	e-to-wo-ko	εντοσFοργοί	ento-forgoi	‘inside workers’
𐀁𐀄𐀆𐀸𐀫	e-u-de-we-ro	ΕυδείFελος		place name
𐀁𐀄𐀐𐀵	e-u-ke-to	εύχετοι	'(ge)wish''ta'	he/she wishes
𐀁𐀄𐀐𐀵𐀤	e-u-ke-to-qe	εύχετοι	gewünschtes	he/she wishes
𐀁𐀄𐀲𐀩𐀺𐀺𐀺	e-u-ta-re-wowo-wo	ΕυθαλέFοςFόρFος	Eutare vorvos	place name  (see also ‘vorvos’)
𐀁𐀸𐀟𐀮𐀰𐀕𐀙	e-we-pe-se-so-me-na	εFεψεσόμενα (>ευτρόσσεσθαι)		‘ (things) to be returned’
𐀁𐀹𐀪𐀡	e-wi-ri-po	ΕFρίπως (>Εύριπος)	≈ Europe?	place name
𐀁𐀹𐀱𐁙𐀒	e-wi-su-*79-ko	εFισύ (ζυ;)ρκος	?	decorative motif (‘with deer on bothsides?’)
𐀁𐀹𐀱𐀿𐀒	e-wi-su-zo-ko	εFισύζορκος		decorative motif (‘with deer on bothsides?’)
𐀁𐀹𐀲𐀍	e-wi-ta-jo	EFιταίος	Eviteus	ethnic name of ‘Eviteus’
𐀁𐀹𐀳𐀄	e-wi-te-u	EFιτεύς		place name
𐀁𐀹𐀳𐀸	e-wi-te-we	EFιτέFει		place name
𐀁𐀹𐀳𐀹𐀍	e-wi-te-wi-jo	EFιτέFιος	Eviteus 𓈉 𓌙 𓀀 𓈓	ethnic name of ‘Eviteus’
𐀂𐀊𐀳	i-ja-te	ιάτερ	psych-iatry	doctor/curator
𐀂𐀁𐀩𐀄	i-e-re-u	ιερεύς	hiero	priest
𐀂𐀋𐀩𐀄	i-je-re-u	ιερεύς	ʰiᵍ-je-re-u 𓎛 𓂓 𓄿 𓀁 𓏪 𓋾	priest
𐀂𐀋𐀩𐀊	i-je-re-ja	ιέρεια	Hexerin	priestess
𐀂𐀋𐀩𐀹𐀍	i-je-re-wi-jo	ιερέFιος		 (someone)belonging to the priesthood
𐀂𐀋𐀩𐀺	i-je-re-wo	ιερήFος		priest
𐀂𐀋𐀫	i-je-ro	ιερός	ʰi-je-ro hieró	sacred, holly
𐀂𐀋𐀫	i-je-ro	ιερός	ʰiᵍ-je-ro hágio	sacred, holy
𐀂𐀍	i-jo	ιός (>υιός, γιός)	ὑγιός hugiós hiljiu fils Fειος	son
𐀂𐀍	i-jo	ιός (>υιός, γιός)	huiós	son
𐀂𐀍	i-jo	ιός (>υιός, γιός)	'iʰ-jo	iho '	son
𐀂𐀍𐀤	i-jo-qe	ιός (>υιός, γιός)		son
𐀂𐀋𐀸	i-je-we	ιεFεί		son
𐀂𐀋𐀵	i-je-to	ίεντοι		delivered  (also with the religious meaning)
𐀂𐀋𐀵𐀤	i-je-to-qe	ίεντοι		delivered  (also with the religious meaning)
𐀂𐀍𐀳	iᵍ-jo-te	ιόντες		 (they who are)coming
𐀂𐀐𐀄	iᵍ-ke-u	ικεύς		 (>ικέτης=suppliant)
𐀂𐀟𐀕𐀆𐀊	ᵍi-pe-me-de-ja	Ιφεμέδεια (>Ιφιμήδεια)	Hyphe Gyphe 𓅐 Media 𓎛 𓂓 𓄿 𓀁 𓏪 𓋾	goddess’s name
𐀂𐀟𐀕𐀆𐀊𐀤	ᵍi-pe-me-de-ja-qe	Ιφεμέδεια (>Ιφιμήδεια)	Iphemedeia <<<	goddess’s name
𐀂𐀟𐀕𐀆𐀊𐀍	ᵍi-pe-me-de-ja-jo	Ιφεμεδειαίον		sanctuary of ‘Iphemedeia’
𐀂𐀡𐀡𐀦𐀂*𐀂 𐀦𐀡𐀦𐀂?	i-po-po-qo-i*i- qo-po-qo-i?	ιπ (π)οπόποι (>ιπποκόμος)	hippo-	horse- grooms (problematic orthography)
𐀂𐀥𐀊	i-qi-ja	ιπ (π)ία	@ equus?	chariot
𐀂𐀦𐀁𐀤	i-qo-e-qe	ιπ (π)ο (e-qe)	hocker @ Höcker?	saddle?
𐀏𐀶𐀩𐀹𐀊	ka-tu-re-wi-ja	κανθυλήFιαι		saddle- bags
𐀂𐀳𐀊𐀃	ᵍi-te-ja-o	ιθειάων  (ιθείαι)	𒆤 KIT	weavers
𐀂𐀳𐀄	ᵍi-te-u	ιθεύς (>ιθύνω)	𒆤 KIT kitter	weavers
𐀂𐀵𐀸𐀭	ᵍi-to-we-sa	 (i-to) Fεσσα		'having / making ''i-to?’'
𐀍	jo-	ως  (>όπως)	Ja, 	introductory particle  (see also ‘o-’)
𐀍𐀈𐀰𐀯	jo-do-so-si	ως  (>όπως)	'Ja das is'' so ; ja da so sei …'	introductory particle  (see also ‘o-’)
𐀏𐀅𐀖𐀊	ka-da-mi-ja	καρδαμία (>κάρδαμον)	≠ cardamon?	 (some product related to) gardencress
𐀏𐀒	ka-ko	χαλκός	chalkos  χαλ •caˡpher full reading	copper
𐀏𐀐𐀊𐀠	ka-ke-ja-pi	'χαλ''κείαφι '	'ka''copper 𒆬 KU₃''copper '	copper
𐀏𐀑𐀊	ka-ki-jaⁿ	χαλκία	kupfern	made of copper
𐀏𐀐𐀊	ka-ke-jaⁿ	χαλκίος		made of copper
𐀏𐀐𐀄	ka-ke-u	χαλκεύς		copper worker
𐀏𐀐𐀄𐀯	ka-ke-u-si	χαλκεύσι		copper worker
𐀏𐀐𐀸	ka-ke-we	χαλκήFες		coppersmiths
𐀏𐀔	ka-ma	κάμα	Krume Kammer?	unit of land
𐀏𐀔𐀁𐀄	ka-ma-e-u	καμαεύς		owner of a ‘kama’
𐀏𐀙𐀒	ka-na-ko	κνάκος (>κνήκος)	Knokus ≈ Krokus	safflower  (plant)
𐀏𐀙𐀟𐀄	ka-na-pe-u	κναπεύς (κνάπτω)	Knappe	occupation  (one who cards cloth or wool)
𐀏𐀞𐀯𐀊	ka-pa-si-ja	Καρπασία	Karpaten Carpathians	personal/ethnic name of ‘Karpathos’ (fem.)
𐀏𐀞𐀴𐀊	ka-pa-ti-ja	Καρπαθία	Karpathos 𓈉 𓌙 𓀀 𓈓	personal/ethnic name of ‘Karpathos’ (fem.)
𐀏𐀟𐀮𐀷𐀃𐀺𐀺	ka-pe-se-wa-owo-wo	 (ka-pe-se-wa-o)FόρFος		place name  (see ‘vorvos’)
𐀏𐀠𐀛𐀊	ka-pi-ni-ja	καπνία	Kamin Kaµpnin ambi ampi!	‘chimney’
𐀏𐀡	ka-po	καρπός	grape	fruit
𐀏𐀬𐀠	ka-ru-pi	καρύφι !!	^^ គ្រាប់ krŏəp  ξηρός καρπός xirós karpós καρύδι karýdi κάρυον káruon macrone	nut- tree
𐀏𐀬𐀸	ka-ru-we	καρύFει (καρύα)	орѣхъ ᶜorěxŭ अख़रोट axroṭ ^^	nut- tree
𐀏𐀬𐀸𐀤	ka-ru-we-qe	καρύFει (καρύα)	^^	nut- tree
𐀏𐀨𐀀𐀠	ka-ra-a-pi	καράαφι	𓁶 kai 𒅗 KA…	 (with a) ‘κάρα’=head
𐀏𐀨𐀒	ka-ra-ko	γλάχων (>βλήχων)	kirbumünt blḗkhōn --	pennyroyal  (plant)
𐀏𐀨𐀔𐀵	ka-ra-ma-to	κλάσματος (κλάσμα)	<<<	fragment, part
𐀏𐀨𐀞𐀰	ka-ra-pa-so	Κάρπασος (>Κάρπαθος)		place name
𐀏𐀨𐀩𐀸	ka-ra-re-we	κλάρεFες	Karaffe	kind of pot  (stirrupjar)
𐀏𐀨𐀸	ka-ra-we	γράFες (*γραύς >γραία)	Gera Greisin	old women
𐀏𐀨𐀹𐀡𐀫	ka-ra-wi-po-ro	κλα (δ)Fιφόρος (>κλειδoφόρος)	clé	religious title,‘key-bearer?’
𐀏𐀨𐀹𐀡𐀫𐀤	ka-ra-wi-po-ro-qe	κλα (δ)Fιφόρος (>κλειδoφόρος)		religious title,‘key-bearer?’
𐀏𐀬𐀐	ka-ru-ke	κάρυκες (κάρυξ> κήρυξ)	kheruld	heralds
𐀏𐀬𐀵	ka-ru-to	Κάρυστος	Karistos!	place name
𐀏𐀴	ka-ti	κάρτις;	cattle cauldron <> chalco	kind of pot (hydria)
𐀏𐀿𐀁	ka-zo-e	κάζοες (κάκyοες>κακίονες)		 (of) worse (quality)
𐀐𐀁	ke-e	Κείει	Quelle <<<	place name (>κρήνη=spring)
𐀐𐀂𐀊𐀏𐀨𐀙	ke-i-ja-ka-ra-na	Κεία Κράνα		place name (>κρήνη=spring)
𐀐𐀂𐀍	ke-i-jo	Κείος	Keia	ethnic name of ‘Keia/Keie’
𐀐𐀏𐀄𐀕𐀜	ke-ka-u-me-no	κεκαυμένος	<> char-coal	burnt
𐀐𐀐𐀕𐀙	ke-ke-me-na	κεκειμένα	'co''common conco''manner 𓎟 kalke''ment'	common  (referring to ktoina= plot; see opp. ‘ktimena’)
𐀐𐀐𐀕𐀜	ke-ke-me-no	κεκείμενος		common  (referringto ktoina= plot; seeopp. ‘ktimena’)
𐀐𐀑	ke-ki	Κελχίς	Kelhis	place name
𐀐𐀑𐀆	ke-ki-de	Κελχίδες	'-''''-'	ethnic name of ‘Kelhis’
𐀐𐀑𐀆𐀤	ke-ki-de-qe	Κελχίδες	'-''''-'	ethnic name of ‘Kelhis’
𐀐𐀨𐀁𐀸	ke-ra-e-we	κεραέFει (ς) (κεραεύς)		horn worker
𐀐𐀨𐀕𐀄	ke-ra-me-u	κεραμεύς	ceramic	potter
𐀐𐀨𐀜	ke-ra-no	κελαινός	хура kirli काला kālā gray clam cool	dark, black
𐀐𐀨𐀴𐀍𐀍𐀺𐀺	ke-ra-ti-jo-jowo-wo	Κερατίοιο FόρFος	FόρFος	place name (see also ‘vorvos’)
𐀐𐀩𐁀	ke-re-a2	σκελέhας (>σκέλος)	skelet skeleg	legs
𐀐𐀩𐀯𐀍 𐀸𐀐	ke-re-si-jo we-ke	κρεσιοFεργής	Kresio ≈ Cretan!	of Cretan style
𐀐𐀩𐀴𐀺	ke-re-ti-wo	ΚρήθιFος	Cretivo?	place name
𐀐𐀫𐀯𐀊	ke-ro-si-ja	γερονσία (>γερουσία)	Greisen courth	council of elders (‘senate’)
𐀐𐀮𐀚𐀹𐀊 𐀐𐀮𐀛𐀹𐀊	ke-se-ne-wi-jake-se-ni-wi-ja	ξένFια	<<	‘hospitable’ (divine epithet)
𐀐𐀮𐀛𐀹𐀍	ke-se-ni-wi-jo	ξένιος)		‘hospitable’ (divine epithet)
𐀐𐀮𐀝𐀹𐀊	ke-se-nu-wi-ja	ξένFιος (>ξένια		‘hospitable’ (divine epithet)
𐀐𐀄𐀡𐀅 𐀐𐀄𐀡𐀅𐀃 𐀐𐀄𐀡𐀆𐀊	ke-u-po-da ke-u-po-da-o ke-u-po-de-ja	χευσπόνδας	xeuspoda?	 (=libation pourer)
𐀑𐀛𐀇𐀊	ki-ni-di-ja	Κνίδια (ι)	Knidia	ethnic name  (fem.)
𐀑𐀪𐀲	ki-ri-ta	κριθά (>κριθή)	𓂋 ქერი keri κρῖ krî	barley
𐀑𐀯𐀹𐀊	ki-si-wi-ja	ΞίFια (ι)	Kossovo;)	ethnic name of ‘>Chios?’  (fem.)
𐀑𐀲𐀜	ki-ta-no	κίρτανος (>κρίτανος)	---	terebinth tree  (see also ‘ti-mi-to’)
𐀑𐀴𐀋𐀯	ki-ti-je-si	κτίενσι		they cultivate (>κτίζω?= to settle,to found)
𐀑𐀴𐀕𐀙	ki-ti-me-na	κτιμένα		 (of ‘ktoina’= plot)settled, owned
𐀑𐀴𐀕𐀜	ki-ti-me-no	κτιμένος		 (of ‘ktoina’= plot)settled, owned
𐀑𐀴𐀲	ki-ti-ta	κτίτας	@ Kita;)	inhabitant, settler
𐀑𐀺	ki-wo	κίFων	kiˡwoⁿ колона  colon column	pillar
𐀑𐀺𐀤	ki-wo-qe	κίFων	"Khufus"	pillar
𐀒𐀑𐀩𐀊	ko-ki-re-ja	κολχιρεία	<<<<<<<	shell-shaped, spiral
𐀒𐀓	ko-ku	κόγχυς;	<> cowry	 (>κόγχη= a mussel/something sharp)
𐀒𐀓𐀫	ko-ku-ro	κογχυλός	<<<<<<<	shell-shaped/purple
𐀒𐀔𐀸𐀲	ko-ma-we-ta	κομαFέντα	<<<	 (κόμμα => stamp)
𐀒𐀔𐀸𐀳𐀊	ko-ma-we-te-ja	ΚομαFέντεια	𓆎	goddess’s name (κόμα>κόμη= hair)
𐀒𐀜	ko-no	σκοίνος	cane 𓇑 seggen schinus	schinus, rush (plant)
𐀒𐀜𐀰	ko-no-so	Κνωσός		place name
𐀒𐀜𐀰𐀆	ko-no-so-de	Κνωσόνδε		place name
𐀒𐀠𐀙	ko-pi-na	κοφίνα; (>κόφινος)	coffin!?	‘coffin?’ (>κόφινος= basket)
𐀒𐀩𐀳	ko-re-te	κορέτερ	courtier	official title (‘mayor’)
𐀒𐀩𐀳𐀪𐀍	ko-re-te-ri-jo	κορετήριον	caretaker	referring to the ‘koreter’  (‘mayor’s house’)
𐀒𐀪𐁀𐀅𐀙 𐀒𐀪𐀊𐀅na𐀒𐀪𐀊𐀈n𐀃𐀒𐀪𐀍𐀅𐀙	ko-ri-a2-da-na ko-ri-ja-da-nako-ri-ja-do-noko-ri-jo-da-na	κορίανδρον κολίαδνα	coriander @ Korinth?	coriander  (plant)
𐀒𐀪𐀯𐀊	ko-ri-si-ja	Κορίνσια	Korinthos	ethnic name of ‘Korinthos’
𐀒𐀪𐀯𐀍	ko-ri-si-jo	Κορίνσιος (>Κορίνθια	Korinthos 𓈉 𓌙 𓀀 𓈓	ethnic name of ‘Korinthos’
𐀒𐀪𐀵	ko-ri-to	Κόρινθος	Korinth	place name
𐀒𐀫𐀍𐀺𐀹𐀊	ko-ro-jo-wo-wi-ja	κροιοFόρFια		place name
𐀒𐀫𐀓𐀨𐀂𐀍	ko-ro-ku-ra-i-jo	Κροκυλαίοι (>Κερκυραίοι;)	<< Krokula ≠ Corfu	ethnic name of Corfu?
𐀒𐀫𐀜𐀸𐀭	ko-ro-no-we-sa	κορωνόFεσσα (κορωνός	•curve •crook •crown	 (pot decoration)‘ko-ro-nο-’ like: (κορωνός= curved,crooked/κορώνη= sea-crow
𐀒𐀬𐀸𐀊	ko-ru-we-ja	κορυFεία (>κουρήια;)		related to ‘ko-wa’/or to ‘ko-ru?’ (see also ‘qo-wi-ja’)
𐀒𐀵𐀂𐀙	ko-to-i-na	κτοίνα	√court	plot of land
𐀒𐀵𐀙	ko-to-na	κτοινάων		plot of land
𐀒𐀵𐀜𐀒	ko-to-no-ko	κτοινόοχοι		plot owners
𐀒𐀵𐀜𐀃𐀒	ko-to-no-o-ko	κτοινόοχοι		plot owners
𐀒𐀶𐀸	ko-tu-we	ΚοτύFει		place name
𐀒𐀶𐀺	ko-tu-wo	ΚότυFος		place name
𐀓𐀈𐀛𐀊	ku-do-ni-ja	Κυδωνία	Kudwonia > Chania ?	place name (modern Chania)
𐀒𐀸𐀊	ko-we-ja	κορυFεία (>κουρήια;)		related to ‘ko-wa’/or to ‘ko-ru?’ (see also ‘qo-wi-ja’)
𐀒𐀸𐀊	ko-we-ja	κόρFεια (>κούρια)		like a ‘korfa’  (see next)
𐀒𐀷	ko-wa	κόρFα (>κούρη, κόρη)	kurva girvl	young woman, girl
𐀒𐀺	ko-wo	κόρFος (>κούρος)		young man
𐀓𐀙𐀊	ku-na-ja	γυναία		woman
𐀓𐀙𐀑𐀯	ku-na-ki-si	γυναιξί	gyne…	woman
𐀓𐀙𐀐𐀲	ku-na-ke-ta	κυναγέτας	'khun''ter con''jagta <<< ᎦᏃᎭᎵᏙᎯ ganohalidohi'	hunter
𐀓𐀠𐀪𐀍	ku-pi-ri-jo	Κύπριος	cypriot 𓈉 𓌙 𓀀 𓈓	ethnic name  (of Cyprus)
𐀓𐀞𐀫	ku-pa-ro	κύπαιρος	≈	cyperus  (plant)
𐀓𐀞𐀪𐀯𐀍	ku-pa-ri-si-jo	Κυπαρίσιοι (Κυπαρίσιος)	Kyparisos 𓈉 𓌙 𓀀 𓈓	ethnic name of ‘Kyparisos’
𐀓𐀞𐀫𐀸	ku-pa-ro-we	κυπαιρόFεν		made with ‘kypairos’  (see previous)
𐀓𐀩𐀸	ku-re-we	ΚουρήFες (>Κουρήτες)	Kourefes 𓈉 𓌙 𓀀 𓈓	group name
𐀓𐀬𐀰	ku-ru-so	χρυσός	chrysos	gold
𐀓𐀬𐀰𐀤	ku-ru-so-qe	χρυσός	Krösus	gold
𐀓𐀱	ku-su	ξύν  (>συν)	𓎛𓈖𓂝  <<	plus
𐀓𐀱𐀞	ku-su-pa	ξύμπαν (>σύμπαν)	𓎟 sympan <<<<	whole
𐀓𐀱𐀵𐀫𐀞	ku-su-to-ro-pa	ξυ (ν)στρoφά (>συστροφή)	^^	collection,gathering
𐀓𐀲𐀂𐀵	ku-ta-i-to	Κύταιστος		place name
𐀓𐀲𐀴𐀍	ku-ta-ti-jo	Κυταίσιος	Kytaistos 𓈉 𓌙 𓀀 𓈓	ethnic name of ‘Kytaistos’
𐀓𐀲𐀵	ku-ta-to	Κύταιστος		place name
𐀓𐀳𐀨𐀃	ku-te-ra-o	Κυθεραίος	Kythera 𓈉 𓌙 𓀀 𓈓	ethnic name of ‘Kythera’
𐀓𐀳𐀩𐀄𐀠	ku-te-re-u-pi	Κυθερεύφι (Κύθηρα)	Kythereuphi	place name (modern Kithira)
𐀓𐀳𐀮𐀍	ku-te-se-jo	κυτέσειος		made from ebony/in ebony
𐀓𐀷𐀜	ku-wa-no	κύFανος (>κύανος)	𓐍 𓊃 𓃀 𓂧 𓈓 •kusbaδo > kusvaño > κύFανος	gemstone  (lapislazuli)
𐀓𐀷𐀜𐀤	ku-wa-no-qe	κύFανος (>κύανος)		gemstone  (lapislazuli)
𐀓𐀷𐀜𐀺𐀒	ku-wa-no-wo-ko	κυFανοFοργός		gemstone worker
𐀔𐀏	ma-ka	Μά Γά; (Μάτερ Γαία)		‘mother earth?’ (goddess’ name)
𐀔𐀙𐀭	ma-na-sa	Μάνασσα		goddess’s name
𐀔𐀨𐀚𐀛𐀍	ma-ra-ne-ni-jo	Μαλανένιοι		ethnic name (related to Marineu?)
𐀔𐀨𐀳𐀄	ma-ra-te-u	Μαλατεύς		personal/ethnic name
𐀔𐀨𐀳𐀸 	ma-ra-te-we 	μαλαθήFες		ethnic name
𐀔𐀨𐀶𐀺	ma-ra-tu-wo	μαράθυFον (>μάραθος)		fennel  (plant)
𐀔𐀪𐀚𐀄	ma-ri-ne-u	Μαρινεύς		god’s name?
𐀔𐀪𐀚𐀸𐀊𐀂	ma-ri-ne-we-ja-i	ΜαρινέFεια (ι)		priestess of ‘Marineus’?
𐀔𐀪𐀲	ma-ri-ta	Μάλιτας		personal/ethnic name
𐀔𐀪𐀴𐀍	ma-ri-ti-jo	μαλθί (Fι)ος		ethnic name
𐀔𐀪𐀴𐀹𐀍	ma-ri-ti-wi-jo	μαλθί (Fι)ος		ethnic name
𐀔𐀫𐀠	ma-ro-pi	Μαλόφι (Μάλος)		place name
𐀔te te𐀂𐀊	ma-te te-i-ja	Μάτερ Θεία		‘divine mother’
𐀔𐀳re te𐀂𐀊	ma-te-re te-i-ja	Μάτερ Θεία		‘divine mother’
𐀔𐀵𐀫𐀢𐀫	ma-to-ro-pu-ro	Ματρόπυλος		place/city
𐀔t𐀃pu𐀫	ma-topu-ro	Ματρόπυλος		place/city
𐀕𐀏𐀃 𐀺𐀺	me-ka-o wo-wo	 (me-ka-o) FόρFος		place name (see also ‘vorvos’)
𐀕𐀛𐀍	me-ni-jo	μήνιος		related to ‘mein’ (see next)
𐀕𐀜	me-no	μηνός (μην> μήνας)		month  (μήν=month/moon/an Anatolian deity)
𐀕𐀜𐀁𐀊	me-no-e-ja	μηνοεία		moon shaped?
𐀕𐀩𐀴𐁈	me-re-ti-ra2	μελέστριαι		flour grinders (fem.)
𐀕𐀩𐀄𐀫	me-re-u-ro	μέλευρον (>μάλευρον)		flour
𐀕𐀪	me-ri	μέλι (ν)		honey
𐀕𐀪𐀅𐀔𐀳	me-ri-da-ma-te	μελιδάματες		ceremonial title (‘distributors of honey’?)
𐀕𐀪𐀉𐀔𐀳	me-ri-du-ma-te	μελιδύματες		ceremonial title (‘distributors of honey’?)
𐀕𐀪𐀵	me-ri-to	μέλιτον		honey
𐀕𐀲𐀐𐀓𐀕𐀙	me-ta-ke-ku-me-na	μετακεκυμένα		dismantled?
𐀕𐀲𐀑𐀴𐀲	me-ta-ki-ti-ta	μετακτίτας		settler on a second-stage  (see also ‘ktitas’)
𐀕𐀲𐀞	me-ta-pa	Μετάπα		place name
𐀕𐀲𐀞𐀆	me-ta-pa-de	Μετάπανδε		place name
𐀕𐀲𐀠𐀍	me-ta-pi-jo	Μετάπιος	Metapa 𓈉 𓌙 𓀀 𓈓	ethnic name of ‘Metapa’
𐀕𐀄𐀍	me-u-jo	μεFίος (>μείων)		smaller (one person)
𐀕𐀄𐀍𐁀	me-u-jo-a2	μεFίοhα (>μείονα)		smaller (many things)
𐀕𐀹𐀍	me-wi-jo	μεFίων		smaller (one person)
𐀕𐀹𐀍𐀁	me-wi-jo-e	μεFίοες (>μείονες)		smaller (many persons)
𐀕𐀿	me-zo	μέζων		greater, bigger (one person)
𐀕𐀿𐁀	me-zo-a2	μέζοhα (>μείζονα)		greater, bigger (many things)
𐀕𐀿𐀁	me-zo-e	μέζοες (>μείζονες)		greater, bigger (many persons)
𐀖𐀨𐀴𐀊	mi-ra-ti-ja	Μιλάτια (ι)	Milatos 𓈉 𓌙 𓀀 𓈓	ethnic name of ‘Milatos’  (Miletus)
𐀖𐀲	mi-ta	μίνθα (>μέντα)		mentha, mint (plant)
𐀖𐀲𐀤	mi-ta-qe	μίνθα (>μέντα)		mentha, mint (plant)
𐀗𐀪𐀺𐀈	mo-ri-wo-do	μόλυβδος		 (=) lead
𐀗𐀫𐀣	mo-ro-qa	μορόπας		official  (military?)title
𐀙𐀄𐀈𐀗	na-u-do-mo	ναυδόμος		ship worker
𐀙𐀹𐀍	na-wi-jo	νάFιος (ναFός>ναός)		of the temple
𐀚𐀆𐀸	ne-de-we	ΝεδεFεί (ει)		place name (>Neda= a modernriver)
𐀚𐀆𐀸𐀁	ne-de-we-e	ΝεδεFεί (ει)		place name (>Neda= a modernriver)
𐀚𐀈𐀺𐀲𐀆	ne-do-wo-ta-de	NeδFότανδε		place name (>Neda= a modernriver)
𐀚𐀈𐀺𐀳	ne-do-wo-te	ΝέδFοθεν (ΝέδFα		place name (>Neda= a modernriver)
𐀚𐀺	ne-wo	 (>νέα		
n𐀃)	no)	Λάπανδος		in the month of Lapatos)
𐀜	no	Λάπανδος		in the month of Lapatos)
𐀜𐀟𐀩𐁀	no-pe-re-a2	νωφελέα		useless
𐀜𐀤	no-qe	Λάπανδος		in the month of Lapatos)
𐀜𐀪𐀺𐀑𐀆	no-ri-wo-ki-de	 (no-ri-wo-)κιδες		ethnic/group name
𐀝𐀷𐀊	nu-wa-ja	νυμFαία;		kind of cloth/textile (>νυμφαία=yellow water-lily/νύμφα= bride)
𐀃𐁀	o-a2	οhά		introductory/prothetic world ‘who, in thismanner’  (see also ‘jo-’)
𐀃𐀅𐁀	o-da-a2	οδάhα		introductory/prothetic world ‘who, in thismanner’  (see also ‘jo-’)
𐀃𐀅𐁌ta 	o-da-twe-ta 	οδατFέντα (>οδούς= δόντι)		provided with ‘teeth’  (of wheels)
𐀃𐀆𐀣𐁀	o-de-qa-a2	οδετάhα		introductory/prothetic world ‘who, in thismanner’  (see also ‘jo-’)
𐀃𐀉𐀬𐀸	o-du-ru-we	ΟδρύFει (Οδρύς;)		place name
𐀃𐀉𐀬𐀹𐀊	o-du-ru-wi-ja	ΟδρύFια	Odryvei/Odrys 𓈉 𓌙 𓀀 𓈓	ethnic name of ‘Odryvei/Odrys’
𐀃𐀉𐀬𐀹𐀍	o-du-ru-wi-jo	ΟδρύFιος	Odryvei/Odrys 𓈉 𓌙 𓀀 𓈓	ethnic name of ‘Odryvei/Odrys’
𐀃𐀏	o-ka	ορχά (>αρχή)		command/mission/ (military) unit
𐀃𐀏𐀨	o-ka-ra	Οιχαλαί		place name
𐀃𐀗𐀠	o-mo-pi	όρμοφι (όρμος)		with chains
𐀃𐀙𐀲	o-na-ta	όνατα		lease
𐀃𐀙𐀳𐀩	o-na-te-re	ονάτερες		lessees  (see next)
𐀃𐀙𐀵	o-na-to	όνατον (ωνέομαι)		lease
𐀃𐀛𐀴𐀀𐀠	o-ni-ti-a-pi	ορνίθιαφι (όρνις		 (with) birds
𐀃𐀜	o-no	ώνοι		 (>ώνια= payment)
𐀃𐀝𐀏	o-nu-ka	όνυξ		 (anything like a)claw, nail
𐀃𐀝𐀐	o-nu-ke	όνυχες		 (anything like a)claw, nail
𐀃𐀞	o-pa	όλπα (>όπλα;)		term related with the delivery of things
𐀃𐀞𐀺𐀲	o-pa-wo-ta	 (o-pa)φορτα		things being brought
𐀃𐀟𐀫	o-pe-ro	όφελος		debt, liability
𐀃𐀟𐀫𐀤	o-pe-ro-qe	όφελος		debt, liability
𐀃𐀟𐀫𐀯	o-pe-ro-si	οφέλονσι (>οφείλουσι)		they owe
𐀃𐀟𐀲	o-pe-ta	Οφέλτας		name
𐀃𐀠	o-pi	οπί		towards/on top
𐀃𐀠𐁀𐀨	o-pi-a2-ra	οπίhαλα (>παράλια)		places by the sea,coastline
𐀃𐀠𐀆𐀰𐀗	o-pi-de-so-mo	οπίδεσμοι		binding straps  (see also ‘de-so-mo’)
𐀃𐀠𐀂𐀊𐀠	o-pi-i-ja-pi	οπιίαφι (i-ja= ία;)		parts of the reins
𐀃𐀠𐀏𐀟𐀁𐀸	o-pi-ka-pe-e-we	οπισκαφέεFες (επί+ σκάμμα)		overseers of digging operations
𐀃𐀠𐀐𐀩𐀖𐀊𐀠	o-pi-ke-re-mi-ja-pi	οπικελέμνιαφι (οπί+ κελεμνός;)		part of decoration (of chairs)
𐀃𐀠𐀐𐀩𐀖𐀛𐀊	o-pi-ke-re-mi-ni-ja	οπικελέμνια		part of decoration (of chairs)
𐀃𐀠𐀱𐀒	o-pi-su-ko	οπισυγός		‘fig- overseer’ (see also ‘suza’)
𐀃𐀠𐀱𐀒𐀤	o-pi-su-ko-qe	οπισυγός		‘fig- overseer’ (see also ‘suza’)
𐀃𐀠𐀳𐀳𐀩	o-pi-te-te-re	οπιθετήρες		chocks
𐀃𐀡𐀦	o-po-qo	οπώπω  (δυικ.) (όπωποι)		blinders
𐀃𐀡𐀫	o-po-ro	ώφλον (>οφείλω)		they owed (see also ‘o-pe-ro-si’)
𐀃𐀩𐀁𐀺 𐀺𐀺	o-re-e-wo wo-wo	 (o-re-e-wo)FόρFος		place name (see also ‘vorvos’)
𐀃𐀩𐀂	o-re-i	όρει  (όρος)		mountain
𐀃𐀩𐀗𐀀𐀐𐀩𐀄	o-re-mo-a-ke-re-u	 (o-re-mo)  αγρεύς		place name  (see also ‘agros’)
𐀃𐀫𐀕𐀜	o-ro-me-no	ορόμενος (ορώ)		watching over
𐀃𐀬𐀔𐀵	o-ru-ma-to	Ορύμανθος		place name
𐀃𐀳	o-te	ότε (όταν)		when
𐀃𐀄	o-u-	ου		not
𐀃𐀄𐀇𐀈𐀯	o-u-di-do-si	ου δίδονσι		they don’t give/they are not given
𐀃𐀄𐀇𐀈𐀵	o-u-di-do-to	ου δίδοντοι		they don’t give/they are not given
𐀃𐀄𐀑	o-u-ki-	ουχί (>όχι)		not
𐀃𐀄𐀳𐀖	o-u-te-mi	 (ου) τέρμις		without edges?
𐀃𐀄𐀺𐀽	o-u-wo-ze	ου Fόρζει		not working  (see also ‘wo-ze’)
𐀃𐀹𐀆𐀲𐀂	o-wi-de-ta-i	οFιδέται (οFιδέτας)		religious title ‘sheep- flayers?’
𐀃𐀹𐀵𐀛𐀍	o-wi-to-ni-jo	ΟFιτόνιοι	Ovitnos 𓈉 𓌙 𓀀 𓈓	ethnic name of ‘Ovitnos’
𐀃𐀹𐀵𐀜	o-wi-to-no	ΌFιτνος		place name
𐀃𐀺𐀸	o-wo-we	οFώFεις (οFός> ους)		with ‘ears,’handles
𐀞𐀂𐀴𐀊	pa-i-ti-ja	Φαίστια	Phaistos 𓈉 𓌙 𓀀 𓈓	ethnic name of ‘Phaistos’
𐀞𐀂𐀴𐀍	pa-i-ti-jo	Φαίστιος	Phaistos 𓈉 𓌙 𓀀 𓈓	ethnic name of ‘Phaistos’
𐀞𐀂𐀵	pa-i-to	Φαιστός		place name
𐀞𐀊𐀺𐀚	pa-ja-wo-ne	ΠαιαFόνει (Παιάων)		god’s name (>related to Apollo?)
𐀞𐀏𐀙	pa-ka-na	φάσγανα		small swords,knives
𐀞𐀐𐀳𐀩	pa-ke-te-re	πακτήρες		pegs
𐀞𐀑𐀊𐀙	pa-ki-ja-na	Φασγιαναί		place name (religious center)
𐀞𐀑𐀊𐀙𐀆	pa-ki-ja-na-de	Σφαγιαναί		place name (religious center)
𐀞𐀑𐀊𐀛𐀊	pa-ki-ja-ni-ja	Φασγιανία (ι)	Phasgianai/Sphagianai 𓈉 𓌙 𓀀 𓈓	ethnic name of ‘Phasgianai/Sphagianai’
𐀞𐀑𐀊𐀛𐀍pa𐀑𐀊𐀛𐀍𐀂pa𐀑𐀊𐀛𐀍𐀍	pa-ki-ja-ni-jopa-ki-ja-ni-jo-ipa-ki-ja-ni-jo-jo	Σφαγιανία (ι)	Phasgianai/Sphagianai 𓈉 𓌙 𓀀 𓈓	ethnic name of ‘Phasgianai/Sphagianai’
𐀞𐀒𐀸	pa-ko-we	σφακόFεν		made with siege (plant)
𐀞𐀔𐀒	pa-ma-ko	φάρμακον;		medicine
𐀞𐀨𐀍	pa-ra-jo	παλαιός		old
𐀞𐀨𐀓	pa-ra-ku	>βαρακίς		dye- substance
𐀞𐀫	pa-ro	παρό  (>παρά)		to whom, ‘chez’
𐀞𐀭	pa-sa	πάνσαν  (πάνσα)		all  (fem.)
𐀞𐀭l𐀃	pa-sa-lo	ψάλον  (>ψάλλιον)		chain, part of the bridle
𐀞𐀯	pa-si	φασί (ν) (φαμί		they say
𐀞𐀯𐀳𐀃𐀂	pa-si-te-o-i	πάνσι- θεοίς		to all gods
𐀞𐀲𐀊	pa-ta-ja	παλταιά  (>παλτόν)		arrow
𐀞𐀳	pa-te	πάτερ		father
𐀞𐀳𐀒𐀵	pa-te-ko-to	παντέκτων		‘all-builder’
𐀞𐀸𐀀	pa-we-a	φάρFεα		textiles
𐀞𐀺𐀐	pa-wo-ke	πάρFοργες;		ancillaries
𐀟𐀅	pe-da	πεδά		towards/after
𐀟𐀆𐀸𐀭	pe-de-we-sa	πέδFεσσα		having legs
𐀟𐀇𐀨	pe-di-ra	πέδιλα		sandals
𐀟𐀂	pe-i	σφεις		them
𐀟𐀒𐀵	pe-ko-to	πέκοτον;		kind of textile
𐀟𐀗	pe-mo	σπέρμον		
𐀟𐀚𐀸𐀲	pe-ne-we-ta	πνέFεντα;		type of cloth
𐀟𐀣𐀵	pe-qa-to	πέκFατοι (*πέδFατοι;)		part of a chariot (foot boards?)
𐀟𐀨𐀀𐀒𐀨𐀂𐀊	pe-ra-a-ko-ra-i-ja	περαίαιχωραίαι (= ‘πέρα- χώρα’)		place name (see opp.‘devroaihoraiai’)
𐀟𐀩	pe-re	φέρει (ν)		to bring
𐀟𐀩𐀐𐀄	pe-re-ke-u	πελεκεύς		hewer (πέλεκυς= axe)
𐀟𐀩𐀄𐀫𐀙𐀆	pe-re-u-ro-na-de	Πλευρώνανδε (Πλευρών)		place name
𐀟𐀩𐀄𐀫𐀛𐀍	pe-re-u-ro-ni-jo	Πλευρώνιος	Pleuron 𓈉 𓌙 𓀀 𓈓	ethnic name of ‘Pleuron’
𐀟𐀬𐀯𐀝𐀷	pe-ru-si-nu-wa	περυσινFά		of last year
𐀟𐀬𐀯𐀝𐀺	pe-ru-si-nu-wo	περυσινυFό (>περυσινά		of last year
𐀟𐀬𐀯𐁅	pe-ru-si-nwa	περυσινό)		of last year
𐀟𐀳𐀩𐀷	pe-te-re-wa	πτελεFάς (>πτελέα)		 (made of) elmwood
𐀟𐀵𐀛𐀍	pe-to-ni-jo	Πετόνιος		ethnic name of Petonos/Petnos
𐀟𐀵n𐀃pe𐀵𐀜𐀆	pe-to-nope-to-no-de	Πετονός		place name
𐀠𐁀𐀨	pi-a2-ra	φιhάλα (ι)		kind of pot
𐀠𐀋𐁉	pi-je-ra3	φιελαία (ι) (>φιάλη)		kind of pot
𐀠𐀪𐀁𐀳𐀯	pi-ri-e-te-si	πριέτεσι		ivory worker (πρίω= to saw)
𐀠𐀪𐀊𐀃	pi-ri-ja-o	φλιαίων (φλιαί)		doorposts
𐀠𐀪𐀋𐀳	pi-ri-je-te	πριέτερ		ivory worker (πρίω= to saw)
𐀠𐀪𐀋𐀳𐀩	pi-ri-je-te-re	πριέτερες		ivory worker (πρίω= to saw)
𐀠𐀴𐁊𐀸𐀭	pi-ti-ro2-we-sa	πτιλιόFεσσα (>πτίλον)		furnished with feathers?
𐀡𐀅𐀒	po-da-ko	Πόδαργος		personal/animalname
𐀡𐀅𐀒𐀤	po-da-ko-qe	Πόδαργος		personal/animalname
𐀡𐀆	po-de	ποδεί		with legs
𐀡𐀑𐀫𐀝𐀏	po-ki-ro-nu-ka	ποικιλώνυχα		kind of decoration (compare with ‘leukonyha’)
𐀡𐀕	po-me	ποιμήν		shepherd
𐀡𐀕𐀚	po-me-ne	ποιμένει		shepherd
𐀡𐀕𐀜	po-me-no	ποιμένος		shepherd
𐀡𐀛𐀐	po-ni-ke	φοινίκει		decorated with agriffin or palmtrees/
𐀡𐀛𐀐𐀤	po-ni-ke-qe	φοινίκει		decorated with agriffin or palmtrees/
𐀡𐀛𐀑𐀊	po-ni-ki-ja	φοινίκιος		purple phoenix
𐀡𐀠	po-pi	πόφι (>πους)		with legs
𐀡𐀢𐀩𐀊	po-pu-re-ja	πορφυρεία		purple  (fem.)
𐀡𐀤𐀹𐀀	po-qe-wi-a	φορεFιαί (>φορβειά)		halters
𐀡𐀩𐀙	po-re-na	φορήναι (>φέρομαι;)		attendees in sacrificial ceremonies
𐀡𐀩𐀙𐀤	po-re-na-qe	φορήναι (>φέρομαι;)		attendees in sacrificial ceremonies
𐀡𐀫	po-ro-	προ-		before/pro-
𐀡𐀫𐀉𐀔𐀳	po-ro-du-ma-te	προδύματες		family groups? (see also ‘dymates’)
𐀡𐀫𐀁𐀐	po-ro-e-ke	προεχής		 (table) fittingagainst the wall
𐀡𐀫𐀒𐀩𐀳𐀩	po-ro-ko-re-te-re	προκορέτερες		official title ‘vice-mayors’ (see also ‘koreter’)
𐀡𐀫𐀒𐀩𐀳𐀩𐀤	po-ro-ko-re-te-re-qe	προκορέτερες		official title ‘vice-mayors’ (see also ‘koreter’)
𐀡𐀫𐀹𐀵	po-ro-wi-to	ΠλωFιστοίο (ΠλώFιστος)		month name
𐀡𐀫𐀹𐀵𐀍	po-ro-wi-to-jo	ΠλωFιστοίο (ΠλώFιστος)		month name
𐀡𐀬𐀡𐀆	po-ru-po-de	πολυπόδει (πολύπους)		 (decorated with an)octopus
𐀡𐀬𐀡𐀆𐀤	po-ru-po-de-qe	πολυπόδει (πολύπους)		 (decorated with an)octopus
𐀡𐀮𐀅𐀃	po-se-da-o	Ποσειδάων		god’s name (>Poseidon)
𐀡𐀮𐀅𐀃𐀚	po-se-da-o-ne	Ποσειδαόνει		god’s name (>Poseidon)
𐀡𐀯	po-si	ποσί		up/on
𐀡𐀯𐀅𐀁𐀊	po-si-da-e-ja	Ποσιδάεια		goddess’s name
𐀡𐀯𐀅𐀁𐀸	po-si-da-e-we	ΠοσιδάεFες		cult association related to ‘Poseidaon’
𐀡𐀯𐀅𐀂𐀋u𐀡𐀯𐀅𐀂𐀋𐀄𐀯	po-si-da-i-je-upo-si-da-i-je-u-si	Ποσιδαϊγεύς		priest of ‘Poseidaon’
𐀡𐀯𐀅𐀂𐀍	po-si-da-i-jo	Ποσιδαίον		place dedicated to ‘Poseidaon’
𐀡𐀯𐀐𐀳𐀩	po-si-ke-te-re	ποσικέτερες (>οικέτης;)		dweller/houseservant (‘immigrants?’)
𐀡𐀴𐀛𐀊  𐀂𐀤𐀀	po-ti-ni-ja  i-qe-a	 (πότνεια) Ιπ (π)εία		goddess’s name (‘mistress of the horses’)
𐀡𐀴𐀛𐀊	po-ti-ni-ja	πότνια		goddess/‘beloved one’
𐀡𐀴𐀛𐀊𐀸𐀂𐀍	po-ti-ni-ja-we-i-jo	ποτνιάFειος		person related/dedicated to ‘potnia’
𐀡𐀴𐀛𐀊𐀸𐀊	po-ti-ni-ja-we-ja	ποτνιάFεια		person related/dedicated to ‘potnia’
𐀡𐀴𐀛𐀊𐀸𐀍	po-ti-ni-ja-we-jo	ποτνιάFειος		person related/dedicated to ‘potnia’
𐀡𐀴𐀠	po-ti-pi	πόρτιφι (πόρτις)		 (decorated  with a)young cow
𐀡𐀴𐀠𐀤	po-ti-pi-qe	πόρτιφι (πόρτις)		 (decorated  with a)young cow
𐀡𐀴𐀫	po-ti-ro	ποντίλοι		sailors
𐁇𐀜	pte-no	φτενοί		parts of a chariot (φτενός=  ‘thin’)
𐀢𐀒𐀰	pu-ko-so	πύξος		box- wood
𐀢𐀨𐀄𐀵𐀫	pu-ra-u-to-ro	πύραυθρον		cooking vessel (>πύραστρον,πυράγρα= forceps)
𐁆𐁈𐀀𐀐𐀩𐀄	pu2-ra2-a-ke-re-u	Φυλίας Αγρεύς		place name (φυλία= wildolive)
𐁆𐀳	pu2-te	φύτερ		planter
𐁆𐀳𐀪𐀊	pu2-te-ri-ja	φυτέρια		planted, cultivated (of ‘ktoina’= plots)
𐀣𐀨	qa-ra	KFάρα		place name
𐀣𐀨𐀵𐀫	qa-ra-to-ro	κFάλαθρον (>σπάλαθρον?)		rake
𐀣𐀯𐀩𐀄	qa-si-re-u	κFασιλεύς (>βασιλεύς)		title/occupation (latter the king)
qe)	qe)	 (>εγχέω)		
𐀤𐀥𐀜𐀕𐀙	qe-qi-no-me-na	γεγινωμένα		made by twisting
𐀤𐀥𐀜𐀕𐀜	qe-qi-no-me-no	γεγινωμένος		made by twisting
𐀤𐀥𐀜𐀵	qe-qi-no-to	γεγινωτός (>δινωτός)		made by twisting
𐀤𐀥𐀜𐀵𐀤	qe-qi-no-to-qe	γεγινωτός (>δινωτός)		made by twisting
𐀤𐀨𐀙	qe-ra-na	κέρνα		type of pot  (ewer)
𐀤𐀨𐀯𐀊	qe-ra-si-ja	Κερασία (>Θηρασία)		goddess’sname/epithet of Artemis?
𐀤𐀩𐀴𐀪𐀍	qe-re-ti-ri-jo	βλητρίω  (δυικ.) (>βλήτρον)		a band or hoop  (ofships)
𐀤𐀳𐀀	qe-te-a	 (>τέλθος;)		due  (to the gods?) (>τέλθος= debt,payment due)
𐀤𐀵	qe-to	 (>πίθος)		a kind of pot
𐀤𐀵𐀫	qe-to-ro-	πετρο-  (>τετρα-)		tetra-
𐀤𐀵𐀫𐀡𐀠	qe-to-ro-po-pi	πετροπόφι		with four legs,cattle
𐀥𐀯𐀟	qi-si-pe	ξίφεε  (δυικ.) (ξίφη)		swords
𐀥𐀯𐀟𐀁	qi-si-pe-e	ξίφεε  (δυικ.) (ξίφη)		swords
𐀦𐀃	qo-o	κFόος  (>βούς)		ox
𐀦𐀫𐀘𐀫	qo-ro-mu-ro	Βρώμυλος		place name
𐀦𐀄𐀏𐀨	qo-u-ka-ra	βούκαρα (>βουκρανία)		bull head  (βους=ox+ κάρα= head)
𐀦𐀄𐀒𐀫	qo-u-ko-ro	βουκόλος		shepherd, cattle-driver
𐀦𐀄𐀦𐀲	qo-u-qo-ta	βουβότας		shepherd, pastor
𐀦𐀹𐀊	qo-wi-ja	κόρFια (>κουρήια)		divine  (see also ‘korfa’)
𐀨𐀁𐀊	ra-e-ja	λαεία  (λάας)		made of stone
𐀨𐀊	ra-ja	Ραία		place name
𐀨𐀐𐀅𐀖𐀛𐀍	ra-ke-da-mi-ni-jo	Λακεδάμνιος (>Λακεδαίμων)	Lacedaemonia 𓈉 𓌙 𓀀 𓈓	ethnic name of ‘Lacedaemonia’ (>Laconia)
𐀨𐀖𐀛𐀊	ra-mi-ni-ja	Λάμνιαι (>Λήμνιαι)	Lemnos? 𓈉 𓌙 𓀀 𓈓	ethnic name of ‘Lemnos?’  (fem.)
𐀨𐀠𐀴𐁈	ra-pi-ti-ra2	ράπτρια (ι)		seamstresses
𐀨pte 	ra-pte 	ράπτερ		tailor, clothes-mender
𐀨𐀱𐀴𐀍	ra-su-ti-jo	Λασύνθιος	Lasynthos 𓈉 𓌙 𓀀 𓈓	ethnic name of ‘Lasynthos’
𐀨𐀱𐀵	ra-su-to	Λάσυνθος		place name
𐀨𐀴𐀍	ra-ti-jo	Λάτιος	Lato 𓈉 𓌙 𓀀 𓈓	ethnic name of ‘Lato’
𐀨𐀵	ra-to	Λατώ		place name
𐀨𐀷𐀐	ra-wa-ke	λαFαγεία		belonging to the ‘lafagetas’
𐀨𐀷𐀐𐀊	ra-wa-ke-ja	λαFαγεία		belonging to the ‘lafagetas’
𐀨𐀷𐀐𐀯	ra-wa-ke-si	λαFαγεία		belonging to the ‘lafagetas’
𐀨𐀷𐀐𐀯𐀊	ra-wa-ke-si-ja	λαFαγέσια		belonging to the ‘lafagetas’
𐀨𐀷𐀐𐀯𐀊𐀍	ra-wa-ke-si-ja-jo	λαFαγεσιαίον		premises of the ‘lafagetas’
𐀨𐀷𐀐𐀯𐀍	ra-wa-ke-si-jo	λαFαγέσιος		belonging to the ‘lafagetas’
𐀨𐀷𐀐𐀯𐀍𐀍	ra-wa-ke-si-jo-jo	λαFαγεία		belonging to the ‘lafagetas’
𐀨𐀷𐀐𐀲	ra-wa-ke-ta	λαFαγέτας		official title  (=leader of the people)
𐀨𐀷𐀨𐀲	ra-wa-ra-ta	ΛάFρανθα (ι)		place name
𐀨𐀺	ra-wo	λαFός  (>λαός)		people
𐀩𐀐𐀁𐀵𐀫𐀳𐀪𐀍	re-ke-e-to-ro-te-ri-jo	Λεχεστρωτήριον		religious feast
𐀩𐀐𐀵𐀫𐀳𐀪𐀍	re-ke-to-ro-te-ri-jo	Λεχεστρωτήριον		religious feast
𐀩𐀟𐀄𐀪𐀍	re-pe-u-ri-jo	Λεπεύριος	*re-pe-u 𓈉 𓌙 𓀀 𓈓	ethnic name of ‘*re-pe-u’
𐀩𐀡𐀵	re-po-to	λεπτόν		thin, fine
𐀩𐀣𐀮𐀺𐀺𐀺	re-qa-se-wowo-wo	‘re-qa-se-wo’FόρFος		place name  (see also ‘vorvos’)
𐀩𐀄𐀒𐀝𐀏	re-u-ko-nu-ka	λευκόνυχα		kind of decoration (for clothes)
𐀩𐀄𐀒𐀵𐀫	re-u-ko-to-ro	Λεύκτροι		place name
𐀩𐀺	re-wo	λέFος		kettle, caldron
𐀩𐀺𐀳𐀩𐀍	re-wo-te-re-jo	λεFοτέρειον (>λέβης		kettle, caldron
𐀩𐀺𐀵𐀫𐀒𐀺	re-wo-to-ro-ko-wo	λεFοτρόκορFοι		bath- attendants
𐀪𐀍	ri-jo	Ρίον		place name  (=cape)
𐀪𐀍𐀆	ri-jo-de	Ρίονδε		place name  (=cape)
𐀪𐀕𐀚	ri-me-ne	λιμένει (λιμήν)		harbor
𐀪𐀙𐀒𐀫	ri-na-ko-ro	λίναγρος		 (= flax gatherer )
𐀪𐀚𐀊	ri-ne-ja	λινείαι		flax workers  (fem.)
𐀪𐀜	ri-no	λίνον		flax  (plant)
𐀫𐀂𐀒	ro-i-ko	ροϊκός		crooked
𐀫𐀃𐀷	ro-o-wa	ΡοόFα		place name
𐀫𐀄𐀯𐀋𐀹𐀊	ro-u-si-je-wi-ja	ΛουσιέFεια (ι)		originating in ‘Lousos’  (fem.)
𐀫𐀄𐀯𐀍	ro-u-si-jo	Λούσιος	Lousos 𓈉 𓌙 𓀀 𓈓	ethnic name of ‘Lousos’
𐀫𐀄𐀰	ro-u-so	Λουσός		place name
𐀬𐀑𐀴𐀍	ru-ki-ti-jo	Λυκίνθιος	Lykinthos 𓈉 𓌙 𓀀 𓈓	ethnic name of ‘Lykinthos’
𐀬𐀑𐀵	ru-ki-to	Λύκινθος		place name
𐀬𐀨𐀲	ru-ra-ta	λυράτας		player on the lyre
𐀬𐀨𐀲𐀁	ru-ra-ta-e	λυράτας		player on the lyre
𐀭𐀔𐀨	sa-ma-ra	Σαμάρα		place name
𐀭𐀔𐀪𐀷	sa-ma-ri-wa	ΣαμαρίFα		place/ethnic name of ‘Samara’?
𐀭𐀞𐀐𐀳𐀪𐀊	sa-pa-ke-te-ri-ja	σφακτηρίαι (>σφάγια)		animals for ritualslaughter
𐀭𐀠𐀆	sa-pi-de	σαρπίδες		boxes
𐀭𐀨𐀟𐀅	sa-ra-pe-da	Σραπέδας		god’s epithet (‘Srapedas Poseidon’)
𐀭𐀪𐀝𐀺𐀳	sa-ri-nu-wo-te	ΣαλινουFόντει		place name
𐀭𐀭𐀔	sa-sa-ma	σασάμα (>σησάμη)		sesame  (plant)
𐀮𐀩𐀗𐀏𐀨𐀃𐀂	se-re-mo-ka-ra-o-i	σερεμοκαράο (ρε)ι (‘seremo’=>Σειρήνες;)		 (decorated) with heads of ‘Sirens?’
𐀮𐀩𐀗𐀏𐀨𐀠	se-re-mo-ka-ra-pi	σειρημοκαράφι		 (decorated) with heads of ‘Sirens?’
𐀮𐀪𐀜	se-ri-no-	Σελινoφόντει		place name
𐀮𐀵𐀂𐀊	se-to-i-ja	Σητοία (ι)		place name
𐀯𐁀𐀫	si-a2-ro	σίhαλος		pig
𐀯𐀵	si-to	σίτον		wheat
𐀯𐀵𐀡𐀴𐀛𐀊	si-to-po-ti-ni-ja	σιτοπότνια		goddess  (= ‘grain mistress’)
𐀰𐀸𐀜	so-we-no	σοFενοί (σοFενός)		vine?  (plant)
𐀰𐀸𐀜𐀤	so-we-no-qe	σοFενοί (σοFενός)		vine?  (plant)
𐀱𐀑𐀪𐀲	su-ki-ri-ta	Σύγριτα	Sygrita secret?	place name
𐀱𐀦𐀲	su-qo-ta	συβότας	শূকর চাষী shukor chashi	pig farmer
𐀱𐀪𐀗	su-ri-mo	Σύριμος		place name
𐀱𐀸𐀫𐀹𐀍	su-we-ro-wi-jo	ΣυFερόFιος		personal/ethnic name
𐀱𐀼	su-za	σύζα (σύkyα> σύκα)	süß	fig fruits
𐀲𐀞	ta-pa	τάρφα	<<	thick/close/frequent
𐀲𐀞𐀤	ta-pa-qe	τάρφα		thick/close/frequent
𐀲𐀨𐀝	ta-ra-nu	θράνυς	<< ≠ Θρήνος tränen "dirge" "lament" 	footstool
𐀲𐀨𐀝𐀤	ta-ra-nu-qe	θράνυς		footstool
𐀲𐀨𐀝𐀸	ta-ra-nu-we	θράνυFες		footstool
𐀲𐀨𐀯𐀊	ta-ra-si-ja	ταλανσία	adhalᵒⁿ 𒀜𒄬talents taian > tin ma.adhal 𒀜𒄬metal	 (unit of) copper
𐀲𐀲𐀐𐀄	ta-ta-ke-u	σταρταγεύς (>στρατηγός)		leader of the army
𐀲𐀳𐀩	ta-te-re	στατήρες;		 (> στατήρ=weight/coin)
𐀲𐀵𐀗	ta-to-mo	σταθμός		farmstead/standing-post
𐀳𐀐	te-ke	θήκε  (θέτω)		he assigned
𐀳𐀒𐀵𐀚	te-ko-to-ne	τέκτονες		carpenters
𐀳𐀖	te-mi	 (ου) τέρμις		without edges?
𐀳𐀖𐀆𐀸𐀳	te-mi-de-we-te	τερμιδFέντες (>τερμιόεντες)		 (= reaching to the feet) (see also ‘termis’)
𐀳𐀖𐁃	te-mi-dwe	τέρμιδFες (>τέρμις)		 (τέρμις= foot,border, edge)
𐀳𐀖𐀴𐀊	te-mi-ti-ja	Θεμιστία		place name (see also ‘ti-mi-to-a-ke-e’ and ‘ti-mi-to’)
𐀳𐀃	te-o	θεόν	te-ʷoⁿ devine theon	god
𐀳𐀃𐀂	te-o-i	θεοίς		god
𐀳𐀃𐀍	te-o-jo	θεοίο (θεός)		god
𐀳𐀃𐀡𐀪𐀊	te-o-po-ri-ja	Θεοφόρια		religious feast
𐀳𐀣𐀆	te-qa-de	Θήβανδε (Θήβαι)		place name (>Thebes?)
𐀳𐀣𐀊	te-qa-ja	Θη (κ)βαία	Thevai 𓈉 𓌙 𓀀 𓈓	personal/ethnic name of ‘Thevai’ (fem.)
𐀳𐀩𐀲	te-re-ta	τελεσταί	<<	official title  (τέλος= tax)
𐀳𐀩𐀲𐀃	te-re-ta-o	τελεστάων (τελέστας)	tall tallas?	official title  (τέλος= tax)
𐀳𐀶𐀓𐀺𐀀	te-tu-ku-wo-a	τετυχύFοα	<<	well prepared,ready
𐀳𐀶𐀬𐀸	te-tu-ru-we	ΤέθρυFες	Tetro 4?	ethnic/place name
𐀳𐀄𐀐𐀠	te-u-ke-pi	τεύχεσφι (τεύχος, τεύχεα)	<<	with implements,paraphernalia
𐀴𐀖𐀴𐀊	ti-mi-ti-ja	Τερμινθία		place name (see also ‘ti-mi-to-a-ke-e’ and ‘ti-mi-to’)
𐀴𐀖𐀵	ti-mi-to	τίρμινθος (>τέρμινθος)	terminth!	terebinth  (tree)
𐀴𐀖𐀵𐀀𐀐𐀁	ti-mi-to-a-ke-e	 (Θέμιτος) άγος	Themis Demeter?	‘holy place of themis/themistes (=>oracles)’/‘grove of the terebinth trees’ (see ‘a-ke-e,’ ‘te-mi,’ ti-mi-to’)
𐀴𐀖𐀵𐀀𐀐𐀂	ti-mi-to-a-ke-i	 (Θεμιστών) άγος		‘holy place of themis/themistes (=>oracles)’/‘grove of the terebinth trees’ (see ‘a-ke-e,’ ‘te-mi,’ ti-mi-to’)
𐀴𐁅𐀯𐀊	ti-nwa-si-ja	ΤινFασία		place name
𐀴𐀪𐀊	ti-ri-ja	τρία	(feminine?)	three
𐀴𐀪𐀯	ti-ri-si	τρισί	(masculine?)	three
𐀴𐀪𐀍𐀸	ti-ri-jo-we	τριώFεις		with three ‘ears,’handles
𐀴𐀪𐀡	ti-ri-po	τρίπως	tripod Dreifuß	tripod  (kind of stool)
𐀴𐀪𐀡𐀆	ti-ri-po-de	τρίπους	tripod Dreifuß	tripod  (kind of stool)
𐀴𐀪𐀡𐀇𐀒	ti-ri-po-di-ko	τριποδίσκοι	tripods (-iskoi)	small tripods
𐀴𐀪𐀮𐀫𐀁	ti-ri-se-ro-e	τρισιρώει (>τρισηρωίς)		divine epithet  (=‘the trice heroine’)
𐀵𐀍	to-jo	τοίο (>του, αυτού)		his
𐀵𐀍𐀤	to-jo-qe	τοίο (>του, αυτού)		his
𐀵𐀒𐀈𐀗	to-ko-do-mo	τοιχοδόμοι		builders  (> τοίχος=wall)
𐀵𐀒𐀰𐀲	to-ko-so-ta	τοξότας		archer
𐀵𐀒𐀰𐀺𐀒	to-ko-so-wo-ko	τοξoFόργος		arch worker
𐀵𐀔𐀒	to-ma-ko	Στόμαργος	Stimme…	personal/animal name  (= ‘busy with the tongue’)
𐀵𐀔𐀒𐀤	to-ma-ko-qe	Στόμαργος		personal/animal name  (= ‘busy with the tongue’)
𐀵𐀕	to-me	τόμε  (>τόνε)	dem	him  (see also ‘toe’)
𐀵𐀜	to-no	θόρνος (>θρόνος)		chair, throne
𐀵𐀜𐀤	to-no-qe	θόρνος (>θρόνος)	throne	chair, throne
𐀵𐀜𐀁𐀐𐀳𐀪𐀍	to-no-e-ke-te-ri-jo	Θορνοελκητήριον	turn	name of a festival
𐀵𐀟𐀼	to-pe-za	τoρπέζα (>τράπεζα)		table
𐀵𐀥𐀆	to-qi-de	τορπίδει		in/having spirals
𐀵𐀥𐀆𐀊	to-qi-de-ja	τορπιδεία		in/having spirals
𐀵𐀥𐀆𐀍	to-qi-de-jo	τορπίδειος		in/having spirals
𐀵𐀥𐀆𐀤	to-qi-de-qe	τορπίδει		in/having spirals
𐀵𐀥𐀆𐀸𐀭	to-qi-de-we-sa	τορπίδFεσσα (τορπίς>τροπίς)		in/having spirals
𐀵𐀫𐀜𐀺𐀒	to-ro-no-wo-ko	θορνοFοργός		maker of ‘thornoi’ (= thrones)
𐀵𐀭	to-sa	τόσαι		such  (plur. fem./plur. neut.)
𐀵𐀭𐀆	to-sa-de	τοσάδε		such  (see also next)
𐀵𐀰	to-so	τόσοι		such  (plur. masq./sing. neut.)
𐀵𐀰𐀆	to-so-de	τοσόσδε		such  (see also next)
𐀵𐀰𐀍	to-so-jo	τοσοίο		such  (see also next)
𐀵𐀰𐀚	to-so-ne	τοσόνε		such  (see also next)
𐀵𐀰𐀞	to-so-pa	τοσόσπας		such  (see also next)
𐀵𐀵	to-to	τότον		this/such  (see also ‘toson’)
𐀶𐀏𐀳	tu-ka-te	θυγάτερ		daughter
𐀶𐀏𐀳𐀤	tu-ka-te-qe	θυγάτερ		daughter
𐀶𐀏𐀳𐀩	tu-ka-te-re	θυγάτερες		daughter
𐀶𐀨𐀳𐀄	tu-ra-te-u	θηρατεύς		door keeper
𐀶𐀪𐀯𐀊	tu-ri-si-ja	Τυλίσια	Tylisos 𓈉 𓌙 𓀀 𓈓	ethnic name of ‘Tylisos’
𐀶𐀪𐀯𐀍	tu-ri-si-jo	Τυλίσιος	Tylisos 𓈉 𓌙 𓀀 𓈓	ethnic name of ‘Tylisos’
𐀶𐀪𐀰	tu-ri-so	Τύλισος		place name
𐀶𐁊	tu-ro2	τυρίον		cheese
𐀶𐀬𐁇𐀪𐀊	tu-ru-pte-ri-ja	στρυπτερία		alum
𐀶𐀸𐀀	tu-we-a	θύFεα		sacrificial fire
𐀶𐀺	tu-wo	θύFος		sacrificial fire
𐀄𐀈𐀫	u-do-ro	ύδρος		kind of pot  (waterjar?)
𐀄𐀞𐀨𐀑𐀪𐀊	u-pa-ra-ki-ri-ja	‘u-pa-ra’+ άγρια		place name (see also ‘a-ko-ro’)
𐀄𐀡	u-po	υπό	sub 	under
𐀄𐀬𐀵	ᴳu-ru-to	Fρύντοι (Fρύμαι)	Ϝ	to guard
𐀄𐀡𐀇n𐀃𐀺𐀺	u-po-di-nowo-wo	 (u-po-di-no)FόρFος		place name (see also ‘vorvos’)
𐀄𐀡𐀨𐀑𐀪𐀊	u-po-ra-ki-ri-ja	‘u-pa-ra’+ χωραία		place name (see also ‘a-ko-ro’)
𐀷𐀙𐀏	wa-na-ka	Fάναξ		wanax, king,leader aristocrat
𐀷𐀙𐀏𐀳	wa-na-ka-te	Fάνακτος		wanax, king,leader aristocrat
𐀷𐀙𐀏𐀳𐀨	wa-na-ka-te-ra	Fανάκτερα		premises of the wanax
𐀷𐀙𐀏𐀳𐀫	wa-na-ka-te-ro	Fανακτέρων (>ανάκτορα)		premises of the wanax
𐀷𐀙𐀏𐀵	wa-na-ka-to	Fανάκτει	Phoenix wanax	wanax, king,leader aristocrat
𐀷𐀙𐀭	wa-na-sa	Fάνασσα	Phoenicia Φάνης Phánēs Vanessa	queen
𐀷𐀙𐀮𐀹𐀊	wa-na-se-wi-ja	FανασέFια		royal
𐀷𐀙𐀮𐀹𐀍	wa-na-se-wi-jo	FανασέFιος		royal
𐀷𐀙𐀰	wa-na-so	Fάνασος		place name
𐀷𐀵	wa-to	Fάτος		place name
𐀷𐀶	wa-tu	Fάστυ	Festung port? palast? wastadt 𓋆	city, town
𐀸𐀀𐀩𐀊	we-a-re-ja	Fεαλεία		made of glass
𐀸𐀀𐀩𐀍	we-a-re-jo	Fεάλειος (>υαλεία		made of glass
𐀸𐁀𐀜	we-a2-no	Fεhανός		type of cloth
𐀸𐁀𐀩𐀍	we-a2-re-jo	υάλειος)		made of glass
𐀸𐀟𐀼	we-pe-za	Fέκπεζα		 (table) with sixlegs  (see also ‘ennevopeza’)
𐀸𐀳𐀂𐀸𐀳𐀂	we-te-i-we-te-i	Fέτει- Fέτει		‘from year to year’
𐀸𐀵	we-to	Fέτος		this year
𐀸𐀸𐀁𐀀	we-we-e-a	FερFέεια (*FέρFος> είρος)		woolen  (fem.)
𐀹𐀪𐀜	wi-ri-no	Fρινός	𓆓 𓎛 𓂋 𓄛  qvhrino	leather
𐀹𐀪𐀚𐀍	wi-ri-ne-jo	Fρίνειος		made of leather
𐀹𐀪𐀚𐀃	wi-ri-ne-o	Fρίνειος		made of leather
𐀺𐀈𐀸	wo-do-we	FορδόFεν (> ροδόεν)		made with rose oil
𐀺𐀈𐀸𐀤	wo-do-we-qe	FορδόFεν (> ροδόεν)		made with rose oil
𐀺𐀂𐀒𐀆	wo-i-ko-de	Fοίκονδε (Fοίκος> οίκος)		 (going) home
𐀺𐀏	wo-ka	Fόχα		vehicle
𐀺𐀜	wo-no	Fοίνος		wine
𐀺𐀨𐀸𐀭	wo-ra-we-sa	FοράFεσσα	√fahr	 (description of a chariot) (> φέρω= to bear,to carry)
𐀺𐀫𐀑𐀍𐀚𐀍	wo-ro-ki-jo-ne-jo	Fοργιόνειος (Fοργίονες>Οργέωνες)		cult association
𐀺𐀫𐀚𐀊	wo-ro-ne-ja	Fρόνεια  (>άρνεια)	√fire	of a lamp
𐀺𐀳	wo-te	 (>Σελινούς;)	??	
𐀺𐀺	wo-wo	FόρFος (>όρος		mountain/limit
𐀺𐀽	wo-ze	Fόρζει (ν) (*Fόρκyω> όργω>έργω)		to work
𐀺𐀽𐀤	wo-ze-qe	Fόρζει (ν) (*Fόρκyω> όργω>έργω)		to work
𐀺𐀿	wo-zo	Fόρζων		working
𐀺𐀿𐀕𐀙	wo-zo-me-na	Fορζομένα		being worked/well-made
𐀺𐀿𐀕𐀜	wo-zo-me-no	Fορζομένα		being worked/well-made
𐀺𐀿𐀳	wo-zo-te	Fόρζοντες		working
𐀼𐀁𐀵𐀫	za-e-to-ro	Ζαέθροι		place name
𐀼𐀓𐀯𐀊	za-ku-si-ja	Ζακύ (ν)σιος (>Ζακύνθιος)	Zakynthos 𓈉 𓌙 𓀀 𓈓	ethnic name of ‘Zakynthos’
𐀼𐀓𐀯𐀍	za-ku-si-jo	Ζακύ (ν)σιος (>Ζακύνθιος)	Zakynthos 𓈉 𓌙 𓀀 𓈓	ethnic name of ‘Zakynthos’
𐀼𐀔𐀁𐀹𐀀	za-ma-e-wi-a	ΖαμαέFια (ι)		ethnic/place name
𐀼𐀔𐀁𐀹𐀊	za-ma-e-wi-ja	ΖαμαέFια (ι)		ethnic/place name
𐀼𐀔𐀁𐀹𐀊𐀤	za-ma-e-wi-ja-qe	ΖαμαέFια (ι)		ethnic/place name
𐀼𐀸𐀳	za-we-te	ζάFετες		this year
𐀽𐀂𐀊𐀏𐀨𐀙	ze-i-ja-ka-ra-na	Ζεία Kράνα		place name
𐀽𐁆𐀨	ze-pu2-ra	Ζέφυραι		place name (>Halikarnassos?)
𐀽𐁆𐁉	ze-pu2-ra3	Ζεφυρέα (ι)	Zephyrai 𓈉 𓌙 𓀀 𓈓	ethnic name of ‘Zephyrai’
𐀽𐁆𐀫	ze-pu2-ro	Ζέφυρος		place name (>Halikarnassos?)
𐀽𐀰𐀕	ze-so-me	ζεσόμενος		boiling
𐀽𐀰𐀕𐀜	ze-so-me-no	ζεσόμενος		boiling
𐀽𐀄𐀐𐀯	ze-u-ke-si	ζεύγεσι		a pair
𐀽𐀄𐀒	ze-u-ko	ζεύγος		a pair
𐀃	ο-	ο-		introductory/prothetic world ‘who, in this manner’  (see also ‘jo-’)
𐀓𐀬𐀱pa3	ku-ru-su-pa3	χρυσυφαία;	golden	kind of pot  (tripodamphora)
𐀟𐀩sa2	pe-re-sa2	Πρέσφα	Presfa	goddess’s name
𐀟𐀩sa2𐀍	pe-re-sa2-jo	Πρέσφαιον		sanctuary dedicated to ‘Presfa’
𐀠sa2	pi-sa2	Πίσφα	≠ Pisa	place name
𐀂𐀤𐀀	  i-qe-a	 (πότνεια) Ιπ (π)εία		goddess’s name (‘mistress of the horses’)
 𐀂𐀥𐀍	 i-qi-jo	ιπ (π)ίω		chariot
*a𐀒	*a-ko	άγος		holy place/grove,valley  (see ‘ti-mi-to-a-ke-e’)
