U+1228F	𒊏	ẓi, zzi, RA, rah2
U+12337	𒌷	ala, alu, ERI, IRI, RE2, RI2, U19, URU, lu8
U+12245	𒉅	buru5
U+12032	𒀲	ANŠE, šakan3, šaggina 𒄊𒀴
U+12252	𒉒	NINDA2, gur9
U+12000	𒀀	A, AYA2, DURU5, E4, EA, bu4, ya10, ebir3, epir3, eš10, id5, dur5, GI₄, gi4-X, ra-ah, ȧ
U+12010	𒀐	unugi
U+12020	𒀠	AL, bal3, bal4, mah2
U+12030	𒀰	dalhamun5
U+12040	𒁀	BA, ES, be4, pa2, wa2
U+12050	𒁐	bu%bu, unu12
U+12060	𒁠	hulum3
U+12070	𒁰	DAR3, DARA3, durah, tarah
U+12080	𒂀	DUB2
U+12090	𒂐	
U+120A0	𒂠	ŠE3, šè, EGIR2, EŠ2, EŠE2, GI7, GIR15, ḪUĜ, SUMUNX, UB2, ĜIR15, egir2, gi7, eše2, ḫun, éš
U+120B0	𒂰	ASIL, ASILA, ASILAL
U+120C0	𒃀	GA2×BAR+RA
U+120D0	𒃐	GA2×GIR2+SU
U+120E0	𒃠	GANUN, ĝanun, ušuš, GA2×NUN
U+120F0	𒃰	GAD, GADA
U+12001	𒀁	EDURU
U+12011	𒀑	
U+12021	𒀡	bal3
U+12031	𒀱	
U+12041	𒁁	bat, BAD, BE, bara4, barr, bar3, bař, ba9, iri8, mud2, ulal, zu4, mit2, ziz5, mid4
U+12051	𒁑	BULUG, buluĝ, mangara
U+12061	𒁡	UBUR3
U+12071	𒁱	DARA4, durahₓ, durahx, inna, lahar2, u10
U+12081	𒂁	DUK, DUG, epir, ebir, kurun3, lud, lum3, si14, šikin2, urrub, ursub
U+12091	𒂑	
U+120A1	𒂡	ḥir, hir, ASILX, EZEN, IZIN, KEŠDA, SIR3, šir₃, šir3, shir3, ezem, šer3, šìr
U+120B1	𒂱	libin
U+120C1	𒃁	GA2×BUR
U+120D1	𒃑	edakua, halubba, GA₂×HA+LU+EŠ₂, GA2×HA LU EŠ2, GA2×ḪA+LU+EŠ2
U+120E1	𒃡	UR3, ĝušur, GA2×NUN/NUN, ušur
U+120F1	𒃱	GARADINX, KINDA
U+12002	𒀂	AGAM
U+12012	𒀒	
U+12022	𒀢	lidim
U+12042	𒁂	BAG3
U+12052	𒁒	
U+12062	𒁢	UBUR4
U+12072	𒁲	DI, SA2, KE4, si8, silim, sal2
U+12082	𒂂	DUGUD, ĜI25
U+12092	𒂒	
U+120A2	𒂢	ASIL3, ASILA3, ASILAL3
U+120B2	𒂲	lubun
U+120C2	𒃂	GA2×BUR+RA
U+120D2	𒃒	GA2×ḪAL
U+120E2	𒃢	GAZI, SILA4, GA2×PA
U+120F2	𒃲	GAL, qal, rabu
U+12003	𒀃	
U+12013	𒀓	ze4
U+12023	𒀣	
U+12033	𒀳	ABSIN3, APIN, ENGAR, UR11, URU4, UŠ8, ereš4, ussu2, uššu
U+12043	𒁃	ALURAX, BAḪAR2, BAḪAR₂, BAhAR₂, BAhAR2, LAK742, LAK747, muštaptin
U+12053	𒁓	pur, BUR, buru4
U+12063	𒁣	
U+12073	𒁳	DAB, DIB, dib2
U+12083	𒂃	DU8, DUḪ, TUḪ
U+12093	𒂓	
U+120A3	𒂣	SIL7
U+120B3	𒂳	usil
U+120C3	𒃃	GA2×DA
U+120D3	𒃓	GA2×ḪAL+LA
U+120E3	𒃣	AMA5, ARḪUŠ, uš3, ur14, GA2×SAL, GA2×MUNUS
U+120F3	𒃳	
U+12004	𒀄	ZAḪ3
U+12014	𒀔	
U+12024	𒀤	hibira, hibiz2
U+12034	𒀴	ÌR, ARAD, IR3, NITAḪ2, er3, nita2, warad
U+12044	𒁄	pal, BAL, BALA, bul3, balak, bala, kulx, palî
U+12054	𒁔	SUN5, BUR2, bu8
U+12064	𒁤	
U+12074	𒁴	TEM, DIM, tim
U+12084	𒂄	zeh, zul, ŠUL, DUN, dur9, šah₂, šah2, zu7, šahan3, SAH3
U+12094	𒂔	ẓin, zin2, ẓir, zir, żir, BIR4, EDEN, EDIMX, EDIN, RU6, zira, zirai, ẓiru, ziru
U+120A4	𒂤	ASILAL4
U+120B4	𒂴	
U+120C4	𒃄	GA2×DI
U+120D4	𒃔	GA2×ḪI+LI
U+120E4	𒃤	GA2×SAR
U+120F4	𒃴	GALAM, SUKUD, ubi
U+12005	𒀅	isiš3, šeš3
U+12015	𒀕	UNUG, GUN4, erim5, iri11, eri11, urugal₂, urugal2, nu7
U+12025	𒀥	dubal
U+12035	𒀵	ARAD2, IR11
U+12045	𒁅	
U+12055	𒁕	idi, DA, ta2, ṭa, dârî
U+12065	𒁥	UBUR2
U+12075	𒁵	MUN
U+12085	𒂅	DUN3, TUN3, du5, šiḳil
U+12095	𒂕	EGIR, EĜER, EĜIR, arku
U+120A5	𒂥	
U+120B5	𒂵	uga, GA, GUR11, KA3, QA2, gar9, ebir4, QÁ
U+120C5	𒃅	GA2×DIM
U+120D5	𒃕	GA2×ḪUB2
U+120E5	𒃥	ARAḪ3, ESAG2, esaĝ2, esag2, esaĝ, usi, GA2×ŠE
U+120F5	𒃵	GAM, GUR2, GURUM
U+12006	𒀆	šedu3
U+12016	𒀖	AB2, LID, ÁB
U+12026	𒀦	bal4, dubal2
U+12036	𒀶	ARGAB, ARKAB2
U+12046	𒁆	takax, BALAG, BALAĜ, bulug5, buluĝ5, dim6, dimx, lumha
U+12056	𒁖	dak, DAG, PAR3, barag2, tag2
U+12066	𒁦	AMAŠ, UTUA2, kisim3, udul3, utuwa2
U+12076	𒁶	KIM, DIM2, GIM, GIN7, šidim, šitim, bânîm
U+12086	𒂆	DUN3@g, AGA3, AĜA3, GIN2, giĝ4
U+12096	𒂖	el, EL, SIKIL, il5
U+120A6	𒂦	BAD3, UG5, uĝ5, un3, u9
U+120B6	𒂶	gara₂, gara2
U+120C6	𒃆	emedub, GA2×DUB
U+120D6	𒃖	bara10, sabad3, GA2×IGI gunû
U+120E6	𒃦	esaĝtur, GA2×ŠE+TUR
U+120F6	𒃶	GAN, ḪE2, KAN, gam4, sag7
U+12007	𒀇	AMUŠ
U+12017	𒀗	LILIZ
U+12027	𒀧	IL
U+12037	𒀷	ASALX
U+12047	𒁇	war, BAR, EŠ₂, ŠA₆, pa9, sed4, nimbar
U+12057	𒁗	
U+12067	𒁧	
U+12077	𒁷	tin, tén, DIN, DON, kurun2
U+12087	𒂇	DUN3@g@g, MIR, AGA, rid, NIMGIR
U+12097	𒂗	siq, sig, bel, Bêl, EN, RU12, uru16, urunx, adi
U+120A7	𒂧	
U+120B7	𒂷	BA4, DAN2, GA2, ĜA2, ĜE26, MA3, PISAĜ, bisag, bisaĝ, bisan, mal
U+120C7	𒃇	GA2×EL
U+120D7	𒃗	GA2×IŠ+ḪU+AŠ
U+120E7	𒃧	emedub2, GA2×ŠID
U+120F7	𒃷	AŠAG, GAN2, GANA2, ulul2, kan2, GÀN
U+12008	𒀈	esaĝ, esag
U+12018	𒀘	KIR6
U+12028	𒀨	šušmaš
U+12038	𒀸	ina, rum, yi, áš, AŠ, DILI, ge15, dil, lirum2, liru2, makkaš2, saĝtak, salugub, simed, tal3, DELE
U+12048	𒁈	BAR2, BARA2, bara2, barag, bara9, BÁRA
U+12058	𒁘	ĝarim2
U+12068	𒁨	šurun4
U+12078	𒁸	sagkurun
U+12088	𒂈	
U+12098	𒂘	
U+120A8	𒂨	
U+120B8	𒂸	GA2×A+DA+ḪA
U+120C8	𒃈	GA2×EL+LA
U+120D8	𒃘	GA2×KAK
U+120E8	𒃨	GAZI2, GA2×SUM
U+120F8	𒃸	GURU6, KAR2, kara2
U+12009	𒀉	biṭ, idi, A2, ED, ET, ID, IT, IṬ, TE8, ʷit
U+12019	𒀙	
U+12029	𒀩	ALAN, zalam, ṣalmi
U+12039	𒀹	GE23, ge23, aš@z, santak3, uzaglal
U+12049	𒁉	BE2, BI, biz, ebir2, epir2, ešemen5, pé, pi2, pí, BÉ, kash
U+12059	𒁙	šaran
U+12069	𒁩	
U+12079	𒁹	1, DIŠ, EŠ4, ge3, saĝtak4, tal4, geš2
U+12089	𒂉	DÚR, DUR2, DURUN
U+12099	𒂙	BURU14, ENKAR, sullim, šibir2, ebūrim
U+120A9	𒂩	un3
U+120B9	𒂹	GA2×A+ḪA
U+120C9	𒃉	DAN2, GA2×EN
U+120D9	𒃙	me7, GA2×KASKAL
U+120E9	𒃩	DAN3, GA2×TAK4
U+120F9	𒃹	
U+1200A	𒀊	AB, AP, EŠ3, IRI12, IS3, daban, hirin2, kakkala, kurušda
U+1201A	𒀚	LIBIŠ, ŠEM3, gir9, šem3, lipiš
U+1202A	𒀪	hu2, ha2, kaz8, hi2
U+1203A	𒀺	GE22, ge22
U+1204A	𒁊	
U+1205A	𒁚	hara4
U+1206A	𒁪	kisim2
U+1207A	𒁺	tan, DE6, DU, GIN, GUB, ĜEN, RA2, RE6, ŠA4, TUM2, gir7, ri6, kurx, lah6, ĝin, šà4, tù
U+1208A	𒂊	bre, EF, E, eg2, ég
U+1209A	𒂚	ensi3
U+120AA	𒂪	
U+120BA	𒂺	GA2×A+IGI
U+120CA	𒃊	GA2×EN×GAN2@t
U+120DA	𒃚	GA2×KID
U+120EA	𒃪	sad2, ula2, GA2×U
U+120FA	𒃺	ALAL4
U+1200B	𒀋	ABBA2, SI20
U+1201B	𒀛	
U+1202B	𒀫	AMAR, ZUR
U+1203B	𒀻	
U+1204B	𒁋	bappir3, lungax, BI×GAR, BIxGAR
U+1205B	𒁛	AKAN, UBUR, kisim7
U+1206B	𒁫	zibin
U+1207B	𒁻	LAḪ4, RE7, su8, sub2, sug2
U+1208B	𒂋	
U+1209B	𒂛	ADAMIN5
U+120AB	𒂫	
U+120BB	𒂻	GA2×AB2 tenû+TAB
U+120CB	𒃋	DAN4, GA2×GAN2@t
U+120DB	𒃛	GA2×KID+LAL
U+120EB	𒃫	erim4, karam, GA2×UD
U+120FB	𒃻	šá, GAR, ĜAR, NI3, NIG2, NIĜ2, NINDA, nindan, ša2, sar2, menari, níg, nij2, nig̃₂
U+1200C	𒀌	AGARIN, AĜARIN
U+1201C	𒀜	AD, AT, aṭ, ạt
U+1202C	𒀬	SISKUR
U+1203C	𒀼	EŠ16
U+1204C	𒁌	
U+1205C	𒁜	
U+1206C	𒁬	kiši9, kisim, zibin2
U+1207C	𒁼	GIR6, SUḪUŠ, išdumx
U+1208C	𒂌	
U+1209C	𒂜	ADAMINX
U+120AC	𒂬	ASILAX, UBARA, UN4, sil5, sud5, ul5, umbara
U+120BC	𒂼	dama, AMA, EME4, daĝal, dagal, GA2×AN, ummum
U+120CC	𒃌	EGARA, GALGA, ĝalga, GA2×GAR
U+120DC	𒃜	GA2×KU3+AN
U+120EC	𒃬	GA2×UD+DU
U+120FC	𒃼	GAR3, QAR, GÀR, ḳar
U+1200D	𒀍	ešgal, irigal, urigal
U+1201D	𒀝	aq, AG, AK, kid3, ša5, aḳ
U+1202D	𒀭	d, AM6, AN, DIĜIR, IL3, NAGGAX, ilu, DINGIR, ilum, ilim
U+1203D	𒀽	ŠUŠUR2, KAD8
U+1204D	𒁍	suř, sur, sir, BU, BUR12, DUR7, GID2, KIM3, PU, SIR2, SU13, SUD4, TUR8, gidim3, mudla, nun3, šašku, GÍD
U+1205D	𒁝	kiši7
U+1206D	𒁭	UTUA, udul6, utuwa
U+1207D	𒁽	du@s, GIR5, IM2, KAŠ4, RIM4, kaš4, kash4, kas4, GIR₅, gir5, kaku
U+1208D	𒂍	pit, É, bit, E2, bî, bîti, bîtam, bît, Ê, bītim
U+1209D	𒂝	
U+120AD	𒂭	
U+120BD	𒂽	iku2, GA2×AŠ
U+120CD	𒃍	gurdub, GA2×GI
U+120DD	𒃝	GA2×LA
U+120ED	𒃭	GA2/GA2
U+120FD	𒃽	GAŠAN, ugunu2
U+1200E	𒀎	AGARIN2, AĜARIN2, ŠEM5
U+1201E	𒀞	ME3, tahaz, tahas
U+1202E	𒀮	daban
U+1203E	𒀾	AS, AŠ2, as2, baneš, utu5, ás
U+1204E	𒁎	SIRSIR
U+1205E	𒁞	KIŠI8, kiši8
U+1206E	𒁮	DAM
U+1207E	𒁾	DUB, ZAMUG, dab4, dehi, tehi, kišib3, urud2, šen4, tup, dup, tub
U+1208E	𒂎	
U+1209E	𒂞	EREN, ERIN, ŠE22, ŠEŠ4
U+120AE	𒂮	
U+120BE	𒂾	GA2×AŠ2+GAL
U+120CE	𒃎	GA2×GI4
U+120DE	𒃞	MEN, era3, GA2×ME+EN
U+120EE	𒃮	qab, GAB, GABA, ru-gu2
U+120FE	𒃾	GEŠTIN, ĜEŠTIN, ĜESHTIN
U+1200F	𒀏	AGARINX, AĜARINX, NANŠE, NINA, SIRARA
U+1201F	𒀟	
U+1202F	𒀯	ANx3, MUL, suhub2, šun2, kakka, mulₓ
U+1203F	𒀿	AŠGAB, erib, šikangu
U+1204F	𒁏	
U+1205F	𒁟	UTUL5, udul5
U+1206F	𒁯	DAR, GUN3, TAR2, ṭár
U+1207F	𒁿	
U+1208F	𒂏	
U+1209F	𒂟	zab, EREM, EREN2, ERIM, ERIN2, ZALAG2, lah2, rin2, ṣab, zálag
U+120AF	𒂯	laban
U+120BF	𒂿	etutum, etutumx, sabad2, sad3, tilhar, GA2×BAD
U+120CF	𒃏	GA2×GI4+A
U+120DF	𒃟	ITIMA, gagig, GA2×MI
U+120EF	𒃯	
U+120FF	𒃿	
U+12100	𒄀	kù, qé, GE, GEN6, GI, GIN6, KE2, KI2, SIG17, ge4, unu10, esir4
U+12110	𒄐	GISAL, biz2
U+12120	𒄠	av, AM
U+12130	𒄰	KAM, gam2, tu7, utul2, ḳam
U+12140	𒅀	ya, ia, IA, i-a, ᵐia
U+12150	𒅐	AĜAR5, dalhamun6
U+12160	𒅠	
U+12170	𒅰	
U+12180	𒆀	mu13
U+12190	𒆐	KAD2
U+121A0	𒆠	QI, Qí, GI5, KE, KI, QI2, gagar, ge5, su-ub, ḳi
U+121B0	𒆰	ẓir, KUL, NUMUN, kulx, šabalbal, zêr, gul2
U+121C0	𒇀	GIGIR, gigir
U+121D0	𒇐	gukin
U+121E0	𒇠	
U+121F0	𒇰	
U+12101	𒄁	
U+12111	𒄑	iṣ, iss, ic, gis, GEŠ, GIŠ, ĜEŠ, ĜIŠ, IZ, is2, cis, ildagx, is4, UR₄, šita2, eṣ, ez, ÍS, ngiš, ngeš
U+12121	𒄡	BIŠEBA3
U+12131	𒄱	AR2
U+12141	𒅁	IP, IB, dara2, eb, ibbi, uraš, urta, ep
U+12151	𒅑	dalhamun4
U+12161	𒅡	ma5
U+12171	𒅱	
U+12181	𒆁	TUKUR2
U+12191	𒆑	KAD3
U+121A1	𒆡	habruda2
U+121B1	𒆱	
U+121C1	𒇁	
U+121D1	𒇑	DAGRIM, GARIM, ĜARIN, ĝarim
U+121E1	𒇡	ZAR, bul5, buru16, sur8, šerim2
U+121F1	𒇱	LAḪŠU
U+12102	𒄂	
U+12112	𒄒	kip, ADAMIN3, ALAL3, dara5, ul3, hul, hul3, kib, GIŠ%GIŠ, lirum3, ulul, šennur
U+12122	𒄢	sún, SUN2, GUL, SI23, sumun2, isim2, isimu2, kul2, ṣur
U+12132	𒄲	šargad
U+12142	𒅂	ARI2, IDIM, URI4, BANDA4, eše3, iri8, kir5
U+12152	𒅒	
U+12162	𒅢	SUB
U+12172	𒅲	KA×LI, ĝeli3, mu7, meli2, sug7, tu6, uš7, zug4
U+12182	𒆂	giguru, šeg10, dilib2, giguru3
U+12192	𒆒	KAD4, karaₓ, peš5, kam3, šed5, unu9
U+121A2	𒆢	ḪABRUD, habruda
U+121B2	𒆲	KUN
U+121C2	𒇂	sidug
U+121D2	𒇒	kunin, esir2
U+121E2	𒇢	
U+121F2	𒇲	LA2, LAL, sur5, lá, LÂ
U+12103	𒄃	GEL, GI16, GIB, GIL, GILIM, GE16
U+12113	𒄓	ziz4
U+12123	𒄣	GUM, KUM, NAĜA4, QUM, GAZ₂, GAZ2, ḳum, qu2
U+12133	𒄳	gukin2
U+12143	𒅃	kiši11
U+12153	𒅓	IMIN
U+12163	𒅣	
U+12173	𒅳	
U+12183	𒆃	ŠUDU2, burx, šud3
U+12193	𒆓	KAD5, PEŠ6, banšur2, banšur3, karaₓ
U+121A3	𒆣	kislah2
U+121B3	𒆳	KAR, sad, lat, mat, šad, GIN3, KUR, GUR₁₆, GUR16, rašu, zizanu, sat
U+121C3	𒇃	
U+121D3	𒇓	esirhia
U+121E3	𒇣	bara8, šara3, šurun2
U+121F3	𒇳	lal2, la&#x27;u
U+12104	𒄄	GI4, QI4, ge4, esir5
U+12114	𒄔	
U+12124	𒄤	GAZ, NAĜA3, GAZ₂, naga3
U+12134	𒄴	H, úH, A&#x27;, AḪ, EḪ, IḪ, NUMUN3, UḪ, UMUN3, gudux, uman, Aʾ, aᵓ, &#x27;, ‘
U+12144	𒅄	
U+12154	𒅔	EN6, IN, ISIN2, gir12
U+12164	𒅤	PU3, kana6, puzur5, tugure
U+12174	𒅴	EME, eme
U+12184	𒆄	
U+12194	𒆔	
U+121A4	𒆤	GE2, GI2, KID, KUP4, LIL2, KE4b, kit2, sah, líl, sah5
U+121B4	𒆴	lamhu
U+121C4	𒇄	sidug2
U+121D4	𒇔	NIGIN, niĝin6
U+121E4	𒇤	
U+121F4	𒇴	LAM, eš22, ešx
U+12105	𒄅	GIGI
U+12115	𒄕	GUR17
U+12125	𒄥	GUR, qur
U+12135	𒄵	BIR, ellag2, ellaĝ2, giriš, zanzana
U+12145	𒅅	IK, GAL2, ĜAL2, IG, IQ, TAK₄, ek, EQ, iḳ, GÁL
U+12155	𒅕	ṢA, ssa, IR, ER, ir7
U+12165	𒅥	GU7, ku2
U+12175	𒅵	
U+12185	𒆅	
U+12195	𒆕	DÙ, qaq, DA3, DU3, GAG, KAK, šukur, kuksu2, henbur, ru2
U+121A5	𒆥	ḳin, QI, qe, GUR10, KIĜ2, KIN, SAGA11, gukin, sig18, kig2, sag11, šig
U+121B5	𒆵	KUŠU2, UḪ3, aššatum
U+121C5	𒇅	buniĝ2, bunin2, immindu2
U+121D5	𒇕	
U+121E5	𒇥	GIGIR2, PU2, gigir2, bul5, buru16, dul2, hab2, bu6, ub4, gala3, kala3, TUL2
U+121F5	𒇵	
U+12106	𒄆	
U+12116	𒄖	GU
U+12126	𒄦	GUR7, GURU7, guru₇
U+12136	𒄶	DUBUR2, ellaĝx, šaru
U+12146	𒅆	si3, szi, IGI, LIM, ŠI, lib4, IL₂, GAN₂@t, MUŠ₃@g, sag10, saĝ-ki, se28, suku5, ge8, še20
U+12156	𒅖	IS, IŠ, sahar, kuš7, mel, ukum, milla, kukkuš
U+12166	𒅦	
U+12176	𒅶	emeĝarx
U+12186	𒆆	zukura
U+12196	𒆖	
U+121A6	𒆦	KISAL, giparₓ, giparx, ĝiparx, ĝiparₓ, gešgiparx, kis
U+121B6	𒆶	ḪIRINX
U+121C6	𒇆	ganam5, dabx, šurum3
U+121D6	𒇖	AKKAN3, ellamkuš2
U+121E6	𒇦	ABLAL3, UMAḪ
U+121F6	𒇶	ARATTA
U+12107	𒄇	GIDIM, gidim2
U+12117	𒄗	SUḪ3, sah4
U+12127	𒄧	
U+12137	𒄷	ḪU, MUŠEN, U11, dalx, ḪUL2, bu3, pag, ka6, mucen
U+12147	𒅇	U3, KU₄, ù
U+12157	𒅗	hurx, DU11, DUG4, GA14, GIRI17, GU3, INIM, KA, KIR4, PI4, SU11, ŠUDX, ZU2, ZUḪ, šeg10, šeg11, e7, kiri3, giri17, i5, zug2, zug₂, kiši4, kag2, gur14, murum, saĝĝar2, saguš, šilig6, UŠ₂, SUD₂, šar2-šar2, šed15, šušu, ug7, unkin, mar6, zu2, pî, pī, ZÚ, kipar, enim
U+12167	𒅧	
U+12177	𒅷	
U+12187	𒆇	
U+12197	𒆗	SUN7, ALAD2, DAN, ESI, ĜURUŠ, KAL, KALAG, LAMMA, RIB, ZI8, nap, sig15, la6, sag8, silim2, ursub2, zurzub2, ḳal, lab, dannu
U+121A7	𒆧	KIŠ, kiššat, kis2, kiṣ
U+121B7	𒆷	LA, ŠIKA
U+121C7	𒇇	U8, ganam4
U+121D7	𒇗	bara9, irib2
U+121E7	𒇧	pul, BUL, BUR10, NINNA2, TUKU4, bul
U+121F7	𒇷	EN3, GUB2, LE, LI
U+12108	𒄈	GIR2, ĜIR2, ĝiri2, GÍR
U+12118	𒄘	GUN, GU2, gun2, tig
U+12128	𒄨	GURUŠ
U+12138	𒄸	ḪUB2, TU11, edu
U+12148	𒅈	AR
U+12158	𒅘	naĝ, nag, nak, NAG, NAĜ, kab2, immen2, naj, na₈, na8
U+12168	𒅨	
U+12178	𒅸	kana5
U+12188	𒆈	TUKUR3, uzug5
U+12198	𒆘	ALAD, sedi
U+121A8	𒆨	AB2, KISIM5, dih3, KISIM₅
U+121B8	𒆸	GUR4, LAGAB, NIGIN2, NIĜIN2, RIN, TUKUR, bul5, kilib, buru16, ellag, hab, kur4, kir3, lugud2, girim, gir8, ri3, kil
U+121C8	𒇈	ellamkuš3
U+121D8	𒇘	
U+121E8	𒇨	
U+121F8	𒇸	LIL, kurx
U+12109	𒄉	AD2, KIŠI17, kišig2, TAB2, ul4, GIR₂@g
U+12119	𒄙	DÚR, DUR, USANX
U+12129	𒄩	ha, ḪA, KU6, gir14, ha-X
U+12139	𒄹	
U+12149	𒅉	
U+12159	𒅙	
U+12169	𒅩	
U+12179	𒅹	
U+12189	𒆉	ENMEN, SI19, immen
U+12199	𒆙	KAL×KAL, lirum7
U+121A9	𒆩	
U+121B9	𒆹	suk, AMBAR, AŠTE2, AYA4, BUGIN, BUNIN, SUG, buniĝ, bunin, ellamkuš4, umun11, šaĝar
U+121C9	𒇉	AGARINX, AĜARINX, ENGUR, NAMMA, buniĝ3, bunin3, esir2b, esir₂, lagabxhal, i8, id3, zikum
U+121D9	𒇙	bara6
U+121E9	𒇩	umun12
U+121F9	𒇹	LIMMU2
U+1210A	𒄊	GÌR, GIR3, ĜIRI3, ĝir3, huš2, ir9, šub5, pil7, šēp, NER
U+1211A	𒄚	
U+1212A	𒄪	ZUBUD, ha@t@g
U+1213A	𒄺	
U+1214A	𒅊	AGAR4, IMMA3, SE12, SIG7, ŠEX, UGARX, UGUR2, si12, sag12, samag6, agar4, sa7
U+1215A	𒅚	
U+1216A	𒅪	ibira, tibira2
U+1217A	𒅺	murgu3
U+1218A	𒆊	
U+1219A	𒆚	KAM2
U+121AA	𒆪	qú, qu, qu2, DAB5, DURU2, KU, TUKUL, TUŠ, GU5, BU₇, BU7, bed3, be5, bid3, dib2, šed6, hux, suh5, ugu4, nu10, ḳu
U+121BA	𒆺	edakua2
U+121CA	𒇊	
U+121DA	𒇚	muššagana
U+121EA	𒇪	
U+121FA	𒇺	DILIM2, LIŠ, dili2, lis
U+1210B	𒄋	ALIM
U+1211B	𒄛	
U+1212B	𒄫	piš, pis, GIR, PE, ha@t@g, HA@g
U+1213B	𒄻	
U+1214B	𒅋	IL
U+1215B	𒅛	ibira2
U+1216B	𒅫	
U+1217B	𒅻	NUNDUM
U+1218B	𒆋	ugal
U+1219B	𒆛	KAM4
U+121AB	𒆫	
U+121BB	𒆻	AGAR3
U+121CB	𒇋	AGAR2, IMMAX, ŠARA2, bara7, zir3
U+121DB	𒇛	UDUB
U+121EB	𒇫	
U+121FB	𒇻	LU, LUG, NU12, UDU
U+1210C	𒄌	GIRI16, gir16, ĝiri16
U+1211C	𒄜	
U+1212C	𒄬	ḪAL, buru₈, buru8, bur₈, bur8, buluch, buluh
U+1213C	𒄼	
U+1214C	𒅌	
U+1215C	𒅜	UŠ11, uh4
U+1216C	𒅬	
U+1217C	𒅼	
U+1218C	𒆌	
U+1219C	𒆜	KAS, KÁS, KASKAL, eš8, bú, bu2, dana2, ul3, ir7, kaš2
U+121AC	𒆬	KU3, KUG
U+121BC	𒆼	ABLAL
U+121CC	𒇌	dilim3, ellamkuš, immindu, duruna2
U+121DC	𒇜	
U+121EC	𒇬	LAGAR
U+121FC	𒇼	AD3, ADDA2
U+1210D	𒄍	
U+1211D	𒄝	USAN2
U+1212D	𒄭	he, DUB3, DUG3, ḪI, da10, bir7, du10, DUB₂, sagkurini, ʾì, ʾi3, ûmi, xi
U+1213D	𒄽	hup, ḪUB, tu10
U+1214D	𒅍	IL2, gur₃, gur3, guru3, gaĝx, gagx, gaĝₓ, gagₓ, ga6, ĝa6, ÍL
U+1215D	𒅝	ŠEG11, šeg11, si18
U+1216D	𒅭	šilig7
U+1217D	𒅽	
U+1218D	𒆍	bab, kit, KÁN, KA2, KAN4
U+1219D	𒆝	ŠUBTU6
U+121AD	𒆭	KU4, kur9
U+121BD	𒆽	gala4, kala4
U+121CD	𒇍	
U+121DD	𒇝	
U+121ED	𒇭	SU7, SUR12
U+121FD	𒇽	LU2, lú
U+1210E	𒄎	
U+1211E	𒄞	EŠTUB, GU4, GUD, gar4, bahar, alpam
U+1212E	𒄮	sur, SUR3, kazaza, mul3, zinanutu, ziz3, mulₓ
U+1213E	𒄾	ḪUL2, gukkal, BIBRA, BIBRI, KUŠ8, UKUŠ2
U+1214E	𒅎	DID, EM, ENEGIR, IM, IŠKUR, KARKARA, TU15, TUM9, TUMU, muru3, mermer3, zigara, Adad
U+1215E	𒅞	
U+1216E	𒅮	BUN2, bul4, bul₄, bun2, kirix
U+1217E	𒅾	SU6, mangaga, sum4
U+1218E	𒆎	
U+1219E	𒆞	ŠUBTU7
U+121AE	𒆮	
U+121BE	𒆾	
U+121CE	𒇎	
U+121DE	𒇞	
U+121EE	𒇮	
U+121FE	𒇾	
U+1210F	𒄏	
U+1211F	𒄟	ildag2
U+1212F	𒄯	AR3, ARA3, ḪAR, ḪUR, MUR, UR5, kin2, KÍN, kinkin, kikken, huru, semir
U+1213F	𒄿	I
U+1214F	𒅏	kid7
U+1215F	𒅟	
U+1216F	𒅯	
U+1217F	𒅿	mu11
U+1218F	𒆏	GÚB, GÁB, kap, KAB, GUB2, GAB2
U+1219F	𒆟	hir, KEŠ2, GIR₁₁, GIR11, kirid, keše2
U+121AF	𒆯	KU7, dabašin
U+121BF	𒆿	
U+121CF	𒇏	gala5
U+121DF	𒇟	šuš5
U+121EF	𒇯	DU6, dul6, tag4
U+121FF	𒇿	AD6, ADDA
U+12200	𒈀	LU₂×EŠ₂
U+12210	𒈐	AZLAG7, dubal7
U+12220	𒈠	va, MA, PEŠ3, mal
U+12230	𒈰	MUNSUB, MUNŠUB, SUMUR3, sub5
U+12240	𒉀	NAGA, NAĜA, hilib2, teme, teme2, nisaba2
U+12250	𒉐	TUM3
U+12260	𒉠	qabal, MURU2, MURUB4, NISAG, saĝ5, múru
U+12270	𒉰	
U+12280	𒊀	
U+12290	𒊐	rap, ráp, RAB, RáB, raba
U+122A0	𒊠	dilib3
U+122B0	𒊰	bir6, habruda3
U+122C0	𒋀	SIS, ŠEŠ, mun4, sas, ses, muš5, ŠIŠ, aḥu, aḫu
U+122D0	𒋐	nug
U+122E0	𒋠	SIG2, SIK2, SIKI, SÍG
U+122F0	𒋰	tap, TAB, dab2, min6
U+12201	𒈁	er13
U+12211	𒈑	lil8
U+12221	𒈡	
U+12231	𒈱	EGIR6, EĜIR6, MURGU2, MUR7
U+12241	𒉁	
U+12251	𒉑	
U+12261	𒉡	NU, sir5, ul2, nuna, na3
U+12271	𒉱	
U+12281	𒊁	
U+12291	𒊑	tal, dal, DAL, RE, RI, TAL, degₓ, degx, di5
U+122A1	𒊡	
U+122B1	𒊱	
U+122C1	𒋁	ADKINX, ŠEŠ2, še8
U+122D1	𒋑	šemešal
U+122E1	𒋡	QA, SAL4, SILA3, ḲA
U+122F1	𒋱	
U+12202	𒈂	heš5
U+12212	𒈒	
U+12222	𒈢	ḪASḪUR, hašhur
U+12232	𒈲	MUŠ, girₓ, girx, šahan2, šer10
U+12242	𒉂	
U+12262	𒉢	NU11, duri, pil6, ĝešnu
U+12272	𒉲	
U+12282	𒊂	
U+12292	𒊒	RU, ŠUB, illar, sid
U+122A2	𒊢	
U+122B2	𒊲	ninim
U+122C2	𒋂	ŠEŠLAM
U+122D2	𒋒	ŠINIG
U+122E2	𒋢	ssu, KUŠ, SU, sug6, e6
U+122F2	𒋲	
U+12203	𒈃	kama5
U+12213	𒈓	ADAMIN, GIGAM, inbir
U+12223	𒈣	MA2, má
U+12233	𒈳	
U+12243	𒉃	dalhamun7, hamun
U+12253	𒉓	
U+12263	𒉣	AB, NUN, ZIL, eridu, nuĝx
U+12273	𒉳	
U+12283	𒊃	
U+12293	𒊓	SA
U+122A3	𒊣	muh3
U+122B3	𒊳	bir9
U+122C3	𒋃	lak, sit, zit, rit, AKA3, LAG, ŠID, ŠUDUM, UMBISAĜ, AG3, AG₃, AĜ3, AĜ₃, bisag2, bisaĝ2, bisan2, dim12, dilib, saĝĝa, kid4, nesaĝ2, tu14, tuba3, uttu2, zandara, šub6, silaĝ
U+122D3	𒋓	sir, ŠIR
U+122E3	𒋣	
U+122F3	𒋳	suv, SUB6, ŠUM, TAG, TIBIR, TUKU5, ZIL2, guruš4, šerim, šuš4, tak2
U+12204	𒈄	
U+12214	𒈔	
U+12224	𒈤	MAḪ, šutur
U+12234	𒈴	
U+12244	𒉄	ALLA, NAGAR
U+12254	𒉔	
U+12264	𒉤	
U+12274	𒉴	LAḪTAN
U+12284	𒊄	
U+12294	𒊔	sag@n, kiši4
U+122A4	𒊤	lib5
U+122B4	𒊴	PEŠ13, peš11
U+122C4	𒋄	ALAL, PISAĜ3, UMBISAĜ2, bisag3, bisaĝ3, bisan3, hubhub, mezem?
U+122D4	𒋔	
U+122E4	𒋤	SU3, SUD, SUG4, sir4
U+122F4	𒋴	
U+12205	𒈅	
U+12215	𒈕	ADX, RIN₅, RIN5
U+12225	𒈥	MAR
U+12235	𒈵	
U+12255	𒉕	
U+12265	𒉥	IMMAL, uš6, šallam2, šilam2
U+12275	𒉵	lahtan4
U+12285	𒊅	
U+12295	𒊕	sak, saki, ris, riš, Rash, Ras, Raš, ráš, DUL7, SA12, SAG, SAĜ, ŠAK, šeg10, šeg11, gud2, zug2, zug₂, KEŠ₂, SAǦ, saj
U+122A5	𒊥	gud2
U+122B5	𒊵	bir9b, habruda4
U+122C5	𒋅	hubhub2
U+122D5	𒋕	
U+122E5	𒋥	rad, rat, SUD2, ŠITA3
U+122F5	𒋵	silig4, tibir5
U+12206	𒈆	dubal4
U+12216	𒈖	GAR5, GUG2, LU3
U+12226	𒈦	vas, mas, MAŠ, ba7, sa9, zipah, ½
U+12236	𒈶	ERINX, RI8
U+12246	𒉆	BIR5, NAM, SIM, SIN2, SÍN
U+12256	𒉖	
U+12266	𒉦	ARḪUŠ2, immal2, uš5, šilam
U+12276	𒉶	LAḪTAN2
U+12286	𒊆	
U+12296	𒊖	kabx
U+122A6	𒊦	dilib5
U+122B6	𒊶	BIR6
U+122C6	𒋆	šim, šem, ŠIM, bappir2, epirx, ebirx, ir7, mud5, šembizi, sah7, šîm
U+122D6	𒋖	ŠITA, lidda
U+122E6	𒋦	SUḪUR, SUMUR2, ubi2
U+122F6	𒋶	
U+12207	𒈇	
U+12217	𒈗	sar, LUGAL, lillan, saĝ4, šar3, SUNKI, sarru
U+12227	𒈧	máš, MAŠ2, lalâm
U+12237	𒈷	ERINA8
U+12247	𒉇	NAM2
U+12257	𒉗	
U+12267	𒉧	
U+12277	𒉷	
U+12287	𒊇	
U+12297	𒊗	
U+122A7	𒊧	
U+122B7	𒊷	ĜIŠNIMBAR, SA6, SAG9, ŠA6, hud4
U+122C7	𒋇	bappir, lunga2
U+122D7	𒋗	SHU, šu, qat, ŠU
U+122E7	𒋧	SE3, SIG10, SUM, ŠUM2, zar3
U+122F7	𒋷	tibir2
U+12208	𒈈	gurud, dubal6
U+12218	𒈘	ADAMIN2
U+12228	𒈨	sip, šib, BA13, IŠIB, ME, MEN2, mi3, me8, ma6
U+12238	𒈸	
U+12248	𒉈	BÍ, BAR7, BE7, BI2, BIL, DE3, DU17, GIBIL4, GIR10, IZI, KUM2, LAM2, LEM4, LI9, NE, NI5, PEL, PIL, SAḪARX, ŠARX, ŠEĜ6, ZAḪ, bIL, du17, didalx, ibbi2, ibbix, kum2, lim4, esse
U+12258	𒉘	ÁG, AG2, AĜ2, EĜ3, EM3, IĜ3, eg3
U+12268	𒉨	
U+12278	𒉸	mut
U+12288	𒊈	
U+12298	𒊘	uru10, urum3
U+122A8	𒊨	DUL3, KUŠ2, KUŠU4, SUMUR, SUR2, šur2
U+122B8	𒊸	ŠAB6
U+122C8	𒋈	
U+122D8	𒋘	
U+122E8	𒋨	SUMAŠ
U+122F8	𒋸	UTTU, tibir₄, silig3, tibir4
U+12209	𒈉	
U+12219	𒈙	GUG5
U+12229	𒈩	sit, MES, RID, kišib
U+12239	𒈹	dinana, MÙŠ, INANA, INANNA, INNIN, MUŠ3, mim2, sed6, sukuš, zanaru, šuba4, suh10, Nanâ, sukux
U+12249	𒉉	eš13, enten
U+12259	𒉙	
U+12269	𒉩	AGARGARA
U+12279	𒉹	lahtan3
U+12289	𒊉	
U+12299	𒊙	hulum, hulumx
U+122A9	𒊩	šal, RAK, RÁK, GAL4, MI2, MUNUS, SAL, mug2, rag, min2
U+122B9	𒊹	ŠAR2
U+122C9	𒋉	šembulug5
U+122D9	𒋙	šú, ŠU2, ŠUŠ2, su2
U+122E9	𒋩	šur, SUR, ša2
U+122F9	𒋹	silig2, tibir3
U+1220A	𒈊	ešlug, hara3, dinig3, tešlug
U+1221A	𒈚	dim3, ddim3
U+1222A	𒈪	ûmi, GE6, GI6, GIG2, GIGGI, ĜI6, MI, ME2, ku10, kukku5
U+1223A	𒈺	
U+1224A	𒉊	emeš2, eš12
U+1225A	𒉚	SA10, sam2
U+1226A	𒉪	NIR, ŠER7, urgilim, šid3
U+1227A	𒉺	P, ĜIDRU, PA, SAG3, SIG3, UGULA, kun2, lu9, luĝ2, mu6, sullat2
U+1228A	𒊊	PIRIG, PIRIĜ, ne3, nisku, ug2
U+1229A	𒊚	
U+122AA	𒊪	
U+122BA	𒊺	SHE, ŠE, AŠNAN, NIGA, u20, šeʾam, šeʾum
U+122CA	𒋊	nug2
U+122DA	𒋚	SAH, šah, ŠUBUR, sha2, subur, SAH2, SACH, sašh
U+122EA	𒋪	SUR9, surru
U+122FA	𒋺	takax, KID2, TAK4, azad2, tag4, taka4, kid2, da13
U+1220B	𒈋	
U+1221B	𒈛	ḪULUḪ, LUḪ, SUKKAL, subur2, sukal
U+1222B	𒈫	z, MÍN, MIN, banmin
U+1223B	𒈻	SED
U+1224B	𒉋	BIL2, GIBIL, PEL2, bir9, bar7, bíL, bil2, pil2
U+1225B	𒉛	ŠAM2, ŠÁM
U+1226B	𒉫	ADAMIN4, eribura, NUN%NUN, lirum6
U+1227B	𒉻	PAD, ŠUK, kurum6, šukur2, šutug
U+1228B	𒊋	
U+1229B	𒊛	
U+122AB	𒊫	SANGA2, saĝa2
U+122BB	𒊻	US, BAZBAZX, UZ, še-X-X
U+122CB	𒋋	BAPPIR, LUNGA3, ŠINX, siraš3
U+122DB	𒋛	ẓi, zzi, SI, SIG9, si8, si-sa2, qur
U+122EB	𒋫	t, DA2, TA
U+122FB	𒋻	qud, qut, kut, šil, ḪAŠ, KU5, KUD, SILA, TAR, ṣuqi, suqi, ssuqi, haš  𒋻, kuksu, kur5, suq
U+1220C	𒈌	
U+1221C	𒈜	pah, KA5, LIB, LUB, LUL, NAR, LU5, LU₅, kušum2, še11, sulug, šatam, lab2, lup
U+1222C	𒈬	ĜU10, MU, muhaldim, suh7, šattim
U+1223C	𒈼	
U+1224C	𒉌	BE3, DIG, I3, IA3, LE2, LI2, LID2, NE2, NI, SUŠ2, ZAL, ZAR2, gamar, gur13, mu5, sal3, sul2, zaĝa, lí, Ì, ṣal, pè
U+1225C	𒉜	
U+1226C	𒉬	
U+1227C	𒉼	PAN, pana, tir5
U+1228C	𒊌	UK, PIRIĜ3, UG, UQ, pirig3, uḳ
U+1229C	𒊜	hulum2
U+122AC	𒊬	SHAR, KIRI6, MU2, SAR, ŠAR, sakar, sigx, mud6, nisig, sahar2, šar, šarrum
U+122BC	𒊼	
U+122CC	𒋌	šembulug3
U+122DC	𒋜	SA11, SU4, gunux
U+122EC	𒋬	
U+122FC	𒋼	GAL5, TE, GALLAx, GALLAₓ, teĝ3, mul2, temen, ten, ṭe4, mulₓ, tej3, teg̃₃
U+1220D	𒈍	
U+1221D	𒈝	EGIR5, EĜIR5, ḪUM, LUM, NUM2, GUM2, GUN5, guz, huz, kuĝx, num2, g̃ar8
U+1222D	𒈭	táh, DAḪ, TAḪ
U+1223D	𒈽	MUŠ2, SUSBU2
U+1224D	𒉍	
U+1225D	𒉝	
U+1226D	𒉭	NUNUZ, nus
U+1227D	𒉽	KUR2, PAB, PAP, bur₈  𒉽, bur8  𒉽, pa4
U+1228D	𒊍	aṣ, AS, AZ
U+1229D	𒊝	kana3
U+122AD	𒊭	ARA, EN8, ŠA, sa2-di
U+122BD	𒊽	garadin3
U+122CD	𒋍	ŠEMBI
U+122DD	𒋝	siq, sig, SI11, SIG, SIK, epig
U+122ED	𒋭	LAL3
U+122FD	𒋽	GUR8, URU5, ru10, uru5
U+1220E	𒈎	
U+1221E	𒈞	
U+1222E	𒈮	MUQ, MUG
U+1223E	𒈾	NA, mahra
U+1224E	𒉎	NI2
U+1225E	𒉞	
U+1226E	𒉮	USAN3
U+1227E	𒉾	PEŠ2, gilim2, kilim, kišib2, kiši5
U+1228E	𒊎	TIDNIM, TIDNUM
U+1229E	𒊞	dilib4
U+122AE	𒊮	šà, ŠA3, ŠAG4, ŠALAMBI, bir7
U+122BE	𒊾	KIŠI6, ŠEG9, kiši6
U+122CE	𒋎	ŠEMBULUGX
U+122DE	𒋞	GAR8, MURGU, SIG4, šeg12, libit, gar₈, ĝar8
U+122EE	𒋮	
U+122FE	𒋾	TI, TIL3, teĝ4, di3, ṭi, ṭì, ṭi3, ti3, tiĝ4
U+1220F	𒈏	
U+1221F	𒈟	LUGUD3
U+1222F	𒈯	ZADIM
U+1223F	𒈿	NA2, NU2, NUD
U+1224F	𒉏	NIM, NUM, GIR₂, tum4, num, niv
U+1225F	𒉟	suhuš2
U+1226F	𒉯	MUD3, pihu2
U+1227F	𒉿	PI, TAL2, WA, WE, WI, be6, wu, w, pe2, me8
U+1229F	𒊟	dilib6
U+122AF	𒊯	PEŠ4, iškila, sur4
U+122BF	𒊿	zin, DUR10, PISAN3, ŠEN, ŠIN
U+122CF	𒋏	
U+122DF	𒋟	SIG5, SHU3, se11
U+122EF	𒋯	gansis
U+122FF	𒋿	tibnu
U+12300	𒌀	mit, TIL, šumun
U+12310	𒌐	BARGI, MAŠGI
U+12320	𒌠	samag2
U+12330	𒌰	
U+12340	𒍀	GUR5, GURU5, GURUŠ3, ŠAKIR, ŠEGX, BUR₂, ušu, ušum, bulug2
U+12350	𒍐	
U+12360	𒍠	ZA3, ZAG, ZAK, en7
U+12370	𒍰	
U+12380	𒎀	
U+12390	𒎐	NIN9
U+12301	𒌁	EZINA3, TER, TIR, gamun2, TUR2, kisti
U+12311	𒌑	sam, ú, KUŠ3, U2, tešbi, HUB₂
U+12321	𒌡	samag3
U+12331	𒌱	
U+12341	𒍁	
U+12351	𒍑	US2, NITA, UŠ, unu8, ĝeš3, ṣâbê, ús, NET, NED, NIT, NID, išid, ussi
U+12361	𒍡	ZAMX
U+12371	𒍱	
U+12381	𒎁	
U+12391	𒎑	
U+12302	𒌂	
U+12312	𒌒	UP, UB, ob
U+12322	𒌢	UMBIN
U+12332	𒌲	
U+12342	𒍂	SILIG, banšurₓ, banšurx, šilig
U+12352	𒍒	kaš3
U+12362	𒍢	zeh, zze, ẓi, zzi, ṣe, sse, ZI2, ZÍ, ṣi, ZE2, se4, ZÉ
U+12372	𒍲	
U+12382	𒎂	
U+12392	𒎒	
U+12303	𒌃	NINNI5
U+12313	𒌓	utu, tam, A12, AḪ3, BABBAR, ḪAD2, ḪUD2, PIRIĜ2, U4, UD, UT, dag2, par2, da10, bir7, haš3, dutu, ud@s, bir2, kum4, la7, pirig2, ra3, siki2, ŠU₂, ul6, šarag, bar4, pár, Uṭ, Šamâs, Šamaš, û, lah3, tu4
U+12323	𒌣	SIMUG, UMUM, UMUN2, dim6
U+12333	𒌳	
U+12343	𒍃	
U+12353	𒍓	
U+12363	𒍣	ZI, SE2, SI2, ṢI2, ZE, ZID, ZIG3, SÍ
U+12373	𒍳	
U+12383	𒎃	
U+12393	𒎓	
U+12304	𒌄	
U+12314	𒌔	AḪ6, UḪ2
U+12324	𒌤	ABZUX, DE2, da9, dim6, dè
U+12334	𒌴	UR4, gur₁₅, gur15
U+12344	𒍄	
U+12354	𒍔	
U+12364	𒍤	zi&amp;zi
U+12374	𒍴	DAG3
U+12384	𒎄	
U+12394	𒎔	
U+12305	𒌅	TÚ, DU2, TU, TUD, TUM12, huduš, tur5
U+12315	𒌕	
U+12325	𒌥	
U+12335	𒌵	URI, tilla
U+12345	𒍅	
U+12355	𒍕	dan6
U+12365	𒍥	zid2, ZI3, ŠA₃, HUL₂
U+12375	𒍵	
U+12385	𒎅	
U+12395	𒎕	PÍR, PIR2
U+12306	𒌆	TUBAX, TUG2, azlag2, DUL5, i6, tu2, mur10, uru12, tuku2, umuš, ṭú
U+12316	𒌖	ITIMA2, itima2, utima2
U+12326	𒌦	KALAM, UĜ3, UKU3, UN, mât, mâtim, uj3, ug̃₃
U+12336	𒌶	URI3, URIN, URU3
U+12346	𒍆	
U+12356	𒍖	UŠX
U+12366	𒍦	ZIB, kad6, KAD8
U+12376	𒍶	
U+12386	𒎆	
U+12396	𒎖	
U+12307	𒌇	DU12, TUG, TUK, TUKU, tuc
U+12317	𒌗	ITID, iti, itid, itud, ITU
U+12327	𒌧	
U+12347	𒍇	ĜIŠGAL, U18, ULU3, URU17, gišgal, gisgal, lu7
U+12357	𒍗	GURUN, UŠ2
U+12367	𒍧	
U+12377	𒍷	
U+12387	𒎇	
U+12397	𒎗	TI2
U+12308	𒌈	dum, ÍB, ÍP, IB2, TUM, egir₄, egir4
U+12318	𒌘	
U+12328	𒌨	liq, lik, taš, teš, HU, UR, dul9, lu6, šuzi, teš2, tas
U+12338	𒌸	ARX, uru18
U+12348	𒍈	
U+12358	𒍘	UŠUMX, dun5, du9
U+12368	𒍨	ḪAŠ2, ZIB2, ZIG, ZIK, zibba, ziq
U+12378	𒍸	
U+12388	𒎈	
U+12398	𒎘	eme1
U+12309	𒌉	DUMU, BAN3, BANDA3, DI4, TUR, peš7, ṭur, mâr
U+12319	𒌙	murx, MURₓ, murub6
U+12329	𒌩	UR%UR, UR×UR, lirum8, urbigu
U+12339	𒌹	
U+12349	𒍉	
U+12359	𒍙	UTUKI
U+12369	𒍩	ZIZ2
U+12379	𒍹	GA2×AN+KAK+A
U+12389	𒎉	ADX
U+12399	𒎙	nis, MAN, niš, puzur2, tab4
U+1230A	𒌊	
U+1231A	𒌚	ITI, ud@s
U+1232A	𒌪	dul9
U+1233A	𒌺	UKKIN, UNKEN, kin5
U+1234A	𒍊	
U+1235A	𒍚	UD5, UZ3, uzud
U+1236A	𒍪	ZU3, sú, ṣú
U+1237A	𒍺	GA2×AŠ2
U+1238A	𒎊	
U+1230B	𒌋	U1, V, BUR3, ŠU4, U, GE₁₄, GE14, giguru, šil3, buru3, 10
U+1231B	𒌛	
U+1232B	𒌫	ÚR, UR2, uru8
U+1233B	𒌻	
U+1234B	𒍋	ŠEG5
U+1235B	𒍛	
U+1236B	𒍫	ZU5
U+1237B	𒍻	ge24, santak2, ulil
U+1238B	𒎋	
U+1230C	𒌌	DU7, UL, mul4, ŠAR₂, ullu
U+1231C	𒌜	UDUG, šedu2
U+1232C	𒌬	
U+1233C	𒌼	šakir3, šakira3
U+1234C	𒍌	
U+1235C	𒍜	UZU
U+1236C	𒍬	AZU, ušbar2, uzu2
U+1237C	𒍼	GI17, GIG, SIMX
U+1238C	𒎌	mes, mis, MEŠ, i4
U+1230D	𒌍	ES2, EŠ, ba3, ušu3
U+1231D	𒌝	UM, tehi2, dih2, MUS
U+1232D	𒌭	
U+1233D	𒌽	ARALIX
U+1234D	𒍍	erim6, uru2
U+1235D	𒍝	ṢA2, ZA, SA3, zagga2, SÀ
U+1236D	𒍭	ZUBUR
U+1237D	𒍽	LAK, ḪUŠ(LAK240)
U+1238D	𒎍	
U+1230E	𒌎	
U+1231E	𒌞	emeda3
U+1232E	𒌮	
U+1233E	𒌾	uru11, urutamga
U+1234E	𒍎	BANŠUR, banšur2, banšur
U+1235E	𒍞	AD4, AS4
U+1236E	𒍮	zu, ZUM, ẓu, ṣu, ssu2, ḪAŠ4, RIG2, SUM2, zu3, SÚM, zu6, żu
U+1237E	𒍾	
U+1238E	𒎎	NA4, ia4
U+1230F	𒌏	GARADIN9
U+1231F	𒌟	emeda3
U+1232F	𒌯	erin9, erim7, eren8, UR2×ḪA
U+1233F	𒌿	ERIM3, erim3
U+1234F	𒍏	DAB6, URUD, URUDA, URUDU, minbulug, šen2, tu3, da5
U+1235F	𒍟	
U+1236F	𒍯	
U+1237F	𒍿	
U+1238F	𒎏	NIN, e5, egir3, egi2, ereš
U+12480	𒒀	
U+12481	𒒁	
U+12482	𒒂	
U+12483	𒒃	
U+12484	𒒄	
U+12485	𒒅	
U+12486	𒒆	
U+12487	𒒇	
U+12488	𒒈	
U+12489	𒒉	
U+1248A	𒒊	
U+1248B	𒒋	
U+1248C	𒒌	
U+1248D	𒒍	
U+1248E	𒒎	
U+1248F	𒒏	
U+12490	𒒐	
U+12491	𒒑	
U+12492	𒒒	
U+12493	𒒓	
U+12494	𒒔	
U+12495	𒒕	
U+12496	𒒖	
U+12497	𒒗	
U+12498	𒒘	
U+12499	𒒙	
U+1249A	𒒚	
U+1249B	𒒛	
U+1249C	𒒜	
U+1249D	𒒝	
U+1249E	𒒞	DUG×LAK-020, DUG×LAK020
U+1249F	𒒟	
U+124A0	𒒠	
U+124A1	𒒡	
U+124A2	𒒢	
U+124A3	𒒣	
U+124A4	𒒤	
U+124A5	𒒥	
U+124A6	𒒦	
U+124A7	𒒧	
U+124A8	𒒨	
U+124A9	𒒩	
U+124AA	𒒪	
U+124AB	𒒫	
U+124AC	𒒬	
U+124AD	𒒭	
U+124AE	𒒮	
U+124AF	𒒯	
U+124B0	𒒰	
U+124B1	𒒱	
U+124B2	𒒲	
U+124B3	𒒳	
U+124B4	𒒴	
U+124B5	𒒵	
U+124B6	𒒶	
U+124B7	𒒷	
U+124B8	𒒸	
U+124B9	𒒹	
U+124BA	𒒺	
U+124BB	𒒻	
U+124BC	𒒼	
U+124BD	𒒽	
U+124BE	𒒾	
U+124BF	𒒿	
U+124C0	𒓀	
U+124C1	𒓁	
U+124C2	𒓂	
U+124C3	𒓃	
U+124C4	𒓄	
U+124C5	𒓅	
U+124C6	𒓆	
U+124C7	𒓇	
U+124C8	𒓈	
U+124C9	𒓉	
U+124CA	𒓊	
U+124CB	𒓋	
U+124CC	𒓌	
U+124CD	𒓍	
U+124CE	𒓎	
U+124CF	𒓏	
U+124D0	𒓐	
U+124D1	𒓑	
U+124D2	𒓒	
U+124D3	𒓓	
U+124D4	𒓔	
U+124D5	𒓕	LAK-003, LAK003
U+124D6	𒓖	LAK-021, LAK021
U+124D7	𒓗	LAK-025, LAK025
U+124D8	𒓘	LAK-030, LAK030
U+124D9	𒓙	LAK-050, LAK050
U+124DA	𒓚	LAK-051, LAK051
U+124DB	𒓛	LAK-062, LAK062
U+124DC	𒓜	LAK-079×LAK-079 GUNU, LAK079×LAK079 GUNU
U+124DD	𒓝	LAK-080, LAK080
U+124DE	𒓞	LAK-081×LAK-081, LAK081×LAK081
U+124DF	𒓟	LAK-092, LAK092
U+124E0	𒓠	LAK-130, LAK130
U+124E1	𒓡	LAK-142, LAK142
U+124E2	𒓢	LAK-210, LAK210
U+124E3	𒓣	LAK-219, LAK219
U+124E4	𒓤	LAK-220, LAK220
U+124E5	𒓥	LAK-225, LAK225
U+124E6	𒓦	LAK-228, LAK228
U+124E7	𒓧	LAK-238, LAK238
U+124E8	𒓨	LAK-265, LAK265
U+124E9	𒓩	LAK-266, LAK266
U+124EA	𒓪	LAK-343, LAK343
U+124EB	𒓫	LAK-347, LAK347
U+124EC	𒓬	LAK-348, LAK348
U+124ED	𒓭	LAK-383, LAK383
U+124EE	𒓮	LAK-384, LAK384
U+124EF	𒓯	LAK-390, LAK390
U+124F0	𒓰	LAK-441, LAK441
U+124F1	𒓱	LAK-449, LAK449
U+124F2	𒓲	LAK-449×GU, LAK449×GU
U+124F3	𒓳	LAK-449×IGI, LAK449×IGI
U+124F4	𒓴	LAK-449×PAP×LU3, LAK449×PAP×LU3
U+124F5	𒓵	LAK-449×PAP×PAP×LU3, LAK449×PAP×PAP×LU3
U+124F6	𒓶	LAK-449×U2×BA, LAK449×U2×BA
U+124F7	𒓷	LAK-450, LAK450
U+124F8	𒓸	LAK-457, LAK457
U+124F9	𒓹	LAK-470, LAK470
U+124FA	𒓺	LAK-483, LAK483
U+124FB	𒓻	LAK-490, LAK490
U+124FC	𒓼	LAK-492, LAK492
U+124FD	𒓽	LAK-493, LAK493
U+124FE	𒓾	LAK-495, LAK495
U+124FF	𒓿	LAK-550, LAK550
U+12500	𒔀	LAK-608, LAK608
U+12501	𒔁	LAK-617, LAK617
U+12502	𒔂	LAK-617×ASH, LAK617×ASH
U+12503	𒔃	LAK-617×BAD, LAK617×BAD
U+12504	𒔄	LAK-617×DUN3 GUNU GUNU, LAK617×DUN3 GUNU GUNU
U+12505	𒔅	LAK-617×KU3, LAK617×KU3
U+12506	𒔆	LAK-617×LA, LAK617×LA
U+12507	𒔇	LAK-617×TAR, LAK617×TAR
U+12508	𒔈	LAK-617×TE, LAK617×TE
U+12509	𒔉	LAK-617×U2, LAK617×U2
U+1250A	𒔊	LAK-617×UD, LAK617×UD
U+1250B	𒔋	LAK-617×URUDA, LAK617×URUDA
U+1250C	𒔌	LAK-636, LAK636
U+1250D	𒔍	LAK-648, LAK648
U+1250E	𒔎	LAK-648×DUB, LAK648×DUB
U+1250F	𒔏	LAK-648×GA, LAK648×GA
U+12510	𒔐	LAK-648×IGI, LAK648×IGI
U+12511	𒔑	LAK-648×IGI GUNU, LAK648×IGI GUNU
U+12512	𒔒	LAK-648×NI, LAK648×NI, šakir2
U+12513	𒔓	LAK-648×PAP×PAP×LU3, LAK648×PAP×PAP×LU3
U+12514	𒔔	LAK-648×SHESH×KI, LAK648×SHESH×KI
U+12515	𒔕	LAK-648×UD, LAK648×UD
U+12516	𒔖	LAK-648×URUDA, LAK648×URUDA
U+12517	𒔗	LAK-724, LAK724
U+12518	𒔘	LAK-749, LAK749
U+12519	𒔙	
U+1251A	𒔚	
U+1251B	𒔛	
U+1251C	𒔜	
U+1251D	𒔝	
U+1251E	𒔞	
U+1251F	𒔟	
U+12520	𒔠	
U+12521	𒔡	
U+12522	𒔢	
U+12523	𒔣	
U+12524	𒔤	
U+12525	𒔥	
U+12526	𒔦	
U+12527	𒔧	NINDA2×LAK-050, NINDA2×LAK050
U+12528	𒔨	
U+12529	𒔩	
U+1252A	𒔪	
U+1252B	𒔫	
U+1252C	𒔬	
U+1252D	𒔭	
U+1252E	𒔮	
U+1252F	𒔯	
U+12530	𒔰	
U+12531	𒔱	
U+12532	𒔲	
U+12533	𒔳	
U+12534	𒔴	
U+12535	𒔵	
U+12536	𒔶	
U+12537	𒔷	
U+12538	𒔸	
U+12539	𒔹	
U+1253A	𒔺	
U+1253B	𒔻	
U+1253C	𒔼	
U+1253D	𒔽	
U+1253E	𒔾	
U+1253F	𒔿	URU×LAK-668, URU×LAK668
U+12540	𒕀	
U+12541	𒕁	
U+12542	𒕂	
U+12543	𒕃	
